arc_id,frequency,power
DEMO-G01-1C-0001,5.2550354685707275,683.2230589691404
DEMO-G01-1C-0001,5.293543300533874,664.700179661395
DEMO-G01-1C-0001,5.33205113249702,645.0394018691374
DEMO-G01-1C-0001,5.370558964460167,624.3610250380683
DEMO-G01-1C-0001,5.409066796423313,602.7873462137558
DEMO-G01-1C-0001,5.44757462838646,580.4412313184455
DEMO-G01-1C-0001,5.486082460349606,557.4448336324598
DEMO-G01-1C-0001,5.5245902923127534,533.918473952609
DEMO-G01-1C-0001,5.5630981242759,509.9796897165988
DEMO-G01-1C-0001,5.601605956239046,485.74245401851124
DEMO-G01-1C-0001,5.640113788202193,461.31656006435713
DEMO-G01-1C-0001,5.678621620165339,436.8071623056307
DEMO-G01-1C-0001,5.717129452128486,412.3144622432204
DEMO-G01-1C-0001,5.755637284091632,387.93352465412653
DEMO-G01-1C-0001,5.7941451160547786,363.7542086566194
DEMO-G01-1C-0001,5.832652948017925,339.8611974666509
DEMO-G01-1C-0001,5.871160779981071,316.3341107681358
DEMO-G01-1C-0001,5.909668611944218,293.24768417989634
DEMO-G01-1C-0001,5.948176443907364,270.67200121784833
DEMO-G01-1C-0001,5.986684275870511,248.67276430122428
DEMO-G01-1C-0001,6.025192107833657,227.31159263159137
DEMO-G01-1C-0001,6.0636999397968045,206.6463360969659
DEMO-G01-1C-0001,6.102207771759951,186.73139565228945
DEMO-G01-1C-0001,6.140715603723097,167.61804185133732
DEMO-G01-1C-0001,6.179223435686244,149.35472431869053
DEMO-G01-1C-0001,6.21773126764939,131.98736593267057
DEMO-G01-1C-0001,6.256239099612537,115.5596363319227
DEMO-G01-1C-0001,6.294746931575683,100.11320006026114
DEMO-G01-1C-0001,6.33325476353883,85.68793523528757
DEMO-G01-1C-0001,6.371762595501976,72.32211908133738
DEMO-G01-1C-0001,6.4102704274651225,60.052577026555745
DEMO-G01-1C-0001,6.44877825942827,48.91479235093162
DEMO-G01-1C-0001,6.487286091391416,38.94297361278033
DEMO-G01-1C-0001,6.525793923354563,30.17007730249757
DEMO-G01-1C-0001,6.564301755317709,22.627783401707582
DEMO-G01-1C-0001,6.602809587280856,16.346421789806836
DEMO-G01-1C-0001,6.641317419244002,11.35484776375812
DEMO-G01-1C-0001,6.6798252512071485,7.680265344166855
DEMO-G01-1C-0001,6.718333083170295,5.347997552125627
DEMO-G01-1C-0001,6.756840915133441,4.381203475036599
DEMO-G01-1C-0001,6.795348747096588,4.800542710170086
DEMO-G01-1C-0001,6.833856579059734,6.6237886926255625
DEMO-G01-1C-0001,6.872364411022881,9.8653934855113
DEMO-G01-1C-0001,6.910872242986027,14.536007834823105
DEMO-G01-1C-0001,6.949380074949174,20.641961663345175
DEMO-G01-1C-0001,6.98788790691232,28.184711682681012
DEMO-G01-1C-0001,7.0263957388754665,37.16026441673222
DEMO-G01-1C-0001,7.064903570838614,47.55858461941135
DEMO-G01-1C-0001,7.10341140280176,59.36300078805067
DEMO-G01-1C-0001,7.141919234764907,72.54962116308855
DEMO-G01-1C-0001,7.180427066728053,87.08677519248752
DEMO-G01-1C-0001,7.2189348986912,102.93449684209355
DEMO-G01-1C-0001,7.257442730654346,120.04406725656213
DEMO-G01-1C-0001,7.2959505626174925,138.35763501828902
DEMO-G01-1C-0001,7.334458394580639,157.80793251035092
DEMO-G01-1C-0001,7.372966226543786,178.31810656416414
DEMO-G01-1C-0001,7.411474058506933,199.80168057505256
DEMO-G01-1C-0001,7.449981890470079,222.16266353093798
DEMO-G01-1C-0001,7.488489722433226,245.29581888129368
DEMO-G01-1C-0001,7.526997554396372,269.08710287301875
DEMO-G01-1C-0001,7.5655053863595185,293.4142779387539
DEMO-G01-1C-0001,7.604013218322665,318.1477020325957
DEMO-G01-1C-0001,7.642521050285811,343.1512896096251
DEMO-G01-1C-0001,7.681028882248958,368.2836344293435
DEMO-G01-1C-0001,7.719536714212104,393.3992787603729
DEMO-G01-1C-0001,7.758044546175251,418.35010813610165
DEMO-G01-1C-0001,7.796552378138397,442.9868458347698
DEMO-G01-1C-0001,7.835060210101544,467.16061700551705
DEMO-G01-1C-0001,7.87356804206469,490.7245490835082
DEMO-G01-1C-0001,7.9120758740278365,513.5353730387282
DEMO-G01-1C-0001,7.950583705990983,535.4549892305253
DEMO-G01-1C-0001,7.989091537954129,556.3519622658316
DEMO-G01-1C-0001,8.027599369917276,576.1029112747998
DEMO-G01-1C-0001,8.066107201880422,594.5937653324191
DEMO-G01-1C-0001,8.104615033843569,611.7208582018013
DEMO-G01-1C-0001,8.143122865806717,627.3918419229747
DEMO-G01-1C-0001,8.181630697769862,641.5264047426073
DEMO-G01-1C-0001,8.22013852973301,654.0567851707956
DEMO-G01-1C-0001,8.258646361696155,664.9280802528574
DEMO-G01-1C-0001,8.297154193659303,674.0983521653623
DEMO-G01-1C-0001,8.335662025622447,681.5385427302247
DEMO-G01-1C-0001,8.374169857585596,687.2322101818464
DEMO-G01-1C-0001,8.412677689548742,691.1751063715037
DEMO-G01-1C-0001,8.451185521511889,693.3746154647205
DEMO-G01-1C-0001,8.489693353475035,693.8490770556792
DEMO-G01-1C-0001,8.528201185438181,692.6270175182125
DEMO-G01-1C-0001,8.566709017401328,689.7463134115276
DEMO-G01-1C-0001,8.605216849364474,685.2533099722001
DEMO-G01-1C-0001,8.64372468132762,679.2019162868919
DEMO-G01-1C-0001,8.682232513290767,671.6526967994309
DEMO-G01-1C-0001,8.720740345253914,662.671976509466
DEMO-G01-1C-0001,8.75924817721706,652.3309747086433
DEMO-G01-1C-0001,8.797756009180207,640.7049795010839
DEMO-G01-1C-0001,8.836263841143353,627.8725727763489
DEMO-G01-1C-0001,8.8747716731065,613.9149128326263
DEMO-G01-1C-0001,8.913279505069646,598.9150795516261
DEMO-G01-1C-0001,8.951787337032792,582.9574849499207
DEMO-G01-1C-0001,8.990295168995939,566.1273501005282
DEMO-G01-1C-0001,9.028803000959085,548.5102478434515
DEMO-G01-1C-0001,9.067310832922232,530.1917093813698
DEMO-G01-1C-0001,9.10581866488538,511.2568917731675
DEMO-G01-1C-0001,9.144326496848524,491.79030247278007
DEMO-G01-1C-0001,9.182834328811673,471.8755763888611
DEMO-G01-1C-0001,9.221342160774817,451.5953004350534
DEMO-G01-1C-0001,9.259849992737966,431.03088017416
DEMO-G01-1C-0001,9.29835782470111,410.26244290746314
DEMO-G01-1C-0001,9.336865656664258,389.3687714002934
DEMO-G01-1C-0001,9.375373488627403,368.4272623488338
DEMO-G01-1C-0001,9.413881320590551,347.51390366648445
DEMO-G01-1C-0001,9.452389152553698,326.7032646916678
DEMO-G01-1C-0001,9.490896984516844,306.06849348655925
DEMO-G01-1C-0001,9.52940481647999,285.681315506815
DEMO-G01-1C-0001,9.567912648443137,265.61202807693587
DEMO-G01-1C-0001,9.606420480406284,245.92948530918912
DEMO-G01-1C-0001,9.64492831236943,226.7010683619908
DEMO-G01-1C-0001,9.683436144332576,207.99263625417453
DEMO-G01-1C-0001,9.721943976295723,189.86845284268205
DEMO-G01-1C-0001,9.76045180825887,172.39108604136615
DEMO-G01-1C-0001,9.798959640222016,155.62127591519598
DEMO-G01-1C-0001,9.837467472185162,139.61776893370663
DEMO-G01-1C-0001,9.875975304148309,124.43711641463867
DEMO-G01-1C-0001,9.914483136111455,110.13343603551141
DEMO-G01-1C-0001,9.952990968074602,96.75813623658941
DEMO-G01-1C-0001,9.99149880003775,84.35960437898082
DEMO-G01-1C-0001,10.030006632000894,72.98286064764675
DEMO-G01-1C-0001,10.068514463964043,62.66918088724066
DEMO-G01-1C-0001,10.107022295927187,53.45569280973956
DEMO-G01-1C-0001,10.145530127890336,45.37495129129664
DEMO-G01-1C-0001,10.18403795985348,38.45449975012033
DEMO-G01-1C-0001,10.222545791816628,32.71642582925927
DEMO-G01-1C-0001,10.261053623779773,28.176920754064867
DEMO-G01-1C-0001,10.299561455742921,24.845852744797277
DEMO-G01-1C-0001,10.338069287706066,22.72636568793253
DEMO-G01-1C-0001,10.376577119669214,21.814514851270047
DEMO-G01-1C-0001,10.415084951632359,22.09895171556914
DEMO-G01-1C-0001,10.453592783595507,23.560669941059064
DEMO-G01-1C-0001,10.492100615558654,26.172824051044532
DEMO-G01-1C-0001,10.5306084475218,29.90063156887766
DEMO-G01-1C-0001,10.569116279484946,34.701368076216916
DEMO-G01-1C-0001,10.607624111448093,40.52446297556537
DEMO-G01-1C-0001,10.64613194341124,47.311701665151546
DEMO-G01-1C-0001,10.684639775374386,54.99753741764243
DEMO-G01-1C-0001,10.723147607337532,63.50951356593473
DEMO-G01-1C-0001,10.761655439300679,72.76879372875746
DEMO-G01-1C-0001,10.800163271263825,82.69079486177615
DEMO-G01-1C-0001,10.838671103226972,93.18591501292276
DEMO-G01-1C-0001,10.877178935190118,104.16034491528512
DEMO-G01-1C-0001,10.915686767153264,115.51695008645203
DEMO-G01-1C-0001,10.954194599116413,127.15620802930238
DEMO-G01-1C-0001,10.992702431079557,138.97718353912384
DEMO-G01-1C-0001,11.031210263042706,150.87852408619995
DEMO-G01-1C-0001,11.06971809500585,162.75945680482891
DEMO-G01-1C-0001,11.108225926968998,174.5207687928612
DEMO-G01-1C-0001,11.146733758932143,186.06575319275575
DEMO-G01-1C-0001,11.185241590895291,197.30110484019022
DEMO-G01-1C-0001,11.223749422858436,208.1377510574889
DEMO-G01-1C-0001,11.262257254821584,218.4916053449587
DEMO-G01-1C-0001,11.300765086784729,228.28423417748093
DEMO-G01-1C-0001,11.339272918747877,237.44342973367173
DEMO-G01-1C-0001,11.377780750711022,245.90368405702623
DEMO-G01-1C-0001,11.41628858267417,253.60656276607307
DEMO-G01-1C-0001,11.454796414637316,260.5009788977939
DEMO-G01-1C-0001,11.493304246600463,266.54336970603237
DEMO-G01-1C-0001,11.53181207856361,271.69778118289815
DEMO-G01-1C-0001,11.570319910526756,275.9358666845448
DEMO-G01-1C-0001,11.608827742489902,279.23680730112636
DEMO-G01-1C-0001,11.647335574453049,281.5871625100276
DEMO-G01-1C-0001,11.685843406416195,282.98066020359494
DEMO-G01-1C-0001,11.724351238379342,283.41793541223444
DEMO-G01-1C-0001,11.762859070342488,282.90622698578665
DEMO-G01-1C-0001,11.801366902305634,281.45904119155875
DEMO-G01-1C-0001,11.839874734268781,279.0957906811046
DEMO-G01-1C-0001,11.878382566231927,275.8414166151823
DEMO-G01-1C-0001,11.916890398195076,271.72600096110114
DEMO-G01-1C-0001,11.95539823015822,266.78437512928286
DEMO-G01-1C-0001,11.993906062121368,261.05573023212537
DEMO-G01-1C-0001,12.032413894084513,254.58323335839603
DEMO-G01-1C-0001,12.070921726047661,247.41365338498258
DEMO-G01-1C-0001,12.109429558010806,239.59699901364928
DEMO-G01-1C-0001,12.147937389973954,231.1861709369798
DEMO-G01-1C-0001,12.186445221937099,222.2366293137818
DEMO-G01-1C-0001,12.224953053900247,212.80607707432887
DEMO-G01-1C-0001,12.263460885863392,202.95415898209058
DEMO-G01-1C-0001,12.30196871782654,192.74217584991456
DEMO-G01-1C-0001,12.340476549789685,182.23281284343656
DEMO-G01-1C-0001,12.378984381752833,171.48988040004332
DEMO-G01-1C-0001,12.41749221371598,160.57806594562686
DEMO-G01-1C-0001,12.456000045679126,149.56269430168504
DEMO-G01-1C-0001,12.494507877642272,138.50949444159167
DEMO-G01-1C-0001,12.533015709605419,127.48437007717766
DEMO-G01-1C-0001,12.571523541568565,116.55317143734769
DEMO-G01-1C-0001,12.610031373531712,105.78146554250529
DEMO-G01-1C-0001,12.648539205494858,95.23430228622594
DEMO-G01-1C-0001,12.687047037458004,84.97597371427814
DEMO-G01-1C-0001,12.72555486942115,75.06976404615186
DEMO-G01-1C-0001,12.764062701384297,65.57768822105952
DEMO-G01-1C-0001,12.802570533347444,56.560217073708415
DEMO-G01-1C-0001,12.84107836531059,48.07598765824528
DEMO-G01-1C-0001,12.879586197273737,40.18149774320084
DEMO-G01-1C-0001,12.918094029236883,32.93078409490495
DEMO-G01-1C-0001,12.956601861200031,26.37508484748495
DEMO-G01-1C-0001,12.995109693163176,20.562487016655137
DEMO-G01-1C-0001,13.033617525126324,15.537561040004098
DEMO-G01-1C-0001,13.072125357089469,11.340985102672166
DEMO-G01-1C-0001,13.110633189052617,8.00916291338361
DEMO-G01-1C-0001,13.149141021015762,5.573839507049422
DEMO-G01-1C-0001,13.18764885297891,4.061720537487146
DEMO-G01-1C-0001,13.226156684942055,3.494101354670933
DEMO-G01-1C-0001,13.264664516905203,3.88651290005203
DEMO-G01-1C-0001,13.303172348868348,5.248392064052515
DEMO-G01-1C-0001,13.341680180831496,7.5827845949544255
DEMO-G01-1C-0001,13.38018801279464,10.886088892860249
DEMO-G01-1C-0001,13.418695844757789,15.147849034629193
DEMO-G01-1C-0001,13.457203676720933,20.35060512982209
DEMO-G01-1C-0001,13.495711508684082,26.46980858580647
DEMO-G01-1C-0001,13.534219340647226,33.47380905393385
DEMO-G01-1C-0001,13.572727172610374,41.32391874153279
DEMO-G01-1C-0001,13.611235004573519,49.97455842202391
DEMO-G01-1C-0001,13.649742836536667,59.37348788702874
DEMO-G01-1C-0001,13.688250668499816,69.46212180174811
DEMO-G01-1C-0001,13.72675850046296,80.1759300021579
DEMO-G01-1C-0001,13.765266332426108,91.44491927372917
DEMO-G01-1C-0001,13.803774164389253,103.19419164758261
DEMO-G01-1C-0001,13.842281996352401,115.34457231665466
DEMO-G01-1C-0001,13.880789828315546,127.81329848667782
DEMO-G01-1C-0001,13.919297660278694,140.51475890629277
DEMO-G01-1C-0001,13.957805492241839,153.3612725302814
DEMO-G01-1C-0001,13.996313324204987,166.2638938120577
DEMO-G01-1C-0001,14.034821156168132,179.13323153289807
DEMO-G01-1C-0001,14.07332898813128,191.88026787674772
DEMO-G01-1C-0001,14.111836820094425,204.4171646534041
DEMO-G01-1C-0001,14.150344652057573,216.65804414473052
DEMO-G01-1C-0001,14.188852484020718,228.51973296683417
DEMO-G01-1C-0001,14.227360315983866,239.92245856042356
DEMO-G01-1C-0001,14.26586814794701,250.79048938471848
DEMO-G01-1C-0001,14.304375979910159,261.0527115327462
DEMO-G01-1C-0001,14.342883811873303,270.64313623878843
DEMO-G01-1C-0001,14.381391643836452,279.50133454311737
DEMO-G01-1C-0001,14.419899475799596,287.5727971493188
DEMO-G01-1C-0001,14.458407307762744,294.8092191959234
DEMO-G01-1C-0001,14.496915139725889,301.1687112157899
DEMO-G01-1C-0001,14.535422971689037,306.61593893352307
DEMO-G01-1C-0001,14.573930803652182,311.1221957231793
DEMO-G01-1C-0001,14.61243863561533,314.6654124980471
DEMO-G01-1C-0001,14.650946467578478,317.2301105236272
DEMO-G01-1C-0001,14.689454299541623,318.80730313678237
DEMO-G01-1C-0001,14.727962131504771,319.39435262900565
DEMO-G01-1C-0001,14.766469963467916,318.994788627563
DEMO-G01-1C-0001,14.804977795431064,317.6180942072823
DEMO-G01-1C-0001,14.843485627394209,315.2794657138458
DEMO-G01-1C-0001,14.881993459357357,311.99955190389795
DEMO-G01-1C-0001,14.920501291320502,307.804177535746
DEMO-G01-1C-0001,14.95900912328365,302.7240560034015
DEMO-G01-1C-0001,14.997516955246795,296.7944950208225
DEMO-G01-1C-0001,15.036024787209943,290.05509875446114
DEMO-G01-1C-0001,15.074532619173088,282.54946918960303
DEMO-G01-1C-0001,15.113040451136236,274.32490891511804
DEMO-G01-1C-0001,15.15154828309938,265.43212693491927
DEMO-G01-1C-0001,15.190056115062529,255.92494857194336
DEMO-G01-1C-0001,15.228563947025673,245.86003002897934
DEMO-G01-1C-0001,15.267071778988822,235.29657771449274
DEMO-G01-1C-0001,15.305579610951966,224.29607203393277
DEMO-G01-1C-0001,15.344087442915114,212.9219949888394
DEMO-G01-1C-0001,15.382595274878259,201.23956061862938
DEMO-G01-1C-0001,15.421103106841407,189.31544706297615
DEMO-G01-1C-0001,15.459610938804552,177.21752881688036
DEMO-G01-1C-0001,15.4981187707677,165.01460759611015
DEMO-G01-1C-0001,15.536626602730845,152.77614012900054
DEMO-G01-1C-0001,15.575134434693993,140.5719611430672
DEMO-G01-1C-0001,15.613642266657141,128.4719998242078
DEMO-G01-1C-0001,15.652150098620286,116.5459880948404
DEMO-G01-1C-0001,15.690657930583434,104.86315918879501
DEMO-G01-1C-0001,15.729165762546579,93.4919351980313
DEMO-G01-1C-0001,15.767673594509727,82.49960253231008
DEMO-G01-1C-0001,15.806181426472872,71.95197456986816
DEMO-G01-1C-0001,15.84468925843602,61.9130411856442
DEMO-G01-1C-0001,15.883197090399165,52.444605322881934
DEMO-G01-1C-0001,15.921704922362313,43.60590732050828
DEMO-G01-1C-0001,15.960212754325457,35.4532383168867
DEMO-G01-1C-0001,15.998720586288606,28.03954471100008
DEMO-G01-1C-0001,16.03722841825175,21.414026362690393
DEMO-G01-1C-0001,16.0757362502149,15.621731938022846
DEMO-G01-1C-0001,16.114244082178043,10.703155534839008
DEMO-G01-1C-0001,16.15275191414119,6.693839434226666
DEMO-G01-1C-0001,16.191259746104336,3.6239884904347957
DEMO-G01-1C-0001,16.229767578067484,1.5181022667470216
DEMO-G01-1C-0001,16.26827541003063,0.3946315190936227
DEMO-G01-1C-0001,16.306783241993777,0.2656659934514328
DEMO-G01-1C-0001,16.345291073956922,1.1366607094555408
DEMO-G01-1C-0001,16.38379890592007,3.006207925931785
DEMO-G01-1C-0001,16.422306737883215,5.865861803330728
DEMO-G01-1C-0001,16.460814569846363,9.70002237829222
DEMO-G01-1C-0001,16.499322401809508,14.485884839060965
DEMO-G01-1C-0001,16.537830233772656,20.19345923806537
DEMO-G01-1C-0001,16.5763380657358,26.785664709913128
DEMO-G01-1C-0001,16.61484589769895,34.21850099954339
DEMO-G01-1C-0001,16.653353729662097,42.441298676195984
DEMO-G01-1C-0001,16.69186156162524,51.39704785342582
DEMO-G01-1C-0001,16.73036939358839,61.02280360049451
DEMO-G01-1C-0001,16.768877225551535,71.2501645692363
DEMO-G01-1C-0001,16.807385057514683,82.00581972980446
DEMO-G01-1C-0001,16.845892889477827,93.21215656636028
DEMO-G01-1C-0001,16.884400721440976,104.78792268619647
DEMO-G01-1C-0001,16.92290855340412,116.64893159421538
DEMO-G01-1C-0001,16.96141638536727,128.7088024236661
DEMO-G01-1C-0001,16.999924217330413,140.87972272780644
DEMO-G01-1C-0001,17.03843204929356,153.07322304903366
DEMO-G01-1C-0001,17.076939881256706,165.2009519022892
DEMO-G01-1C-0001,17.115447713219854,177.17544003600023
DEMO-G01-1C-0001,17.153955545183,188.91084335105376
DEMO-G01-1C-0001,17.192463377146147,200.3236546401416
DEMO-G01-1C-0001,17.230971209109292,211.3333753194735
DEMO-G01-1C-0001,17.26947904107244,221.86313951861922
DEMO-G01-1C-0001,17.307986873035585,231.84028422273263
DEMO-G01-1C-0001,17.346494704998733,241.19686057309897
DEMO-G01-1C-0001,17.385002536961878,249.87008287516244
DEMO-G01-1C-0001,17.423510368925026,257.8027132888413
DEMO-G01-1C-0001,17.46201820088817,264.943381539314
DEMO-G01-1C-0001,17.50052603285132,271.2468402492424
DEMO-G01-1C-0001,17.539033864814463,276.6741576239361
DEMO-G01-1C-0001,17.57754169677761,281.19285019633685
DEMO-G01-1C-0001,17.61604952874076,284.776959143128
DEMO-G01-1C-0001,17.654557360703905,287.4070743094236
DEMO-G01-1C-0001,17.693065192667053,289.0703105268113
DEMO-G01-1C-0001,17.731573024630197,289.7602410839279
DEMO-G01-1C-0001,17.770080856593346,289.47679332123266
DEMO-G01-1C-0001,17.80858868855649,288.22611128734104
DEMO-G01-1C-0001,17.84709652051964,286.0203902312648
DEMO-G01-1C-0001,17.885604352482783,282.87768743288814
DEMO-G01-1C-0001,17.92411218444593,278.821713513603
DEMO-G01-1C-0001,17.962620016409076,273.88160794073104
DEMO-G01-1C-0001,18.001127848372224,268.09170196274715
DEMO-G01-1C-0001,18.03963568033537,261.4912717057654
DEMO-G01-1C-0001,18.078143512298517,254.12428364162812
DEMO-G01-1C-0001,18.116651344261662,246.0391341190921
DEMO-G01-1C-0001,18.15515917622481,237.28838414419653
DEMO-G01-1C-0001,18.193667008187955,227.92849011468454
DEMO-G01-1C-0001,18.232174840151103,218.01953076484094
DEMO-G01-1C-0001,18.270682672114248,207.62493016818388
DEMO-G01-1C-0001,18.309190504077396,196.81117628167962
DEMO-G01-1C-0001,18.34769833604054,185.64753420085663
DEMO-G01-1C-0001,18.38620616800369,174.20575303383413
DEMO-G01-1C-0001,18.424713999966833,162.55976509694287
DEMO-G01-1C-0001,18.46322183192998,150.78537598750992
DEMO-G01-1C-0001,18.501729663893126,138.9599440033582
DEMO-G01-1C-0001,18.540237495856275,127.16204735553687
DEMO-G01-1C-0001,18.578745327819423,115.47113766342405
DEMO-G01-1C-0001,18.617253159782567,103.96717833178049
DEMO-G01-1C-0001,18.655760991745716,92.73026658979298
DEMO-G01-1C-0001,18.69426882370886,81.8402382245116
DEMO-G01-1C-0001,18.73277665567201,71.37625436646965
DEMO-G01-1C-0001,18.771284487635153,61.4163700841057
DEMO-G01-1C-0001,18.8097923195983,52.03708501462801
DEMO-G01-1C-0001,18.848300151561446,43.31287679957307
DEMO-G01-1C-0001,18.886807983524594,35.31571869833747
DEMO-G01-1C-0001,18.92531581548774,28.11458341504786
DEMO-G01-1C-0001,18.963823647450887,21.77493588265718
DEMO-G01-1C-0001,19.002331479414032,16.35821848976808
DEMO-G01-1C-0001,19.04083931137718,11.921332993293282
DEMO-G01-1C-0001,19.079347143340325,8.516124113852355
DEMO-G01-1C-0001,19.117854975303473,6.188870537486821
DEMO-G01-1C-0001,19.156362807266618,4.979789721415784
DEMO-G01-1C-0001,19.194870639229766,4.9225634954592525
DEMO-G01-1C-0001,19.23337847119291,6.043891936014273
DEMO-G01-1C-0001,19.27188630315606,8.36308333751848
DEMO-G01-1C-0001,19.310394135119203,11.89168829015323
DEMO-G01-1C-0001,19.34890196708235,16.63318586779213
DEMO-G01-1C-0001,19.387409799045496,22.58272971681292
DEMO-G01-1C-0001,19.425917631008645,29.726961400104152
DEMO-G01-1C-0001,19.46442546297179,38.04389768406399
DEMO-G01-1C-0001,19.502933294934937,47.502897560674604
DEMO-G01-1C-0001,19.541441126898082,58.06471368167393
DEMO-G01-1C-0001,19.57994895886123,69.68163156706619
DEMO-G01-1C-0001,19.61845679082438,82.2976984642685
DEMO-G01-1C-0001,19.656964622787523,95.84904211488124
DEMO-G01-1C-0001,19.69547245475067,110.26427797856373
DEMO-G01-1C-0001,19.733980286713816,125.4650017189908
DEMO-G01-1C-0001,19.772488118676964,141.36636203074025
DEMO-G01-1C-0001,19.81099595064011,157.8777072347374
DEMO-G01-1C-0001,19.849503782603257,174.90329754945373
DEMO-G01-1C-0001,19.888011614566402,192.3430736069348
DEMO-G01-1C-0001,19.92651944652955,210.0934706729222
DEMO-G01-1C-0001,19.965027278492695,228.0482671854599
DEMO-G01-1C-0001,20.003535110455843,246.0994556735072
DEMO-G01-1C-0001,20.042042942418988,264.13812387110556
DEMO-G01-1C-0001,20.080550774382136,282.05533390694734
DEMO-G01-1C-0001,20.11905860634528,299.7429878141963
DEMO-G01-1C-0001,20.15756643830843,317.09466825156045
DEMO-G01-1C-0001,20.196074270271573,334.0064442225992
DEMO-G01-1C-0001,20.23458210223472,350.3776326883154
DEMO-G01-1C-0001,20.273089934197866,366.11150824280674
DEMO-G01-1C-0001,20.311597766161015,381.11595441530125
DEMO-G01-1C-0001,20.35010559812416,395.304051623697
DEMO-G01-1C-0001,20.388613430087307,408.5945982864394
DEMO-G01-1C-0001,20.427121262050452,420.91256305450855
DEMO-G01-1C-0001,20.4656290940136,432.18946751228304
DEMO-G01-1C-0001,20.504136925976745,442.3636999793101
DEMO-G01-1C-0001,20.542644757939893,451.38076219590664
DEMO-G01-1C-0001,20.58115258990304,459.19345167227027
DEMO-G01-1C-0001,20.619660421866186,465.7619833096054
DEMO-G01-1C-0001,20.658168253829334,471.0540545549642
DEMO-G01-1C-0001,20.69667608579248,475.0448588289677
DEMO-G01-1C-0001,20.735183917755627,477.71705227181764
DEMO-G01-1C-0001,20.773691749718772,479.060678997879
DEMO-G01-1C-0001,20.81219958168192,479.07306004619085
DEMO-G01-1C-0001,20.850707413645065,477.75865107934857
DEMO-G01-1C-0001,20.889215245608213,475.1288736344053
DEMO-G01-1C-0001,20.927723077571358,471.2019243854328
DEMO-G01-1C-0001,20.966230909534506,466.00256645688813
DEMO-G01-1C-0001,21.00473874149765,459.5619063484884
DEMO-G01-1C-0001,21.0432465734608,451.91715951293344
DEMO-G01-1C-0001,21.081754405423943,443.11140708397437
DEMO-G01-1C-0001,21.12026223738709,433.19334569797735
DEMO-G01-1C-0001,21.158770069350236,422.2170318006696
DEMO-G01-1C-0001,21.197277901313385,410.2416212930835
DEMO-G01-1C-0001,21.23578573327653,397.3311048569247
DEMO-G01-1C-0001,21.274293565239677,383.55403881791125
DEMO-G01-1C-0001,21.312801397202826,368.9832709637318
DEMO-G01-1C-0001,21.35130922916597,353.69566033722793
DEMO-G01-1C-0001,21.38981706112912,337.77178968128663
DEMO-G01-1C-0001,21.428324893092263,321.2956689247356
DEMO-G01-1C-0001,21.46683272505541,304.3544278732706
DEMO-G01-1C-0001,21.505340557018556,287.0379961107297
DEMO-G01-1C-0001,21.543848388981704,269.43876802825605
DEMO-G01-1C-0001,21.58235622094485,251.65125088662586
DEMO-G01-1C-0001,21.620864052907997,233.77169388379474
DEMO-G01-1C-0001,21.659371884871142,215.89769634965316
DEMO-G01-1C-0001,21.69787971683429,198.1277934256579
DEMO-G01-1C-0001,21.736387548797435,180.56101791060777
DEMO-G01-1C-0001,21.774895380760583,163.29643736601977
DEMO-G01-1C-0001,21.813403212723728,146.432666074558
DEMO-G01-1C-0001,21.851911044686876,130.06735202961096
DEMO-G01-1C-0001,21.89041887665002,114.29663979829134
DEMO-G01-1C-0001,21.92892670861317,99.21461083525605
DEMO-G01-1C-0001,21.967434540576313,84.9127036200116
DEMO-G01-1C-0001,22.00594237253946,71.47911683056424
DEMO-G01-1C-0001,22.04445020450261,58.998199633879004
DEMO-G01-1C-0001,22.082958036465755,47.54983404689622
DEMO-G01-1C-0001,22.121465868428903,37.20881517651568
DEMO-G01-1C-0001,22.159973700392047,28.04423595598583
DEMO-G01-1C-0001,22.198481532355196,20.118883729377135
DEMO-G01-1C-0001,22.23698936431834,13.488656665412279
DEMO-G01-1C-0001,22.27549719628149,8.202008476760644
DEMO-G01-1C-0001,22.314005028244633,4.29943025243405
DEMO-G01-1C-0001,22.35251286020778,1.8129783530949484
DEMO-G01-1C-0001,22.391020692170926,0.7658572501554651
DEMO-G01-1C-0001,22.429528524134074,1.1720658931401189
DEMO-G01-1C-0001,22.46803635609722,3.0361156565786094
DEMO-G01-1C-0001,22.506544188060367,6.35282714602442
DEMO-G01-1C-0001,22.545052020023512,11.107212139965718
DEMO-G01-1C-0001,22.58355985198666,17.274445726646857
DEMO-G01-1C-0001,22.622067683949805,24.81993228757488
DEMO-G01-1C-0001,22.660575515912953,33.69946741669644
DEMO-G01-1C-0001,22.699083347876098,43.859496187438104
DEMO-G01-1C-0001,22.737591179839246,55.23746643664756
DEMO-G01-1C-0001,22.77609901180239,67.76227397680259
DEMO-G01-1C-0001,22.81460684376554,81.35479492966505
DEMO-G01-1C-0001,22.853114675728683,95.92849874940524
DEMO-G01-1C-0001,22.89162250769183,111.39013402218545
DEMO-G01-1C-0001,22.930130339654976,127.6404778380911
DEMO-G01-1C-0001,22.968638171618124,144.57513846909697
DEMO-G01-1C-0001,23.007146003581273,162.08540028339308
DEMO-G01-1C-0001,23.045653835544417,180.05909930232554
DEMO-G01-1C-0001,23.084161667507566,198.38151757011298
DEMO-G01-1C-0001,23.12266949947071,216.9362845577886
DEMO-G01-1C-0001,23.16117733143386,235.60627414879855
DEMO-G01-1C-0001,23.199685163397003,254.27448633361982
DEMO-G01-1C-0001,23.23819299536015,272.82490354479063
DEMO-G01-1C-0001,23.276700827323296,291.1433125562435
DEMO-G01-1C-0001,23.315208659286444,309.1180840113559
DEMO-G01-1C-0001,23.35371649124959,326.6409028896434
DEMO-G01-1C-0001,23.392224323212737,343.6074445293833
DEMO-G01-1C-0001,23.430732155175882,359.91799214995734
DEMO-G01-1C-0001,23.46923998713903,375.47799312437337
DEMO-G01-1C-0001,23.507747819102175,390.19855250359973
DEMO-G01-1C-0001,23.546255651065323,403.9968634601168
DEMO-G01-1C-0001,23.584763483028468,416.7965753734627
DEMO-G01-1C-0001,23.623271314991616,428.52810120760097
DEMO-G01-1C-0001,23.66177914695476,439.12886661554825
DEMO-G01-1C-0001,23.70028697891791,448.54350384438715
DEMO-G01-1C-0001,23.738794810881053,456.72399400187135
DEMO-G01-1C-0001,23.7773026428442,463.6297615873855
DEMO-G01-1C-0001,23.815810474807346,469.2277253917815
DEMO-G01-1C-0001,23.854318306770494,473.4923099429046
DEMO-G01-1C-0001,23.89282613873364,476.4054216283771
DEMO-G01-1C-0001,23.931333970696787,477.95639347870014
DEMO-G01-1C-0001,23.969841802659932,478.14190235644475
DEMO-G01-1C-0001,24.00834963462308,476.9658619865445
DEMO-G01-1C-0001,24.04685746658623,474.4392948934036
DEMO-G01-1C-0001,24.085365298549373,470.5801858969964
DEMO-G01-1C-0001,24.12387313051252,465.41331937614177
DEMO-G01-1C-0001,24.162380962475666,458.97010204519034
DEMO-G01-1C-0001,24.200888794438814,451.2883725221714
DEMO-G01-1C-0001,24.23939662640196,442.4121985025432
DEMO-G01-1C-0001,24.277904458365107,432.3916619026004
DEMO-G01-1C-0001,24.316412290328252,421.282631909269
DEMO-G01-1C-0001,24.3549201222914,409.1465254760808
DEMO-G01-1C-0001,24.393427954254545,396.0500544464669
DEMO-G01-1C-0001,24.431935786217693,382.06495817150807
DEMO-G01-1C-0001,24.470443618180838,367.2677202271927
DEMO-G01-1C-0001,24.508951450143986,351.73926763178804
DEMO-G01-1C-0001,24.54745928210713,335.56465082362433
DEMO-G01-1C-0001,24.58596711407028,318.832702589177
DEMO-G01-1C-0001,24.624474946033423,301.6356741361569
DEMO-G01-1C-0001,24.66298277799657,284.06884659136256
DEMO-G01-1C-0001,24.701490609959716,266.23011637273856
DEMO-G01-1C-0001,24.739998441922864,248.21955314216396
DEMO-G01-1C-0001,24.77850627388601,230.13892939207022
DEMO-G01-1C-0001,24.817014105849157,212.09122115525756
DEMO-G01-1C-0001,24.855521937812302,194.18007985082144
DEMO-G01-1C-0001,24.89402976977545,176.50927588576832
DEMO-G01-1C-0001,24.932537601738595,159.1821153144391
DEMO-G01-1C-0001,24.971045433701743,142.30083160565437
DEMO-G01-1C-0001,25.00955326566489,125.96595536712681
DEMO-G01-1C-0001,25.048061097628036,110.27566571115513
DEMO-G01-1C-0001,25.086568929591184,95.32512779483245
DEMO-G01-1C-0001,25.12507676155433,81.20582190867908
DEMO-G01-1C-0001,25.163584593517477,68.00487029431551
DEMO-G01-1C-0001,25.202092425480622,55.80436861695523
DEMO-G01-1C-0001,25.24060025744377,44.68072967375135
DEMO-G01-1C-0001,25.279108089406915,34.70404745588779
DEMO-G01-1C-0001,25.317615921370063,25.937490073451535
DEMO-G01-1C-0001,25.356123753333208,18.4367302731359
DEMO-G01-1C-0001,25.394631585296356,12.249422308074951
DEMO-G01-1C-0001,25.4331394172595,7.414733741189795
DEMO-G01-1C-0001,25.47164724922265,3.9629403679285993
DEMO-G01-1C-0001,25.510155081185793,1.9150918286724097
DEMO-G01-1C-0001,25.54866291314894,1.282754650115715
DEMO-G01-1C-0001,25.587170745112086,2.0678384217339882
DEMO-G01-1C-0001,25.625678577075234,4.262509598923287
DEMO-G01-1C-0001,25.66418640903838,7.849196057294215
DEMO-G01-1C-0001,25.702694241001527,12.80068403814596
DEMO-G01-1C-0001,25.741202072964672,19.08030756414732
DEMO-G01-1C-0001,25.77970990492782,26.642228811379514
DEMO-G01-1C-0001,25.818217736890965,35.43180634581723
DEMO-G01-1C-0001,25.856725568854113,45.386046615800645
DEMO-G01-1C-0001,25.895233400817258,56.434132681893935
DEMO-G01-1C-0001,25.933741232780406,68.49802290283459
DEMO-G01-1C-0001,25.972249064743554,81.49311121603195
DEMO-G01-1C-0001,26.0107568967067,95.32893978217716
DEMO-G01-1C-0001,26.049264728669847,109.90995412564223
DEMO-G01-1C-0001,26.08777256063299,125.1362905072505
DEMO-G01-1C-0001,26.12628039259614,140.90458511648603
DEMO-G01-1C-0001,26.164788224559285,157.1087947596382
DEMO-G01-1C-0001,26.203296056522433,173.6410190353896
DEMO-G01-1C-0001,26.241803888485578,190.39231450826904
DEMO-G01-1C-0001,26.280311720448726,207.25349208701596
DEMO-G01-1C-0001,26.31881955241187,224.11588965774368
DEMO-G01-1C-0001,26.35732738437502,240.87211297748257
DEMO-G01-1C-0001,26.395835216338163,257.4167388671048
DEMO-G01-1C-0001,26.43434304830131,273.64697581932745
DEMO-G01-1C-0001,26.472850880264456,289.4632782240318
DEMO-G01-1C-0001,26.511358712227604,304.76991147962985
DEMO-G01-1C-0001,26.54986654419075,319.4754662781627
DEMO-G01-1C-0001,26.588374376153897,333.4933213006686
DEMO-G01-1C-0001,26.626882208117042,346.7420544198817
DEMO-G01-1C-0001,26.66539004008019,359.14580326533735
DEMO-G01-1C-0001,26.703897872043335,370.6345766524375
DEMO-G01-1C-0001,26.742405704006483,381.14451890699553
DEMO-G01-1C-0001,26.780913535969628,390.61812952845963
DEMO-G01-1C-0001,26.819421367932776,399.00444093143255
DEMO-G01-1C-0001,26.85792919989592,406.25915719021435
DEMO-G01-1C-0001,26.89643703185907,412.34475679308196
DEMO-G01-1C-0001,26.934944863822214,417.2305623999185
DEMO-G01-1C-0001,26.97345269578536,420.89278049967663
DEMO-G01-1C-0001,27.01196052774851,423.3145136931168
DEMO-G01-1C-0001,27.050468359711655,424.48574809315977
DEMO-G01-1C-0001,27.088976191674803,424.4033180510198
DEMO-G01-1C-0001,27.127484023637948,423.0708500923895
DEMO-G01-1C-0001,27.165991855601096,420.49868759500157
DEMO-G01-1C-0001,27.20449968756424,416.70379736728796
DEMO-G01-1C-0001,27.24300751952739,411.709658907382
DEMO-G01-1C-0001,27.281515351490533,405.54613674177267
DEMO-G01-1C-0001,27.32002318345368,398.2493358723817
DEMO-G01-1C-0001,27.358531015416826,389.8614400081269
DEMO-G01-1C-0001,27.397038847379974,380.43053193041777
DEMO-G01-1C-0001,27.43554667934312,370.0103950493982
DEMO-G01-1C-0001,27.474054511306267,358.6602949565097
DEMO-G01-1C-0001,27.512562343269412,346.4447395770337
DEMO-G01-1C-0001,27.55107017523256,333.4332163801219
DEMO-G01-1C-0001,27.589578007195705,319.699905021121
DEMO-G01-1C-0001,27.628085839158853,305.32336377722277
DEMO-G01-1C-0001,27.666593671121998,290.38618819912193
DEMO-G01-1C-0001,27.705101503085146,274.9746405426258
DEMO-G01-1C-0001,27.74360933504829,259.1782487691949
DEMO-G01-1C-0001,27.78211716701144,243.08937421495423
DEMO-G01-1C-0001,27.820624998974584,226.80274742463575
DEMO-G01-1C-0001,27.85913283093773,210.4149721279
DEMO-G01-1C-0001,27.897640662900876,194.02399789685836
DEMO-G01-1C-0001,27.936148494864025,177.72856265785896
DEMO-G01-1C-0001,27.974656326827173,161.62760692829607
DEMO-G01-1C-0001,28.013164158790318,145.81966239685036
DEMO-G01-1C-0001,28.051671990753466,130.4022182474116
DEMO-G01-1C-0001,28.09017982271661,115.47106942405263
DEMO-G01-1C-0001,28.12868765467976,101.11965182465944
DEMO-G01-1C-0001,28.167195486642903,87.43837017113468
DEMO-G01-1C-0001,28.20570331860605,74.5139250086955
DEMO-G01-1C-0001,28.244211150569196,62.42864590983752
DEMO-G01-1C-0001,28.282718982532344,51.25983847445705
DEMO-G01-1C-0001,28.32122681449549,41.0791531019471
DEMO-G01-1C-0001,28.359734646458637,31.951983741643836
DEMO-G01-1C-0001,28.398242478421782,23.936904886793172
DEMO-G01-1C-0001,28.43675031038493,17.085154949817685
DEMO-G01-1C-0001,28.475258142348075,11.440173835413471
DEMO-G01-1C-0001,28.513765974311223,7.037202010362903
DEMO-G01-1C-0001,28.552273806274368,3.902947660036202
DEMO-G01-1C-0001,28.590781638237516,2.0553276329663475
DEMO-G01-1C-0001,28.62928947020066,1.5032868252975549
DEMO-G01-1C-0001,28.66779730216381,2.2466994712686157
DEMO-G01-1C-0001,28.706305134126954,4.276354514837526
DEMO-G01-1C-0001,28.7448129660901,7.574025875974638
DEMO-G01-1C-0001,28.783320798053246,12.11262703123791
DEMO-G01-1C-0001,28.821828630016395,17.85644794154867
DEMO-G01-1C-0001,28.86033646197954,24.761471020166063
DEMO-G01-1C-0001,28.898844293942688,32.77576157845787
DEMO-G01-1C-0001,28.937352125905836,41.83992705064955
DEMO-G01-1C-0001,28.97585995786898,51.88763831108117
DEMO-G01-1C-0001,29.01436778983213,62.846205582577525
DEMO-G01-1C-0001,29.052875621795273,74.63720080964193
DEMO-G01-1C-0001,29.09138345375842,87.17711794568723
DEMO-G01-1C-0001,29.129891285721566,100.37806238209056
DEMO-G01-1C-0001,29.168399117684714,114.14846072508271
DEMO-G01-1C-0001,29.20690694964786,128.39378229318447
DEMO-G01-1C-0001,29.245414781611007,143.01726404760095
DEMO-G01-1C-0001,29.283922613574152,157.92063115955222
DEMO-G01-1C-0001,29.3224304455373,173.00480603785635
DEMO-G01-1C-0001,29.360938277500445,188.17059936024643
DEMO-G01-1C-0001,29.399446109463593,203.31937744592918
DEMO-G01-1C-0001,29.437953941426738,218.35370114608443
DEMO-G01-1C-0001,29.476461773389886,233.1779322876482
DEMO-G01-1C-0001,29.51496960535303,247.69880455829738
DEMO-G01-1C-0001,29.55347743731618,261.8259565455557
DEMO-G01-1C-0001,29.591985269279323,275.47242542057734
DEMO-G01-1C-0001,29.63049310124247,288.55510047230854
DEMO-G01-1C-0001,29.669000933205616,300.9951363379564
DEMO-G01-1C-0001,29.707508765168765,312.71832633204195
DEMO-G01-1C-0001,29.74601659713191,323.6554367439858
DEMO-G01-1C-0001,29.784524429095057,333.7425033504069
DEMO-G01-1C-0001,29.823032261058202,342.9210916734779
DEMO-G01-1C-0001,29.86154009302135,351.13852271406085
DEMO-G01-1C-0001,29.900047924984495,358.34806600191644
DEMO-G01-1C-0001,29.938555756947643,364.5091018415887
DEMO-G01-1C-0001,29.97706358891079,369.5872545990077
DEMO-G01-1C-0001,30.015571420873936,373.5544987779756
DEMO-G01-1C-0001,30.054079252837084,376.38923948659846
DEMO-G01-1C-0001,30.09258708480023,378.07636869965756
DEMO-G01-1C-0001,30.131094916763377,378.60729849292505
DEMO-G01-1C-0001,30.169602748726522,377.9799721679457
DEMO-G01-1C-0001,30.20811058068967,376.1988539094365
DEMO-G01-1C-0001,30.246618412652815,373.27489733032206
DEMO-G01-1C-0001,30.285126244615963,369.225492969506
DEMO-G01-1C-0001,30.323634076579108,364.0743945226771
DEMO-G01-1C-0001,30.362141908542256,357.85162331423766
DEMO-G01-1C-0001,30.4006497405054,350.5933502664962
DEMO-G01-1C-0001,30.43915757246855,342.34175439785366
DEMO-G01-1C-0001,30.477665404431693,333.1448566923687
DEMO-G01-1C-0001,30.51617323639484,323.05632803572945
DEMO-G01-1C-0001,30.554681068357986,312.1352698149073
DEMO-G01-1C-0001,30.593188900321135,300.4459657365858
DEMO-G01-1C-0001,30.63169673228428,288.05760344022957
DEMO-G01-1C-0001,30.670204564247427,275.04396456997455
DEMO-G01-1C-0001,30.708712396210572,261.4830821311368
DEMO-G01-1C-0001,30.74722022817372,247.45686419490863
DEMO-G01-1C-0001,30.785728060136865,233.05068333131706
DEMO-G01-1C-0001,30.824235892100013,218.35293154552014
DEMO-G01-1C-0001,30.862743724063158,203.45454096453318
DEMO-G01-1C-0001,30.901251556026306,188.4484710655616
DEMO-G01-1C-0001,30.939759387989454,173.4291638466983
DEMO-G01-1C-0001,30.9782672199526,158.491969005311
DEMO-G01-1C-0001,31.016775051915747,143.73254189650024
DEMO-G01-1C-0001,31.055282883878892,129.2462177776473
DEMO-G01-1C-0001,31.09379071584204,115.12736658695468
DEMO-G01-1C-0001,31.132298547805185,101.46873323327081
DEMO-G01-1C-0001,31.170806379768333,88.36076906913841
DEMO-G01-1C-0001,31.209314211731478,75.89096085545219
DEMO-G01-1C-0001,31.247822043694626,64.14316408017605
DEMO-G01-1C-0001,31.28632987565777,53.196947942919564
DEMO-G01-1C-0001,31.32483770762092,43.12695963943603
DEMO-G01-1C-0001,31.363345539584063,34.00231575712445
DEMO-G01-1C-0001,31.40185337154721,25.88602860868069
DEMO-G01-1C-0001,31.440361203510356,18.83447517585606
DEMO-G01-1C-0001,31.478869035473505,12.89691600290096
DEMO-G01-1C-0001,31.51737686743665,8.115070870564622
DEMO-G01-1C-0001,31.555884699399797,4.522757402654604
DEMO-G01-1C-0001,31.594392531362942,2.145597920970194
DEMO-G01-1C-0001,31.63290036332609,1.0007988894000914
DEMO-G01-1C-0001,31.671408195289235,1.097006198109561
DEMO-G01-1C-0001,31.709916027252383,2.434238362363105
DEMO-G01-1C-0001,31.748423859215528,5.003898479539689
DEMO-G01-1C-0001,31.786931691178676,8.788864536278568
DEMO-G01-1C-0001,31.82543952314182,13.763656420240187
DEMO-G01-1C-0001,31.86394735510497,19.89467680187204
DEMO-G01-1C-0001,31.902455187068117,27.14052194297338
DEMO-G01-1C-0001,31.940963019031262,35.45235748961937
DEMO-G01-1C-0001,31.97947085099441,44.77435344171175
DEMO-G01-1C-0001,32.017978682957555,55.0441717792188
DEMO-G01-1C-0001,32.0564865149207,66.19349967973756
DEMO-G01-1C-0001,32.094994346883844,78.14862089041519
DEMO-G01-1C-0001,32.133502178846996,90.83101762116496
DEMO-G01-1C-0001,32.17201001081014,104.15799530051136
DEMO-G01-1C-0001,32.210517842773285,118.04332267100675
DEMO-G01-1C-0001,32.24902567473643,132.3978799828122
DEMO-G01-1C-0001,32.28753350669958,147.1303084545338
DEMO-G01-1C-0001,32.326041338662726,162.1476546879513
DEMO-G01-1C-0001,32.36454917062587,177.35600432613916
DEMO-G01-1C-0001,32.403057002589016,192.66109990838044
DEMO-G01-1C-0001,32.44156483455217,207.96893857797866
DEMO-G01-1C-0001,32.48007266651531,223.18634601732379
DEMO-G01-1C-0001,32.51858049847846,238.2215236985251
DEMO-G01-1C-0001,32.5570883304416,252.98456722849804
DEMO-G01-1C-0001,32.59559616240475,267.38795421904786
DEMO-G01-1C-0001,32.6341039943679,281.34700071202536
DEMO-G01-1C-0001,32.67261182633104,294.78028572664454
DEMO-G01-1C-0001,32.71111965829419,307.61004396315707
DEMO-G01-1C-0001,32.74962749025734,319.76252709008344
DEMO-G01-1C-0001,32.788135322220484,331.16833435814027
DEMO-G01-1C-0001,32.82664315418363,341.7627135237608
DEMO-G01-1C-0001,32.86515098614678,351.4858332301302
DEMO-G01-1C-0001,32.903658818109925,360.28302808802715
DEMO-G01-1C-0001,32.94216665007307,368.10501772690867
DEMO-G01-1C-0001,32.980674482036214,374.9081010548739
DEMO-G01-1C-0001,33.019182313999366,380.65432688074924
DEMO-G01-1C-0001,33.05769014596251,385.3116419195158
DEMO-G01-1C-0001,33.096197977925655,388.8540170311609
DEMO-G01-1C-0001,33.1347058098888,391.2615523397631
DEMO-G01-1C-0001,33.17321364185195,392.520561652078
DEMO-G01-1C-0001,33.211721473815096,392.62363634986
DEMO-G01-1C-0001,33.25022930577824,391.56968867544134
DEMO-G01-1C-0001,33.288737137741386,389.3639740722841
DEMO-G01-1C-0001,33.32724496970454,386.01809198890635
DEMO-G01-1C-0001,33.36575280166768,381.54996431251783
DEMO-G01-1C-0001,33.40426063363083,375.9837903751151
DEMO-G01-1C-0001,33.44276846559397,369.3499772767479
DEMO-G01-1C-0001,33.48127629755712,361.68504410516846
DEMO-G01-1C-0001,33.51978412952027,353.0314985055146
DEMO-G01-1C-0001,33.55829196148341,343.4376839743958
DEMO-G01-1C-0001,33.59679979344656,332.9575962273379
DEMO-G01-1C-0001,33.63530762540971,321.6506670222876
DEMO-G01-1C-0001,33.673815457372854,309.58151392135755
DEMO-G01-1C-0001,33.712323289336,296.819654642218
DEMO-G01-1C-0001,33.75083112129914,283.4391848936835
DEMO-G01-1C-0001,33.789338953262295,269.5184189084796
DEMO-G01-1C-0001,33.82784678522544,255.1394922808268
DEMO-G01-1C-0001,33.866354617188584,240.38792718466394
DEMO-G01-1C-0001,33.904862449151736,225.3521605863196
DEMO-G01-1C-0001,33.94337028111488,210.1230366657111
DEMO-G01-1C-0001,33.981878113078025,194.79326531329443
DEMO-G01-1C-0001,34.02038594504117,179.45684926329375
DEMO-G01-1C-0001,34.05889377700432,164.2084831420344
DEMO-G01-1C-0001,34.097401608967466,149.14292843562322
DEMO-G01-1C-0001,34.13590944093061,134.3543690944124
DEMO-G01-1C-0001,34.174417272893756,119.93575317087014
DEMO-G01-1C-0001,34.21292510485691,105.97812651080321
DEMO-G01-1C-0001,34.25143293682005,92.56996506306704
DEMO-G01-1C-0001,34.2899407687832,79.79651281815612
DEMO-G01-1C-0001,34.32844860074634,67.73913271224092
DEMO-G01-1C-0001,34.36695643270949,56.474678022397285
DEMO-G01-1C-0001,34.40546426467264,46.07489181789504
DEMO-G01-1C-0001,34.44397209663578,36.605841912067
DEMO-G01-1C-0001,34.48247992859893,28.12739847476654
DEMO-G01-1C-0001,34.52098776056208,20.69276101810629
DEMO-G01-1C-0001,34.559495592525224,14.348040864439675
DEMO-G01-1C-0001,34.59800342448837,9.131904457484078
DEMO-G01-1C-0001,34.63651125645151,5.075282002614907
DEMO-G01-1C-0001,34.675019088414665,2.201144942502139
DEMO-G01-1C-0001,34.71352692037781,0.5243547153096862
DEMO-G01-1C-0001,34.752034752340954,0.05158413350153887
DEMO-G01-1C-0001,34.7905425843041,0.781311592051868
DEMO-G01-1C-0001,34.82905041626725,2.7038871966814733
DEMO-G01-1C-0001,34.867558248230395,5.801668825608058
DEMO-G01-1C-0001,34.90606608019354,10.049225130523874
DEMO-G01-1C-0001,34.94457391215669,15.413601569191911
DEMO-G01-1C-0001,34.983081744119836,21.8546447644669
DEMO-G01-1C-0001,35.02158957608298,29.32537981937063
DEMO-G01-1C-0001,35.060097408046126,37.77243469653868
DEMO-G01-1C-0001,35.09860524000928,47.13650539930722
DEMO-G01-1C-0001,35.13711307197242,57.35285547186605
DEMO-G01-1C-0001,35.17562090393557,68.35184326348737
DEMO-G01-1C-0001,35.21412873589871,80.05947046817684
DEMO-G01-1C-0001,35.25263656786186,92.39794564431696
DEMO-G01-1C-0001,35.29114439982501,105.28625672314473
DEMO-G01-1C-0001,35.32965223178815,118.64074691294803
DEMO-G01-1C-0001,35.3681600637513,132.3756888782998
DEMO-G01-1C-0001,35.40666789571445,146.4038526007193
DEMO-G01-1C-0001,35.445175727677594,160.63706288943843
DEMO-G01-1C-0001,35.48368355964074,174.98674308930944
DEMO-G01-1C-0001,35.52219139160388,189.3644421100833
DEMO-G01-1C-0001,35.560699223567035,203.68234246152582
DEMO-G01-1C-0001,35.59920705553018,217.85374750891998
DEMO-G01-1C-0001,35.637714887493324,231.7935466518146
DEMO-G01-1C-0001,35.67622271945647,245.41865756728143
DEMO-G01-1C-0001,35.71473055141962,258.64844504059295
DEMO-G01-1C-0001,35.753238383382765,271.40511622793747
DEMO-G01-1C-0001,35.79174621534591,283.6140924546811
DEMO-G01-1C-0001,35.83025404730906,295.20435784978963
DEMO-G01-1C-0001,35.868761879272206,306.10878525364006
DEMO-G01-1C-0001,35.90726971123535,316.26443991549456
DEMO-G01-1C-0001,35.945777543198496,325.61286152280286
DEMO-G01-1C-0001,35.98428537516165,334.1003250820469
DEMO-G01-1C-0001,36.02279320712479,341.6780811056406
DEMO-G01-1C-0001,36.06130103908794,348.30257545704274
DEMO-G01-1C-0001,36.09980887105108,353.9356490731212
DEMO-G01-1C-0001,36.13831670301423,358.5447176247429
DEMO-G01-1C-0001,36.17682453497738,362.1029309997292
DEMO-G01-1C-0001,36.21533236694052,364.5893123026047
DEMO-G01-1C-0001,36.25384019890367,365.9888758690168
DEMO-G01-1C-0001,36.29234803086682,366.2927235949469
DEMO-G01-1C-0001,36.330855862829964,365.49811868788237
DEMO-G01-1C-0001,36.36936369479311,363.6085357645545
DEMO-G01-1C-0001,36.40787152675625,360.63368605385153
DEMO-G01-1C-0001,36.446379358719405,356.58951631968506
DEMO-G01-1C-0001,36.48488719068255,351.49818000331373
DEMO-G01-1C-0001,36.523395022645694,345.387979003746
DEMO-G01-1C-0001,36.56190285460884,338.29327447467733
DEMO-G01-1C-0001,36.60041068657199,330.25436502261834
DEMO-G01-1C-0001,36.638918518535135,321.3173307493714
DEMO-G01-1C-0001,36.67742635049828,311.53384169768714
DEMO-G01-1C-0001,36.715934182461424,300.9609294361998
DEMO-G01-1C-0001,36.754442014424576,289.6607207617177
DEMO-G01-1C-0001,36.79294984638772,277.7001328057406
DEMO-G01-1C-0001,36.831457678350866,265.1505292073471
DEMO-G01-1C-0001,36.86996551031402,252.08733745519947
DEMO-G01-1C-0001,36.90847334227716,238.5896280024919
DEMO-G01-1C-0001,36.94698117424031,224.73965631448277
DEMO-G01-1C-0001,36.98548900620345,210.62236960917934
DEMO-G01-1C-0001,37.0239968381666,196.3248806866561
DEMO-G01-1C-0001,37.06250467012975,181.93591189718182
DEMO-G01-1C-0001,37.10101250209289,167.5452129568178
DEMO-G01-1C-0001,37.13952033405604,153.24295696358462
DEMO-G01-1C-0001,37.17802816601919,139.11911957839652
DEMO-G01-1C-0001,37.216535997982334,125.26284689324945
DEMO-G01-1C-0001,37.25504382994548,111.76181799457446
DEMO-G01-1C-0001,37.29355166190862,98.7016086241905
DEMO-G01-1C-0001,37.33205949387177,86.16506262619818
DEMO-G01-1C-0001,37.37056732583492,74.2316780315004
DEMO-G01-1C-0001,37.409075157798064,62.977014661367335
DEMO-G01-1C-0001,37.44758298976121,52.47213002006952
DEMO-G01-1C-0001,37.48609082172435,42.783049991841985
DEMO-G01-1C-0001,37.524598653687505,33.9702804610793
DEMO-G01-1C-0001,37.56310648565065,26.088365443925706
DEMO-G01-1C-0001,37.601614317613794,19.18549666577163
DEMO-G01-1C-0001,37.64012214957694,13.303178759013356
DEMO-G01-1C-0001,37.67862998154009,8.475953408424791
DEMO-G01-1C-0001,37.717137813503236,4.731184860703142
DEMO-G01-1C-0001,37.75564564546638,2.0889082654537714
DEMO-G01-1C-0001,37.79415347742953,0.5617413530924202
DEMO-G01-1C-0001,37.83266130939268,0.15485900739211772
DEMO-G01-1C-0001,37.87116914135582,0.86602938196263
DEMO-G01-1C-0001,37.909676973318966,2.685709364277928
DEMO-G01-1C-0001,37.94818480528212,5.597196428480269
DEMO-G01-1C-0001,37.98669263724526,9.576833256166395
DEMO-G01-1C-0001,38.02520046920841,14.594260955679166
DEMO-G01-1C-0001,38.06370830117155,20.612716283562836
DEMO-G01-1C-0001,38.102216133134704,27.589367971012095
DEMO-G01-1C-0001,38.14072396509785,35.47568708286512
DEMO-G01-1C-0001,38.17923179706099,44.21784628261673
DEMO-G01-1C-0001,38.21773962902414,53.757142935669336
DEMO-G01-1C-0001,38.25624746098729,64.0304411437097
DEMO-G01-1C-0001,38.294755292950434,74.97062805120967
DEMO-G01-1C-0001,38.33326312491358,86.50708008584999
DEMO-G01-1C-0001,38.37177095687672,98.56613517070132
DEMO-G01-1C-0001,38.410278788839875,111.07156736076641
DEMO-G01-1C-0001,38.44878662080302,123.9450607929802
DEMO-G01-1C-0001,38.487294452766164,137.10668028109436
DEMO-G01-1C-0001,38.52580228472931,150.47533632045818
DEMO-G01-1C-0001,38.56431011669246,163.9692426795823
DEMO-G01-1C-0001,38.602817948655606,177.5063651349344
DEMO-G01-1C-0001,38.64132578061875,191.004860243585
DEMO-G01-1C-0001,38.679833612581895,204.38350333891344
DEMO-G01-1C-0001,38.71834144454505,217.56210517348666
DEMO-G01-1C-0001,38.75684927650819,230.46191681803222
DEMO-G01-1C-0001,38.795357108471336,243.0060225565606
DEMO-G01-1C-0001,38.83386494043449,255.11972059621988
DEMO-G01-1C-0001,38.87237277239763,266.7308914402444
DEMO-G01-1C-0001,38.91088060436078,277.7703537572066
DEMO-G01-1C-0001,38.94938843632392,288.17220752512543
DEMO-G01-1C-0001,38.987896268287074,297.87416414103274
DEMO-G01-1C-0001,39.02640410025022,306.8178630711046
DEMO-G01-1C-0001,39.06491193221336,314.9491744802871
DEMO-G01-1C-0001,39.10341976417651,322.21848712941045
DEMO-G01-1C-0001,39.14192759613966,328.5809806684943
DEMO-G01-1C-0001,39.180435428102804,333.99688129255793
DEMO-G01-1C-0001,39.21894326006595,338.4316995668458
DEMO-G01-1C-0001,39.25745109202909,341.85644907585424
DEMO-G01-1C-0001,39.295958923992245,344.24784441041555
DEMO-G01-1C-0001,39.33446675595539,345.5884768829611
DEMO-G01-1C-0001,39.372974587918534,345.866966257093
DEMO-G01-1C-0001,39.41148241988168,345.07808669753194
DEMO-G01-1C-0001,39.44999025184483,343.2228650941081
DEMO-G01-1C-0001,39.488498083807976,340.30864989225506
DEMO-G01-1C-0001,39.52700591577112,336.34914857624256
DEMO-G01-1C-0001,39.565513747734265,331.36443200355643
DEMO-G01-1C-0001,39.60402157969742,325.3809038831811
DEMO-G01-1C-0001,39.64252941166056,318.43123382991894
DEMO-G01-1C-0001,39.681037243623706,310.55425261455775
DEMO-G01-1C-0001,39.71954507558685,301.79480846775937
DEMO-G01-1C-0001,39.75805290755,292.2035835853679
DEMO-G01-1C-0001,39.79656073951315,281.83687032471306
DEMO-G01-1C-0001,39.83506857147629,270.75630697457666
DEMO-G01-1C-0001,39.87357640343944,259.0285734224808
DEMO-G01-1C-0001,39.91208423540259,246.72504752787523
DEMO-G01-1C-0001,39.95059206736573,233.92142353137322
DEMO-G01-1C-0001,39.98909989932888,220.69729438017347
DEMO-G01-1C-0001,40.02760773129203,207.13570041699253
DEMO-G01-1C-0001,40.066115563255174,193.3226474517837
DEMO-G01-1C-0001,40.10462339521832,179.34659779744587
DEMO-G01-1C-0001,40.14313122718146,165.29793838738323
DEMO-G01-1C-0001,40.181639059144615,151.26843058728556
DEMO-G01-1C-0001,40.22014689110776,137.35064674928745
DEMO-G01-1C-0001,40.258654723070904,123.637398917755
DEMO-G01-1C-0001,40.29716255503405,110.22116536700763
DEMO-G01-1C-0001,40.3356703869972,97.19352081965025
DEMO-G01-1C-0001,40.374178218960346,84.64457624897987
DEMO-G01-1C-0001,40.41268605092349,72.66243410347818
DEMO-G01-1C-0001,40.451193882886635,61.33266460198077
DEMO-G01-1C-0001,40.48970171484979,50.73780843510283
DEMO-G01-1C-0001,40.52820954681293,40.95691077785282
DEMO-G01-1C-0001,40.566717378776076,32.06509097778987
DEMO-G01-1C-0001,40.60522521073922,24.13315164744459
DEMO-G01-1C-0001,40.64373304270237,17.227230174573975
DEMO-G01-1C-0001,40.68224087466552,11.408494889969328
DEMO-G01-1C-0001,40.72074870662866,6.732887321686849
DEMO-G01-1C-0001,40.75925653859181,3.25091114073263
DEMO-G01-1C-0001,40.79776437055496,1.007467590318861
DEMO-G01-1C-0001,40.8362722025181,0.04173641262979765
DEMO-G01-1C-0001,40.87478003448125,0.38710056618056204
DEMO-G01-1C-0001,40.9132878664444,2.071112383155028
DEMO-G01-1C-0001,40.951795698407544,5.115498267198707
DEMO-G01-1C-0001,40.99030353037069,9.53619859148445
DEMO-G01-1C-0001,41.02881136233383,15.343439134389618
DEMO-G01-1C-0001,41.067319194296985,22.541830191246312
DEMO-G01-1C-0001,41.10582702626013,31.130489426596565
DEMO-G01-1C-0001,41.144334858223274,41.10318457931195
DEMO-G01-1C-0001,41.18284269018642,52.448492295438804
DEMO-G01-1C-0001,41.22135052214957,65.1499696305556
DEMO-G01-1C-0001,41.259858354112716,79.18633512059348
DEMO-G01-1C-0001,41.29836618607586,94.53165675131957
DEMO-G01-1C-0001,41.336874018039005,111.15554464362515
DEMO-G01-1C-0001,41.37538185000216,129.0233467950706
DEMO-G01-1C-0001,41.4138896819653,148.09634675716293
DEMO-G01-1C-0001,41.452397513928446,168.33196266333644
DEMO-G01-1C-0001,41.49090534589159,189.6839475341351
DEMO-G01-1C-0001,41.52941317785474,212.10259125681776
DEMO-G01-1C-0001,41.56792100981789,235.53492504906657
DEMO-G01-1C-0001,41.60642884178103,259.9249295584013
DEMO-G01-1C-0001,41.644936673744176,285.2137480068059
DEMO-G01-1C-0001,41.68344450570733,311.33990595876793
DEMO-G01-1C-0001,41.72195233767047,338.2395393624114
DEMO-G01-1C-0001,41.76046016963362,365.846632488145
DEMO-G01-1C-0001,41.79896800159677,394.09326726769575
DEMO-G01-1C-0001,41.837475833559914,422.9098853235117
DEMO-G01-1C-0001,41.87598366552306,452.22556368179903
DEMO-G01-1C-0001,41.9144914974862,481.96830479225116
DEMO-G01-1C-0001,41.952999329449355,512.0653410456405
DEMO-G01-1C-0001,41.9915071614125,542.4434535015938
DEMO-G01-1C-0001,42.030014993375644,573.0293040278169
DEMO-G01-1C-0001,42.06852282533879,603.7497795242568
DEMO-G01-1C-0001,42.10703065730194,634.5323463782868
DEMO-G01-1C-0001,42.145538489265086,665.3054127841326
DEMO-G01-1C-0001,42.18404632122823,695.9986960771598
DEMO-G01-1C-0001,42.222554153191375,726.5435917936553
DEMO-G01-1C-0001,42.26106198515453,756.8735407822086
DEMO-G01-1C-0001,42.29956981711767,786.9243903727497
DEMO-G01-1C-0001,42.338077649080816,816.6347453618457
DEMO-G01-1C-0001,42.37658548104396,845.9463044044599
DEMO-G01-1C-0001,42.41509331300711,874.8041773163004
DEMO-G01-1C-0001,42.45360114497026,903.1571787897726
DEMO-G01-1C-0001,42.4921089769334,930.9580941108809
DEMO-G01-1C-0001,42.530616808896546,958.1639126327162
DEMO-G01-1C-0001,42.5691246408597,984.7360250122999
DEMO-G01-1C-0001,42.60763247282284,1010.6403805465577
DEMO-G01-1C-0001,42.64614030478599,1035.8476013476104
DEMO-G01-1C-0001,42.68464813674913,1060.3330505714516
DEMO-G01-1C-0001,42.723155968712284,1084.0768524514986
DEMO-G01-1C-0001,42.76166380067543,1107.0638624838523
DEMO-G01-1C-0001,42.80017163263857,1129.2835867570566
DEMO-G01-1C-0001,42.838679464601725,1150.7300501069683
DEMO-G01-1C-0001,42.87718729656487,1171.4016134995159
DEMO-G01-1C-0001,42.915695128528014,1191.300741790362
DEMO-G01-1C-0001,42.95420296049116,1210.433723769351
DEMO-G01-1C-0001,42.99271079245431,1228.8103471588192
DEMO-G01-1C-0001,43.031218624417455,1246.4435319840902
DEMO-G01-1C-0001,43.0697264563806,1263.348926459269
DEMO-G01-1C-0001,43.108234288343745,1279.5444702162008
DEMO-G01-1C-0001,43.1467421203069,1295.0499303356878
DEMO-G01-1C-0001,43.18524995227004,1309.8864162020072
DEMO-G01-1C-0001,43.223757784233186,1324.07587968022
DEMO-G01-1C-0001,43.26226561619633,1337.6406074975903
DEMO-G01-1C-0001,43.30077344815948,1350.6027129834176
DEMO-G01-1C-0001,43.33928128012263,1362.9836344753935
DEMO-G01-1C-0001,43.37778911208577,1374.803647728427
DEMO-G01-1C-0001,43.416296944048916,1386.0813995579304
DEMO-G01-1C-0001,43.45480477601207,1396.8334697138866
DEMO-G01-1C-0001,43.49331260797521,1407.0739676148826
DEMO-G01-1C-0001,43.53182043993836,1416.8141700795786
DEMO-G01-1C-0001,43.5703282719015,1426.062205584543
DEMO-G01-1C-0001,43.608836103864654,1434.8227898647656
DEMO-G01-1C-0001,43.6473439358278,1443.0970168703027
DEMO-G01-1C-0001,43.68585176779094,1450.8822082171616
DEMO-G01-1C-0001,43.724359599754095,1458.1718233407025
DEMO-G01-1C-0001,43.76286743171724,1464.9554315956238
DEMO-G01-1C-0001,43.801375263680384,1471.2187465674942
DEMO-G01-1C-0001,43.83988309564353,1476.9437218873022
DEMO-G01-1C-0001,43.87839092760668,1482.1087068910579
DEMO-G01-1C-0001,43.916898759569825,1486.6886595585777
DEMO-G01-1C-0001,43.95540659153297,1490.6554133160982
DEMO-G01-1C-0001,43.993914423496115,1493.9779935086506
DEMO-G01-1C-0001,44.03242225545927,1496.6229786534673
DEMO-G01-1C-0001,44.07093008742241,1498.5549009832707
DEMO-G01-1C-0001,44.109437919385556,1499.7366802861434
DEMO-G01-1C-0001,44.1479457513487,1500.1300846516328
DEMO-G01-1C-0001,44.18645358331185,1499.6962114439505
DEMO-G01-1C-0001,44.224961415275,1498.3959816442448
DEMO-G01-1C-0001,44.26346924723814,1496.190640635106
DEMO-G01-1C-0001,44.301977079201286,1493.0422585396207
DEMO-G01-1C-0001,44.34048491116444,1488.9142233727416
DEMO-G01-1C-0001,44.37899274312758,1483.7717205101947
DEMO-G01-1C-0001,44.41750057509073,1477.582192324893
DEMO-G01-1C-0001,44.45600840705387,1470.315772277389
DEMO-G01-1C-0001,44.494516239017024,1461.9456882677891
DEMO-G01-1C-0001,44.53302407098017,1452.4486306539245
DEMO-G01-1C-0001,44.57153190294331,1441.8050810049795
DEMO-G01-1C-0001,44.61003973490646,1429.9995983797185
DEMO-G01-1C-0001,44.64854756686961,1417.0210606828794
DEMO-G01-1C-0001,44.687055398832754,1402.862859447099
DEMO-G01-1C-0001,44.7255632307959,1387.5230471969649
DEMO-G01-1C-0001,44.76407106275905,1371.0044373606854
DEMO-G01-1C-0001,44.802578894722195,1353.3146574851858
DEMO-G01-1C-0001,44.84108672668534,1334.466157267024
DEMO-G01-1C-0001,44.879594558648485,1314.476173616022
DEMO-G01-1C-0001,44.91810239061164,1293.366655604379
DEMO-G01-1C-0001,44.95661022257478,1271.164152707358
DEMO-G01-1C-0001,44.995118054537926,1247.8996701972428
DEMO-G01-1C-0001,45.03362588650107,1223.6084959007292
DEMO-G01-1C-0001,45.07213371846422,1198.3300027612092
DEMO-G01-1C-0001,45.11064155042737,1172.107431758676
DEMO-G01-1C-0001,45.14914938239051,1144.9876597273174
DEMO-G01-1C-0001,45.187657214353656,1117.020956479023
DEMO-G01-1C-0001,45.22616504631681,1088.2607353940039
DEMO-G01-1C-0001,45.26467287827995,1058.7633012883796
DEMO-G01-1C-0001,45.3031807102431,1028.587598925363
DEMO-G01-1C-0001,45.34168854220624,997.794965017569
DEMO-G01-1C-0001,45.380196374169394,966.4488859910847
DEMO-G01-1C-0001,45.41870420613254,934.6147631670989
DEMO-G01-1C-0001,45.45721203809568,902.3596863858654
DEMO-G01-1C-0001,45.49571987005883,869.7522164703244
DEMO-G01-1C-0001,45.53422770202198,836.8621763260064
DEMO-G01-1C-0001,45.572735533985124,803.760449917598
DEMO-G01-1C-0001,45.61124336594827,770.5187878702387
DEMO-G01-1C-0001,45.649751197911414,737.2096180313633
DEMO-G01-1C-0001,45.688259029874565,703.9058590080444
DEMO-G01-1C-0001,45.72676686183771,670.680734477379
DEMO-G01-1C-0001,45.765274693800855,637.6075859583524
DEMO-G01-1C-0001,45.80378252576401,604.7596817359138
DEMO-G01-1C-0001,45.84229035772715,572.2100197410042
DEMO-G01-1C-0001,45.880798189690296,540.0311224085888
DEMO-G01-1C-0001,45.91930602165344,508.2948218520024
DEMO-G01-1C-0001,45.95781385361659,477.07203409336336
DEMO-G01-1C-0001,45.99632168557974,446.4325215637456
DEMO-G01-1C-0001,46.03482951754288,416.444643614435
DEMO-G01-1C-0001,46.073337349506026,387.1750953453811
DEMO-G01-1C-0001,46.11184518146918,358.68863563763045
DEMO-G01-1C-0001,46.15035301343232,331.0478058531482
DEMO-G01-1C-0001,46.18886084539547,304.31264121851865
DEMO-G01-1C-0001,46.22736867735861,278.5403774186676
DEMO-G01-1C-0001,46.265876509321764,253.78515537543888
DEMO-G01-1C-0001,46.30438434128491,230.09772755899775
DEMO-G01-1C-0001,46.34289217324805,207.525169464102
DEMO-G01-1C-0001,46.3814000052112,186.1106000701802
DEMO-G01-1C-0001,46.41990783717435,165.89291518714842
DEMO-G01-1C-0001,46.458415669137494,146.90653756712618
DEMO-G01-1C-0001,46.49692350110064,129.18118753675785
DEMO-G01-1C-0001,46.535431333063784,112.74167768192461
DEMO-G01-1C-0001,46.573939165026935,97.60773480431122
DEMO-G01-1C-0001,46.61244699699008,83.79385197993787
DEMO-G01-1C-0001,46.650954828953225,71.30917309682596
DEMO-G01-1C-0001,46.68946266091638,60.157411748257374
DEMO-G01-1C-0001,46.72797049287952,50.3368058260785
DEMO-G01-1C-0001,46.766478324842666,41.84010861192096
DEMO-G01-1C-0001,46.80498615680581,34.65461661947393
DEMO-G01-1C-0001,46.84349398876896,28.762233913061063
DEMO-G01-1C-0001,46.88200182073211,24.139572130603156
DEMO-G01-1C-0001,46.92050965269525,20.758084983729773
DEMO-G01-1C-0001,46.959017484658396,18.58423560398257
DEMO-G01-1C-0001,46.99752531662155,17.579694757801605
DEMO-G01-1C-0001,47.03603314858469,17.701567668635487
DEMO-G01-1C-0001,47.07454098054784,18.902646963623656
DEMO-G01-1C-0001,47.11304881251098,21.131689103607265
DEMO-G01-1C-0001,47.151556644474134,24.333711556567387
DEMO-G01-1C-0001,47.19006447643728,28.450307930619033
DEMO-G01-1C-0001,47.22857230840042,33.4199782883059
DEMO-G01-1C-0001,47.26708014036357,39.17847191178843
DEMO-G01-1C-0001,47.30558797232672,45.65913987177117
DEMO-G01-1C-0001,47.344095804289864,52.79329486394133
DEMO-G01-1C-0001,47.38260363625301,60.51057590865402
DEMO-G01-1C-0001,47.421111468216154,68.73931565514096
DEMO-G01-1C-0001,47.459619300179305,77.40690818557131
DEMO-G01-1C-0001,47.49812713214245,86.44017537110274
DEMO-G01-1C-0001,47.536634964105595,95.7657299875765
DEMO-G01-1C-0001,47.57514279606874,105.3103339496798
DEMO-G01-1C-0001,47.61365062803189,115.00125016652973
DEMO-G01-1C-0001,47.652158459995036,124.76658665731136
DEMO-G01-1C-0001,47.69066629195818,134.5356316918465
DEMO-G01-1C-0001,47.72917412392133,144.23917883722925
DEMO-G01-1C-0001,47.76768195588448,153.80984089801612
DEMO-G01-1C-0001,47.80618978784762,163.18235183375774
DEMO-G01-1C-0001,47.844697619810766,172.2938558242814
DEMO-G01-1C-0001,47.88320545177392,181.08418272985742
DEMO-G01-1C-0001,47.92171328373706,189.49610926046515
DEMO-G01-1C-0001,47.96022111570021,197.47560522528525
DEMO-G01-1C-0001,47.99872894766335,204.97206427992822
DEMO-G01-1C-0001,48.037236779626504,211.93851862458487
DEMO-G01-1C-0001,48.07574461158965,218.33183713007514
DEMO-G01-1C-0001,48.11425244355279,224.112906380825
DEMO-G01-1C-0001,48.15276027551594,229.24679412354885
DEMO-G01-1C-0001,48.19126810747909,233.7028945980022
DEMO-G01-1C-0001,48.229775939442234,237.4550552024274
DEMO-G01-1C-0001,48.26828377140538,240.48168391219608
DEMO-G01-1C-0001,48.306791603368524,242.76583682805136
DEMO-G01-1C-0001,48.345299435331675,244.2952851825478
DEMO-G01-1C-0001,48.38380726729482,245.0625610840533
DEMO-G01-1C-0001,48.422315099257965,245.06498123051105
DEMO-G01-1C-0001,48.46082293122111,244.3046477861686
DEMO-G01-1C-0001,48.49933076318426,242.7884255880242
DEMO-G01-1C-0001,48.537838595147406,240.5278948418489
DEMO-G01-1C-0001,48.57634642711055,237.53927848559138
DEMO-G01-1C-0001,48.614854259073695,233.84334344669267
DEMO-G01-1C-0001,48.65336209103685,229.4652751047725
DEMO-G01-1C-0001,48.69186992299999,224.43452439656673
DEMO-G01-1C-0001,48.730377754963136,218.7846271690256
DEMO-G01-1C-0001,48.76888558692629,212.5529956015366
DEMO-G01-1C-0001,48.80739341888943,205.78068177839606
DEMO-G01-1C-0001,48.84590125085258,198.51211379742455
DEMO-G01-1C-0001,48.88440908281572,190.79480514487673
DEMO-G01-1C-0001,48.922916914778874,182.67903844584285
DEMO-G01-1C-0001,48.96142474674202,174.21752510410002
DEMO-G01-1C-0001,48.99993257870516,165.46504276754604
DEMO-G01-1C-0001,49.03844041066831,156.47805298177664
DEMO-G01-1C-0001,49.07694824263146,147.3143018145709
DEMO-G01-1C-0001,49.115456074594604,138.0324066329045
DEMO-G01-1C-0001,49.15396390655775,128.6914325792872
DEMO-G01-1C-0001,49.192471738520894,119.35046261208336
DEMO-G01-1C-0001,49.230979570484045,110.06816523232507
DEMO-G01-1C-0001,49.26948740244719,100.90236420745464
DEMO-G01-1C-0001,49.307995234410335,91.90961471035448
DEMO-G01-1C-0001,49.34650306637348,83.14479031482689
DEMO-G01-1C-0001,49.38501089833663,74.66068522139334
DEMO-G01-1C-0001,49.423518730299776,66.50763593063681
DEMO-G01-1C-0001,49.46202656226292,58.73316633645855
DEMO-G01-1C-0001,49.500534394226065,51.381659885420014
DEMO-G01-1C-0001,49.53904222618922,44.49406204776457
DEMO-G01-1C-0001,49.57755005815236,38.10761588291518
DEMO-G01-1C-0001,49.616057890115506,32.255632968964065
DEMO-G01-1C-0001,49.65456572207866,26.967301417152786
DEMO-G01-1C-0001,49.6930735540418,22.267532123230808
DEMO-G01-1C-0001,49.73158138600495,18.176843833624094
DEMO-G01-1C-0001,49.77008921796809,14.711287040888488
DEMO-G01-1C-0001,49.808597049931244,11.882406183725294
DEMO-G01-1C-0001,49.84710488189439,9.697239125190997
DEMO-G01-1C-0001,49.88561271385753,8.15835242926032
DEMO-G01-1C-0001,49.92412054582068,7.263910559440874
DEMO-G01-1C-0001,49.96262837778383,7.007776790216211
DEMO-G01-1C-0001,50.001136209746974,7.379643356579761
DEMO-G01-1C-0001,50.03964404171012,8.36518817038288
DEMO-G01-1C-0001,50.078151873673264,9.946255304095947
DEMO-G01-1C-0001,50.116659705636415,12.101056379933244
DEMO-G01-1C-0001,50.15516753759956,14.804390000763906
DEMO-G01-1C-0001,50.193675369562705,18.027876412725888
DEMO-G01-1C-0001,50.23218320152585,21.740204690910495
DEMO-G01-1C-0001,50.270691033489,25.90738988118105
DEMO-G01-1C-0001,50.309198865452146,30.49303770469465
DEMO-G01-1C-0001,50.34770669741529,35.458614628980754
DEMO-G01-1C-0001,50.386214529378435,40.763721321984974
DEMO-G01-1C-0001,50.42472236134159,46.36636772632051
DEMO-G01-1C-0001,50.46323019330473,52.22324821205904
DEMO-G01-1C-0001,50.501738025267876,58.290015482628846
DEMO-G01-1C-0001,50.54024585723102,64.52155211325658
DEMO-G01-1C-0001,50.57875368919417,70.87223879121989
DEMO-G01-1C-0001,50.61726152115732,77.29621849784243
DEMO-G01-1C-0001,50.65576935312046,83.74765602115339
DEMO-G01-1C-0001,50.694277185083614,90.18099231342244
DEMO-G01-1C-0001,50.73278501704676,96.55119330828013
DEMO-G01-1C-0001,50.7712928490099,102.81399288723118
DEMO-G01-1C-0001,50.80980068097305,108.92612973509753
DEMO-G01-1C-0001,50.8483085129362,114.84557784904003
DEMO-G01-1C-0001,50.886816344899344,120.53177046676814
DEMO-G01-1C-0001,50.92532417686249,125.94581715837677
DEMO-G01-1C-0001,50.963832008825634,131.05071378368032
DEMO-G01-1C-0001,51.002339840788785,135.81154495568342
DEMO-G01-1C-0001,51.04084767275193,140.19567857233073
DEMO-G01-1C-0001,51.079355504715075,144.17295188594804
DEMO-G01-1C-0001,51.11786333667822,147.71584847489714
DEMO-G01-1C-0001,51.15637116864137,150.79966536847505
DEMO-G01-1C-0001,51.194879000604516,153.40266945694623
DEMO-G01-1C-0001,51.23338683256766,155.50624219744586
DEMO-G01-1C-0001,51.271894664530805,157.09501150768864
DEMO-G01-1C-0001,51.31040249649396,158.15696962681633
DEMO-G01-1C-0001,51.3489103284571,158.68357562157945
DEMO-G01-1C-0001,51.387418160420246,158.6698411306612
DEMO-G01-1C-0001,51.42592599238339,158.11439787615785
DEMO-G01-1C-0001,51.46443382434654,157.01954543356595
DEMO-G01-1C-0001,51.50294165630969,155.39127774563923
DEMO-G01-1C-0001,51.54144948827283,153.2392868956624
DEMO-G01-1C-0001,51.57995732023598,150.57694272669423
DEMO-G01-1C-0001,51.61846515219913,147.42124700823774
DEMO-G01-1C-0001,51.65697298416227,143.7927610139608
DEMO-G01-1C-0001,51.69548081612542,139.71550558413176
DEMO-G01-1C-0001,51.73398864808857,135.2168330052162
DEMO-G01-1C-0001,51.772496480051714,130.327270344279
DEMO-G01-1C-0001,51.81100431201486,125.08033422478081
DEMO-G01-1C-0001,51.849512143978004,119.51231741744519
DEMO-G01-1C-0001,51.888019975941155,113.66204803857951
DEMO-G01-1C-0001,51.9265278079043,107.57062258943415
DEMO-G01-1C-0001,51.965035639867445,101.28111452410424
DEMO-G01-1C-0001,52.00354347183059,94.83826048812358
DEMO-G01-1C-0001,52.04205130379374,88.28812681317213
DEMO-G01-1C-0001,52.080559135756886,81.6777592716014
DEMO-G01-1C-0001,52.11906696772003,75.05481947553243
DEMO-G01-1C-0001,52.157574799683175,68.46721163529003
DEMO-G01-1C-0001,52.19608263164633,61.96270366066786
DEMO-G01-1C-0001,52.23459046360947,55.588546784597526
DEMO-G01-1C-0001,52.273098295572616,49.39109800515676
DEMO-G01-1C-0001,52.31160612753576,43.415449672157344
DEMO-G01-1C-0001,52.35011395949891,37.70507048661388
DEMO-G01-1C-0001,52.38862179146206,32.30146203414667
DEMO-G01-1C-0001,52.4271296234252,27.243834741149616
DEMO-G01-1C-0001,52.46563745538835,22.568806829913214
DEMO-G01-1C-0001,52.5041452873515,18.31012946517588
DEMO-G01-1C-0001,52.54265311931464,14.4984408402871
DEMO-G01-1C-0001,52.58116095127779,11.161051458965773
DEMO-G01-1C-0001,52.61966878324094,8.321762342791512
DEMO-G01-1C-0001,52.658176615204084,6.0007173494856865
DEMO-G01-1C-0001,52.69668444716723,4.2142902381990295
DEMO-G01-1C-0001,52.73519227913037,2.975006579396489
DEMO-G01-1C-0001,52.773700111093525,2.2915000926821225
DEMO-G01-1C-0001,52.81220794305667,2.1685025177307216
DEMO-G01-1C-0001,52.850715775019815,2.6068656921000803
DEMO-G01-1C-0001,52.88922360698296,3.6036141332109066
DEMO-G01-1C-0001,52.92773143894611,5.152026106305865
DEMO-G01-1C-0001,52.966239270909256,7.2417409094805345
DEMO-G01-1C-0001,53.0047471028724,9.858889922347505
DEMO-G01-1C-0001,53.043254934835545,12.986248845985335
DEMO-G01-1C-0001,53.0817627667987,16.603408505845465
DEMO-G01-1C-0001,53.12027059876184,20.68696159204134
DEMO-G01-1C-0001,53.158778430724986,25.210702767447863
DEMO-G01-1C-0001,53.19728626268813,30.145839676359852
DEMO-G01-1C-0001,53.23579409465128,35.46121252811664
DEMO-G01-1C-0001,53.27430192661443,41.123520103054965
DEMO-G01-1C-0001,53.31280975857757,47.09755022480795
DEMO-G01-1C-0001,53.35131759054072,53.346412955240034
DEMO-G01-1C-0001,53.38982542250387,59.831774989428474
DEMO-G01-1C-0001,53.42833325446701,66.51409395056487
DEMO-G01-1C-0001,53.46684108643016,73.35285150279081
DEMO-G01-1C-0001,53.5053489183933,80.30678440818603
DEMO-G01-1C-0001,53.543856750356454,87.33411284744648
DEMO-G01-1C-0001,53.5823645823196,94.39276549899097
DEMO-G01-1C-0001,53.62087241428274,101.44060102434567
DEMO-G01-1C-0001,53.659380246245895,108.43562573709102
DEMO-G01-1C-0001,53.69788807820904,115.33620733607101
DEMO-G01-1C-0001,53.736395910172185,122.10128466048467
DEMO-G01-1C-0001,53.77490374213533,128.69057347368653
DEMO-G01-1C-0001,53.81341157409848,135.06476830475196
DEMO-G01-1C-0001,53.851919406061626,141.18574037213517
DEMO-G01-1C-0001,53.89042723802477,147.0167315827316
DEMO-G01-1C-0001,53.928935069987915,152.5225445445273
DEMO-G01-1C-0001,53.96744290195107,157.66972845204225
DEMO-G01-1C-0001,54.00595073391421,162.42676060447468
DEMO-G01-1C-0001,54.044458565877356,166.76422319777282
DEMO-G01-1C-0001,54.0829663978405,170.65497489781086
DEMO-G01-1C-0001,54.12147422980365,174.0743165547534
DEMO-G01-1C-0001,54.1599820617668,177.00015026250065
DEMO-G01-1C-0001,54.19848989372994,179.41313080610817
DEMO-G01-1C-0001,54.23699772569309,181.2968083780204
DEMO-G01-1C-0001,54.27550555765624,182.6377612868282
DEMO-G01-1C-0001,54.31401338961938,183.42571723421088
DEMO-G01-1C-0001,54.35252122158253,183.65366160334014
DEMO-G01-1C-0001,54.39102905354567,183.31793109048056
DEMO-G01-1C-0001,54.429536885508824,182.41829092715966
DEMO-G01-1C-0001,54.46804471747197,180.95799388876793
DEMO-G01-1C-0001,54.50655254943511,178.94381927256987
DEMO-G01-1C-0001,54.54506038139826,176.38609005873195
DEMO-G01-1C-0001,54.58356821336141,173.29866654709258
DEMO-G01-1C-0001,54.622076045324555,169.69891489256548
DEMO-G01-1C-0001,54.6605838772877,165.60764914672882
DEMO-G01-1C-0001,54.69909170925085,161.0490456516932
DEMO-G01-1C-0001,54.737599541213996,156.05052892527064
DEMO-G01-1C-0001,54.77610737317714,150.64262851971338
DEMO-G01-1C-0001,54.814615205140285,144.85880672620374
DEMO-G01-1C-0001,54.85312303710344,138.7352574265411
DEMO-G01-1C-0001,54.89163086906658,132.31067685362163
DEMO-G01-1C-0001,54.930138701029726,125.62600750321013
DEMO-G01-1C-0001,54.96864653299287,118.7241569287017
DEMO-G01-1C-0001,55.00715436495602,111.64969363575439
DEMO-G01-1C-0001,55.04566219691917,104.44852276000215
DEMO-G01-1C-0001,55.08417002888231,97.16754464555065
DEMO-G01-1C-0001,55.12267786084546,89.85429982984664
DEMO-G01-1C-0001,55.16118569280861,82.5566042696364
DEMO-G01-1C-0001,55.19969352477175,75.32217890094867
DEMO-G01-1C-0001,55.2382013567349,68.19827780480323
DEMO-G01-1C-0001,55.27670918869804,61.23131934121569
DEMO-G01-1C-0001,55.315217020661194,54.466524614426646
DEMO-G01-1C-0001,55.35372485262434,47.94756753916664
DEMO-G01-1C-0001,55.39223268458748,41.71624059446678
DEMO-G01-1C-0001,55.43074051655063,35.81214008178328
DEMO-G01-1C-0001,55.46924834851378,30.272374356763752
DEMO-G01-1C-0001,55.507756180476925,25.13129808821094
DEMO-G01-1C-0001,55.54626401244007,20.420275127012907
DEMO-G01-1C-0001,55.58477184440322,16.167472055304792
DEMO-G01-1C-0001,55.623279676366366,12.397683947191318
DEMO-G01-1C-0001,55.66178750832951,9.132193322292425
DEMO-G01-1C-0001,55.700295340292655,6.3886627271871275
DEMO-G01-1C-0001,55.73880317225581,4.181060851828885
DEMO-G01-1C-0001,55.77731100421895,2.519621591195396
DEMO-G01-1C-0001,55.815818836182096,1.410835007983303
DEMO-G01-1C-0001,55.85432666814524,0.8574687493053267
DEMO-G01-1C-0001,55.89283450010839,0.8586181261190315
DEMO-G01-1C-0001,55.93134233207154,1.409782783074803
DEMO-G01-1C-0001,55.96985016403468,2.5029676710475584
DEMO-G01-1C-0001,56.00835799599783,4.126805884997273
DEMO-G01-1C-0001,56.04686582796098,6.266700844107109
DEMO-G01-1C-0001,56.08537365992412,8.904985265907225
DEMO-G01-1C-0001,56.12388149188727,12.021094416239483
DEMO-G01-1C-0001,56.16238932385041,15.591751196359917
DEMO-G01-1C-0001,56.200897155813564,19.591160750312778
DEMO-G01-1C-0001,56.23940498777671,23.991212432389805
DEMO-G01-1C-0001,56.27791281973985,28.76168715863407
DEMO-G01-1C-0001,56.316420651703,33.87046836995636
DEMO-G01-1C-0001,56.35492848366615,39.283755050726846
DEMO-G01-1C-0001,56.393436315629295,44.966275468215
DEMO-G01-1C-0001,56.43194414759244,50.88150051916757
DEMO-G01-1C-0001,56.470451979555584,56.99185578405766
DEMO-G01-1C-0001,56.508959811518736,63.25893159240635
DEMO-G01-1C-0001,56.54746764348188,69.64369058985348
DEMO-G01-1C-0001,56.585975475445025,76.10667246535824
DEMO-G01-1C-0001,56.62448330740818,82.60819564301585
DEMO-G01-1C-0001,56.66299113937132,89.10855586450123
DEMO-G01-1C-0001,56.701498971334466,95.5682216838889
DEMO-G01-1C-0001,56.74000680329761,101.94802696565402
DEMO-G01-1C-0001,56.77851463526076,108.2093605180152
DEMO-G01-1C-0001,56.81702246722391,114.31435300780525
DEMO-G01-1C-0001,56.85553029918705,120.22606128987924
DEMO-G01-1C-0001,56.8940381311502,125.90865024431865
DEMO-G01-1C-0001,56.93254596311335,131.3275721498366
DEMO-G01-1C-0001,56.97105379507649,136.4497435328168
DEMO-G01-1C-0001,57.00956162703964,141.2437193209076
DEMO-G01-1C-0001,57.04806945900278,145.6798639997334
DEMO-G01-1C-0001,57.086577290965934,149.7305193243428
DEMO-G01-1C-0001,57.12508512292908,153.37016797654252
DEMO-G01-1C-0001,57.16359295489222,156.5755923890198
DEMO-G01-1C-0001,57.20210078685537,159.32602778159855
DEMO-G01-1C-0001,57.24060861881852,161.60330827843845
DEMO-G01-1C-0001,57.279116450781665,163.39200480335322
DEMO-G01-1C-0001,57.31762428274481,164.67955328867689
DEMO-G01-1C-0001,57.356132114707954,165.45637158774488
DEMO-G01-1C-0001,57.394639946671106,165.7159633581161
DEMO-G01-1C-0001,57.43314777863425,165.45500708826262
DEMO-G01-1C-0001,57.471655610597395,164.67342838141357
DEMO-G01-1C-0001,57.51016344256055,163.37445359139346
DEMO-G01-1C-0001,57.54867127452369,161.5646429331789
DEMO-G01-1C-0001,57.587179106486836,159.25390126872298
DEMO-G01-1C-0001,57.62568693844998,156.4554649009564
DEMO-G01-1C-0001,57.66419477041313,153.18586289637773
DEMO-G01-1C-0001,57.70270260237628,149.46485170128992
DEMO-G01-1C-0001,57.74121043433942,145.31532211532615
DEMO-G01-1C-0001,57.77971826630257,140.76317803662698
DEMO-G01-1C-0001,57.81822609826572,135.83718678925888
DEMO-G01-1C-0001,57.85673393022886,130.5688012783833
DEMO-G01-1C-0001,57.89524176219201,124.99195468244622
DEMO-G01-1C-0001,57.93374959415515,119.14282887370871
DEMO-G01-1C-0001,57.972257426118304,113.05959824515597
DEMO-G01-1C-0001,58.01076525808145,106.78215110098449
DEMO-G01-1C-0001,58.04927309004459,100.35179122404288
DEMO-G01-1C-0001,58.08778092200774,93.81092265351866
DEMO-G01-1C-0001,58.12628875397089,87.20272107603611
DEMO-G01-1C-0001,58.164796585934035,80.57079554060678
DEMO-G01-1C-0001,58.20330441789718,73.95884444223037
DEMO-G01-1C-0001,58.241812249860324,67.41030987172496
DEMO-G01-1C-0001,58.280320081823476,60.96803449499471
DEMO-G01-1C-0001,58.31882791378662,54.6739251002503
DEMO-G01-1C-0001,58.357335745749765,48.5686268373776
DEMO-G01-1C-0001,58.39584357771291,42.69121197225226
DEMO-G01-1C-0001,58.43435140967606,37.07888669749453
DEMO-G01-1C-0001,58.472859241639206,31.766719187835264
DEMO-G01-1C-0001,58.51136707360235,26.787391674825205
DEMO-G01-1C-0001,58.5498749055655,22.17097885458533
DEMO-G01-1C-0001,58.58838273752865,17.944754447905787
DEMO-G01-1C-0001,58.62689056949179,14.133027218754613
DEMO-G01-1C-0001,58.66539840145494,10.75700724030977
DEMO-G01-1C-0001,58.70390623341809,7.834702690347733
DEMO-G01-1C-0001,58.74241406538123,5.380846974024146
DEMO-G01-1C-0001,58.78092189734438,3.4068555226509503
DEMO-G01-1C-0001,58.81942972930752,1.920811211981879
DEMO-G01-1C-0001,58.857937561270674,0.927476990232464
DEMO-G01-1C-0001,58.89644539323382,0.4283340099655409
DEMO-G01-1C-0001,58.93495322519696,0.42164332228052787
DEMO-G01-1C-0001,58.97346105716011,0.9025290174982624
DEMO-G01-1C-0001,59.01196888912326,1.8630805828938815
DEMO-G01-1C-0001,59.050476721086405,3.2924721923364864
DEMO-G01-1C-0001,59.08898455304955,5.177096640972226
DEMO-G01-1C-0001,59.127492385012694,7.500711685026013
DEMO-G01-1C-0001,59.166000216975846,10.24459663642897
DEMO-G01-1C-0001,59.20450804893899,13.387717187559021
DEMO-G01-1C-0001,59.243015880902135,16.906896596092647
DEMO-G01-1C-0001,59.28152371286528,20.77699153674843
DEMO-G01-1C-0001,59.32003154482843,24.971071118833787
DEMO-G01-1C-0001,59.358539376791576,29.460597769426972
DEMO-G01-1C-0001,59.39704720875472,34.21560888584332
DEMO-G01-1C-0001,59.435555040717865,39.20489836213499
DEMO-G01-1C-0001,59.47406287268102,44.39619728805542
DEMO-G01-1C-0001,59.51257070464416,49.756353300891135
DEMO-G01-1C-0001,59.55107853660731,55.25150823714489
DEMO-G01-1C-0001,59.58958636857046,60.84727387933854
DEMO-G01-1C-0001,59.6280942005336,66.50890572088512
DEMO-G01-1C-0001,59.66660203249675,72.20147477675548
DEMO-G01-1C-0001,59.70510986445989,77.89003754851161
DEMO-G01-1C-0001,59.743617696423044,83.53980430824288
DEMO-G01-1C-0001,59.78212552838619,89.11630589583342
DEMO-G01-1C-0001,59.82063336034933,94.58555922871408
DEMO-G01-1C-0001,59.85914119231248,99.91423170160192
DEMO-G01-1C-0001,59.89764902427563,105.06980460783998
DEMO-G01-1C-0001,59.936156856238775,110.02073564294594
DEMO-G01-1C-0001,59.97466468820192,114.73662045806837
DEMO-G01-1C-0001,60.013172520165064,119.18835311601352
DEMO-G01-1C-0001,60.051680352128216,123.34828516925771
DEMO-G01-1C-0001,60.09018818409136,127.19038292925627
DEMO-G01-1C-0001,60.128696016054505,130.6903823331698
DEMO-G01-1C-0001,60.16720384801765,133.82594064159886
DEMO-G01-1C-0001,60.2057116799808,136.57678402288445
DEMO-G01-1C-0001,60.244219511943946,138.92484990124933
DEMO-G01-1C-0001,60.28272734390709,140.85442277246023
DEMO-G01-1C-0001,60.321235175870235,142.3522620278232
DEMO-G01-1C-0001,60.35974300783339,143.40772018108643
DEMO-G01-1C-0001,60.39825083979653,144.01284976967855
DEMO-G01-1C-0001,60.43675867175968,144.16249710785445
DEMO-G01-1C-0001,60.47526650372283,143.85438101122364
DEMO-G01-1C-0001,60.51377433568597,143.0891545954839
DEMO-G01-1C-0001,60.55228216764912,141.87044828200948
DEMO-G01-1C-0001,60.59078999961226,140.2048922239298
DEMO-G01-1C-0001,60.629297831575414,138.10211650093936
DEMO-G01-1C-0001,60.66780566353856,135.57472762145156
DEMO-G01-1C-0001,60.7063134955017,132.63826011614705
DEMO-G01-1C-0001,60.74482132746485,129.31110230603045
DEMO-G01-1C-0001,60.783329159428,125.61439567592716
DEMO-G01-1C-0001,60.821836991391145,121.57190767586482
DEMO-G01-1C-0001,60.86034482335429,117.20987819854193
DEMO-G01-1C-0001,60.898852655317434,112.55684043251274
DEMO-G01-1C-0001,60.937360487280586,107.64341725484287
DEMO-G01-1C-0001,60.97586831924373,102.50209479223957
DEMO-G01-1C-0001,61.014376151206875,97.16697523136634
DEMO-G01-1C-0001,61.05288398317002,91.67351138430855
DEMO-G01-1C-0001,61.09139181513317,86.05822589948463
DEMO-G01-1C-0001,61.129899647096316,80.3584183400429
DEMO-G01-1C-0001,61.16840747905946,74.61186361878751
DEMO-G01-1C-0001,61.206915311022605,68.85650547258822
DEMO-G01-1C-0001,61.24542314298576,63.13014877248729
DEMO-G01-1C-0001,61.2839309749489,57.47015449515567
DEMO-G01-1C-0001,61.32243880691205,51.913141124843186
DEMO-G01-1C-0001,61.36094663887519,46.49469611544565
DEMO-G01-1C-0001,61.39945447083834,41.2491008237405
DEMO-G01-1C-0001,61.43796230280149,36.209072035273365
DEMO-G01-1C-0001,61.47647013476463,31.40552285316391
DEMO-G01-1C-0001,61.514977966727784,26.86734531909511
DEMO-G01-1C-0001,61.55348579869093,22.621216698014308
DEMO-G01-1C-0001,61.59199363065407,18.691430896693507
DEMO-G01-1C-0001,61.63050146261722,15.09975601599923
DEMO-G01-1C-0001,61.66900929458037,11.865318569898205
DEMO-G01-1C-0001,61.707517126543515,9.00451445438123
DEMO-G01-1C-0001,61.74602495850666,6.530946326856796
DEMO-G01-1C-0001,61.784532790469804,4.455386671499697
DEMO-G01-1C-0001,61.823040622432956,2.785765485408948
DEMO-G01-1C-0001,61.8615484543961,1.5271812303281536
DEMO-G01-1C-0001,61.900056286359245,0.6819334583357541
DEMO-G01-1C-0001,61.93856411832239,0.24957533898227285
DEMO-G01-1C-0001,61.97707195028554,0.2269841894886345
DEMO-G01-1C-0001,62.015579782248686,0.6084480369211995
DEMO-G01-1C-0001,62.05408761421183,1.3857662183721873
DEMO-G01-1C-0001,62.092595446174975,2.5483620477097544
DEMO-G01-1C-0001,62.13110327813813,4.083405640110215
DEMO-G01-1C-0001,62.16961111010127,5.975945082573087
DEMO-G01-1C-0001,62.20811894206442,8.209044263821564
DEMO-G01-1C-0001,62.24662677402756,10.763925824162644
DEMO-G01-1C-0001,62.28513460599071,13.620117849045757
DEMO-G01-1C-0001,62.32364243795386,16.7556031033261
DEMO-G01-1C-0001,62.362150269917,20.146969781245772
DEMO-G01-1C-0001,62.40065810188015,23.76956292492802
DEMO-G01-1C-0001,62.4391659338433,27.597635837418096
DEMO-G01-1C-0001,62.47767376580644,31.604500980878104
DEMO-G01-1C-0001,62.51618159776959,35.76268000349769
DEMO-G01-1C-0001,62.55468942973274,40.044052676690654
DEMO-G01-1C-0001,62.593197261695884,44.42000464540484
DEMO-G01-1C-0001,62.63170509365903,48.86157399644382
DEMO-G01-1C-0001,62.670212925622174,53.33959673146508
DEMO-G01-1C-0001,62.708720757585326,57.824851291398474
DEMO-G01-1C-0001,62.74722858954847,62.28820231673963
DEMO-G01-1C-0001,62.785736421511615,66.7007438429007
DEMO-G01-1C-0001,62.82424425347476,71.03394212139688
DEMO-G01-1C-0001,62.86275208543791,75.25977822626315
DEMO-G01-1C-0001,62.901259917401056,79.35089055103391
DEMO-G01-1C-0001,62.9397677493642,83.28071722579763
DEMO-G01-1C-0001,62.978275581327345,87.02363838725661
DEMO-G01-1C-0001,63.0167834132905,90.55511811918478
DEMO-G01-1C-0001,63.05529124525364,93.85184574792287
DEMO-G01-1C-0001,63.09379907721679,96.89187603055957
DEMO-G01-1C-0001,63.13230690917993,99.6547676148777
DEMO-G01-1C-0001,63.17081474114308,102.12171898408845
DEMO-G01-1C-0001,63.20932257310623,104.27570092989212
DEMO-G01-1C-0001,63.24783040506937,106.10158442921096
DEMO-G01-1C-0001,63.28633823703252,107.58626263885728
DEMO-G01-1C-0001,63.32484606899567,108.71876557335322
DEMO-G01-1C-0001,63.36335390095881,109.49036590128942
DEMO-G01-1C-0001,63.40186173292196,109.89467419002015
DEMO-G01-1C-0001,63.44036956488511,109.92772185454743
DEMO-G01-1C-0001,63.478877396848254,109.58803002889272
DEMO-G01-1C-0001,63.5173852288114,108.87666258358789
DEMO-G01-1C-0001,63.555893060774544,107.79726156485621
DEMO-G01-1C-0001,63.594400892737696,106.35606343353459
DEMO-G01-1C-0001,63.63290872470084,104.56189463697926
DEMO-G01-1C-0001,63.671416556663985,102.42614525526241
DEMO-G01-1C-0001,63.70992438862713,99.96271972307869
DEMO-G01-1C-0001,63.74843222059028,97.1879639370235
DEMO-G01-1C-0001,63.786940052553426,94.12056840981916
DEMO-G01-1C-0001,63.82544788451657,90.7814475203231
DEMO-G01-1C-0001,63.863955716479715,87.193595322586
DEMO-G01-1C-0001,63.90246354844287,83.38191880699618
DEMO-G01-1C-0001,63.94097138040601,79.37304994066737
DEMO-G01-1C-0001,63.97947921236916,75.19513823845972
DEMO-G01-1C-0001,64.0179870443323,70.87762601840635
DEMO-G01-1C-0001,64.05649487629546,66.45100886154884
DEMO-G01-1C-0001,64.0950027082586,61.94658411495474
DEMO-G01-1C-0001,64.13351054022175,57.39619053632325
DEMO-G01-1C-0001,64.1720183721849,52.8319423707119
DEMO-G01-1C-0001,64.21052620414804,48.28596126718908
DEMO-G01-1C-0001,64.24903403611118,43.790109482191454
DEMO-G01-1C-0001,64.28754186807433,39.375727775114285
DEMO-G01-1C-0001,64.32604970003747,35.07338128270371
DEMO-G01-1C-0001,64.36455753200063,30.912616465729357
DEMO-G01-1C-0001,64.40306536396378,26.92173196205738
DEMO-G01-1C-0001,64.44157319592692,23.127565863145016
DEMO-G01-1C-0001,64.48008102789007,19.555301567873112
DEMO-G01-1C-0001,64.51858885985321,16.22829397004127
DEMO-G01-1C-0001,64.55709669181635,13.167917317302992
DEMO-G01-1C-0001,64.5956045237795,10.39343565237743
DEMO-G01-1C-0001,64.63411235574266,7.921896324849306
DEMO-G01-1C-0001,64.6726201877058,5.768046655247027
DEMO-G01-1C-0001,64.71112801966895,3.9442734528096564
DEMO-G01-1C-0001,64.74963585163209,2.460564743021319
DEMO-G01-1C-0001,64.78814368359524,1.3244927573941827
DEMO-G01-1C-0001,64.82665151555838,0.5412169812572512
DEMO-G01-1C-0001,64.86515934752153,0.11350584812390815
DEMO-G01-1C-0001,64.90366717948467,0.04177551297120087
DEMO-G01-1C-0001,64.94217501144783,0.3241440306830857
DEMO-G01-1C-0001,64.98068284341097,0.9564992080480049
DEMO-G01-1C-0001,65.01919067537412,1.93257838470149
DEMO-G01-1C-0001,65.05769850733726,3.244058425982844
DEMO-G01-1C-0001,65.09620633930041,4.880654273899701
DEMO-G01-1C-0001,65.13471417126355,6.830224495750237
DEMO-G01-1C-0001,65.1732220032267,9.078882387928287
DEMO-G01-1C-0001,65.21172983518984,11.611111329268416
DEMO-G01-1C-0001,65.250237667153,14.409883228615438
DEMO-G01-1C-0001,65.28874549911615,17.456779069847215
DEMO-G01-1C-0001,65.32725333107929,20.732110719802883
DEMO-G01-1C-0001,65.36576116304244,24.215043325780723
DEMO-G01-1C-0001,65.40426899500558,27.883717786119025
DEMO-G01-1C-0001,65.44277682696872,31.715372926197055
DEMO-G01-1C-0001,65.48128465893187,35.686467150269074
DEMO-G01-1C-0001,65.51979249089503,39.77279946453618
DEMO-G01-1C-0001,65.55830032285817,43.94962987663513
DEMO-G01-1C-0001,65.59680815482132,48.19179926976812
DEMO-G01-1C-0001,65.63531598678446,52.47384892454338
DEMO-G01-1C-0001,65.67382381874761,56.77013991732046
DEMO-G01-1C-0001,65.71233165071075,61.05497265942939
DEMO-G01-1C-0001,65.7508394826739,65.30270685668134
DEMO-G01-1C-0001,65.78934731463704,69.48788216241198
DEMO-G01-1C-0001,65.8278551466002,73.58533976994462
DEMO-G01-1C-0001,65.86636297856334,77.5703451417581
DEMO-G01-1C-0001,65.90487081052649,81.41871200310375
DEMO-G01-1C-0001,65.94337864248963,85.10692763792999
DEMO-G01-1C-0001,65.98188647445278,88.61227941598057
DEMO-G01-1C-0001,66.02039430641592,91.91298235289915
DEMO-G01-1C-0001,66.05890213837907,94.98830736245802
DEMO-G01-1C-0001,66.09740997034221,97.81870970383233
DEMO-G01-1C-0001,66.13591780230537,100.38595696046981
DEMO-G01-1C-0001,66.17442563426852,102.6732557141865
DEMO-G01-1C-0001,66.21293346623166,104.66537590323034
DEMO-G01-1C-0001,66.2514412981948,106.34877168097093
DEMO-G01-1C-0001,66.28994913015795,107.71169742841973
DEMO-G01-1C-0001,66.3284569621211,108.74431742487707
DEMO-G01-1C-0001,66.36696479408424,109.43880755306455
DEMO-G01-1C-0001,66.4054726260474,109.78944731463666
DEMO-G01-1C-0001,66.44398045801054,109.79270036537508
DEMO-G01-1C-0001,66.48248828997369,109.44728175274764
DEMO-G01-1C-0001,66.52099612193683,108.75421005717594
DEMO-G01-1C-0001,66.55950395389998,107.71684270684837
DEMO-G01-1C-0001,66.59801178586312,106.34089285711472
DEMO-G01-1C-0001,66.63651961782627,104.63442640138769
DEMO-G01-1C-0001,66.67502744978941,102.60783791013145
DEMO-G01-1C-0001,66.71353528175257,100.27380457635059
DEMO-G01-1C-0001,66.75204311371571,97.64721757478249
DEMO-G01-1C-0001,66.79055094567886,94.74509061171345
DEMO-G01-1C-0001,66.829058777642,91.58644584392584
DEMO-G01-1C-0001,66.86756660960515,88.19217776813336
DEMO-G01-1C-0001,66.9060744415683,84.58489611478528
DEMO-G01-1C-0001,66.94458227353144,80.78874920828954
DEMO-G01-1C-0001,66.98309010549458,76.82922966688905
DEMO-G01-1C-0001,67.02159793745774,72.7329646948893
DEMO-G01-1C-0001,67.06010576942089,68.5274935556103
DEMO-G01-1C-0001,67.09861360138403,64.24103509289722
DEMO-G01-1C-0001,67.13712143334718,59.902248382954106
DEMO-G01-1C-0001,67.17562926531032,55.53998973872963
DEMO-G01-1C-0001,67.21413709727346,51.18306935166808
DEMO-G01-1C-0001,67.25264492923661,46.86001083818083
DEMO-G01-1C-0001,67.29115276119975,42.59881686203695
DEMO-G01-1C-0001,67.32966059316291,38.426743833136214
DEMO-G01-1C-0001,67.36816842512606,34.370088444586365
DEMO-G01-1C-0001,67.4066762570892,30.453988512687275
DEMO-G01-1C-0001,67.44518408905235,26.7022402398597
DEMO-G01-1C-0001,67.48369192101549,23.13713364004102
DEMO-G01-1C-0001,67.52219975297864,19.77930746398465
DEMO-G01-1C-0001,67.56070758494178,16.647624549896356
DEMO-G01-1C-0001,67.59921541690494,13.759068116900162
DEMO-G01-1C-0001,67.63772324886808,11.128659125558206
DEMO-G01-1C-0001,67.67623108083123,8.76939446223777
DEMO-G01-1C-0001,67.71473891279437,6.692205370570351
DEMO-G01-1C-0001,67.75324674475752,4.905935260754527
DEMO-G01-1C-0001,67.79175457672066,3.417335780515683
DEMO-G01-1C-0001,67.83026240868381,2.231079833187083
DEMO-G01-1C-0001,67.86877024064695,1.3497900794307467
DEMO-G01-1C-0001,67.90727807261011,0.7740813589444204
DEMO-G01-1C-0001,67.94578590457326,0.5026154148372246
DEMO-G01-1C-0001,67.9842937365364,0.5321662928550525
DEMO-G01-1C-0001,68.02280156849955,0.8576948159694082
DEMO-G01-1C-0001,68.06130940046269,1.4724305970138514
DEMO-G01-1C-0001,68.09981723242583,2.3679601427462647
DEMO-G01-1C-0001,68.13832506438898,3.534319716425794
DEMO-G01-1C-0001,68.17683289635212,4.96009175720137
DEMO-G01-1C-0001,68.21534072831528,6.632503798215296
DEMO-G01-1C-0001,68.25384856027843,8.537528976270584
DEMO-G01-1C-0001,68.29235639224157,10.659987379871323
DEMO-G01-1C-0001,68.33086422420472,12.983647635350302
DEMO-G01-1C-0001,68.36937205616786,15.491328279204719
DEMO-G01-1C-0001,68.407879888131,18.16499860564369
DEMO-G01-1C-0001,68.44638772009415,20.985878809264484
DEMO-G01-1C-0001,68.48489555205731,23.934539361443672
DEMO-G01-1C-0001,68.52340338402045,26.99099966401049
DEMO-G01-1C-0001,68.5619112159836,30.134826113305575
DEMO-G01-1C-0001,68.60041904794674,33.34522978103529
DEMO-G01-1C-0001,68.63892687990989,36.60116397415686
DEMO-G01-1C-0001,68.67743471187303,39.8814219739378
DEMO-G01-1C-0001,68.71594254383618,43.164735273478904
DEMO-G01-1C-0001,68.75445037579932,46.42987263312445
DEMO-G01-1C-0001,68.79295820776248,49.655740253901314
DEMO-G01-1C-0001,68.83146603972563,52.821483330332676
DEMO-G01-1C-0001,68.86997387168877,55.90658918580439
DEMO-G01-1C-0001,68.90848170365192,58.89099211627873
DEMO-G01-1C-0001,68.94698953561506,61.75517997236773
DEMO-G01-1C-0001,68.9854973675782,64.48030239650218
DEMO-G01-1C-0001,69.02400519954135,67.04828050256064
DEMO-G01-1C-0001,69.0625130315045,69.44191764199576
DEMO-G01-1C-0001,69.10102086346765,71.64501074560755
DEMO-G01-1C-0001,69.1395286954308,73.64246156688148
DEMO-G01-1C-0001,69.17803652739394,75.42038698525556
DEMO-G01-1C-0001,69.21654435935709,76.96622735996634
DEMO-G01-1C-0001,69.25505219132023,78.26885176279701
DEMO-G01-1C-0001,69.29356002328338,79.31865876659516
DEMO-G01-1C-0001,69.33206785524652,80.10767133188838
DEMO-G01-1C-0001,69.37057568720967,80.6296242229854
DEMO-G01-1C-0001,69.40908351917281,80.88004230381797
DEMO-G01-1C-0001,69.44759135113597,80.85630801871181
DEMO-G01-1C-0001,69.48609918309911,80.55771636012054
DEMO-G01-1C-0001,69.52460701506226,79.98551566875447
DEMO-G01-1C-0001,69.5631148470254,79.14293270529913
DEMO-G01-1C-0001,69.60162267898855,78.03518057932229
DEMO-G01-1C-0001,69.64013051095169,76.6694483199389
DEMO-G01-1C-0001,69.67863834291484,75.05487112344011
DEMO-G01-1C-0001,69.71714617487798,73.20248061075162
DEMO-G01-1C-0001,69.75565400684114,71.12513476698471
DEMO-G01-1C-0001,69.79416183880429,68.83742760765038
DEMO-G01-1C-0001,69.83266967076743,66.3555790118281
DEMO-G01-1C-0001,69.87117750273057,63.69730556925533
DEMO-G01-1C-0001,69.90968533469372,60.88167369384017
DEMO-G01-1C-0001,69.94819316665686,57.928936645971774
DEMO-G01-1C-0001,69.98670099862001,54.860357467663725
DEMO-G01-1C-0001,70.02520883058315,51.69802015403374
DEMO-G01-1C-0001,70.06371666254631,48.464631651225965
DEMO-G01-1C-0001,70.10222449450946,45.18331747391658
DEMO-G01-1C-0001,70.1407323264726,41.877413868334244
DEMO-G01-1C-0001,70.17924015843575,38.570259504180335
DEMO-G01-1C-0001,70.21774799039889,35.2849896594862
DEMO-G01-1C-0001,70.25625582236204,32.044335767699124
DEMO-G01-1C-0001,70.29476365432518,28.870433030459708
DEMO-G01-1C-0001,70.33327148628834,25.784638569839842
DEMO-G01-1C-0001,70.37177931825148,22.807362309352015
DEMO-G01-1C-0001,70.41028715021463,19.95791244519401
DEMO-G01-1C-0001,70.44879498217777,17.254357010023178
DEMO-G01-1C-0001,70.48730281414092,14.713402654116706
DEMO-G01-1C-0001,70.52581064610406,12.350291385563922
DEMO-G01-1C-0001,70.56431847806721,10.178715634716898
DEMO-G01-1C-0001,70.60282631003035,8.210751649095654
DEMO-G01-1C-0001,70.64133414199351,6.456810893308306
DEMO-G01-1C-0001,70.67984197395666,4.925608831698647
DEMO-G01-1C-0001,70.7183498059198,3.624150215524886
DEMO-G01-1C-0001,70.75685763788294,2.5577297851501015
DEMO-G01-1C-0001,70.79536546984609,1.7299471330924476
DEMO-G01-1C-0001,70.83387330180923,1.1427343558369487
DEMO-G01-1C-0001,70.87238113377238,0.7963950498373518
DEMO-G01-1C-0001,70.91088896573552,0.6896531771572055
DEMO-G01-1C-0001,70.94939679769868,0.8197103351750054
DEMO-G01-1C-0001,70.98790462966183,1.18231000800113
DEMO-G01-1C-0001,71.02641246162497,1.7718074498049807
DEMO-G01-1C-0001,71.06492029358812,2.581243946866733
DEMO-G01-1C-0001,71.10342812555126,3.602424320574764
DEMO-G01-1C-0001,71.1419359575144,4.8259966627717885
DEMO-G01-1C-0001,71.18044378947755,6.241533432938971
DEMO-G01-1C-0001,71.2189516214407,7.837613189471287
DEMO-G01-1C-0001,71.25745945340385,9.60190237070461
DEMO-G01-1C-0001,71.295967285367,11.521236682150404
DEMO-G01-1C-0001,71.33447511733014,13.581701781563714
DEMO-G01-1C-0001,71.37298294929329,15.768713080651652
DEMO-G01-1C-0001,71.41149078125643,18.067094599379107
DEMO-G01-1C-0001,71.44999861321958,20.4611569143566
DEMO-G01-1C-0001,71.48850644518272,22.934774335267853
DEMO-G01-1C-0001,71.52701427714588,25.4714615217793
DEMO-G01-1C-0001,71.56552210910903,28.054449816843817
DEMO-G01-1C-0001,71.60402994107217,30.66676362016831
DEMO-G01-1C-0001,71.64253777303531,33.29129715702502
DEMO-G01-1C-0001,71.68104560499846,35.91089201226752
DEMO-G01-1C-0001,71.7195534369616,38.508415796621875
DEMO-G01-1C-0001,71.75806126892475,41.06684229178565
DEMO-G01-1C-0001,71.7965691008879,43.5693333823683
DEMO-G01-1C-0001,71.83507693285105,45.999323025806554
DEMO-G01-1C-0001,71.8735847648142,48.3406034365145
DEMO-G01-1C-0001,71.91209259677734,50.57741356765259
DEMO-G01-1C-0001,71.95060042874049,52.694529863829715
DEMO-G01-1C-0001,71.98910826070363,54.67735913194537
DEMO-G01-1C-0001,72.02761609266678,56.51203323667795
DEMO-G01-1C-0001,72.06612392462992,58.185505174129155
DEMO-G01-1C-0001,72.10463175659307,59.685645914837636
DEMO-G01-1C-0001,72.14313958855622,61.00134123918052
DEMO-G01-1C-0001,72.18164742051937,62.122587618552636
DEMO-G01-1C-0001,72.22015525248251,63.04058602991222
DEMO-G01-1C-0001,72.25866308444566,63.74783243463851
DEMO-G01-1C-0001,72.2971709164088,64.23820351205244
DEMO-G01-1C-0001,72.33567874837195,64.50703611950559
DEMO-G01-1C-0001,72.37418658033509,64.55119886200896
DEMO-G01-1C-0001,72.41269441229825,64.3691541013317
DEMO-G01-1C-0001,72.4512022442614,63.96100872376577
DEMO-G01-1C-0001,72.48971007622454,63.32855202268624
DEMO-G01-1C-0001,72.52821790818768,62.47527914085964
DEMO-G01-1C-0001,72.56672574015083,61.40639866072786
DEMO-G01-1C-0001,72.60523357211397,60.12882312936577
DEMO-G01-1C-0001,72.64374140407712,58.65114155676848
DEMO-G01-1C-0001,72.68224923604026,56.98357322770224
DEMO-G01-1C-0001,72.72075706800342,55.13790251219499
DEMO-G01-1C-0001,72.75926489996657,53.127394738625966
DEMO-G01-1C-0001,72.79777273192971,50.966693595797935
DEMO-G01-1C-0001,72.83628056389286,48.671700943016766
DEMO-G01-1C-0001,72.874788395856,46.25944031633686
DEMO-G01-1C-0001,72.91329622781915,43.747905809723086
DEMO-G01-1C-0001,72.95180405978229,41.15589836750033
DEMO-G01-1C-0001,72.99031189174543,38.502851835130436
DEMO-G01-1C-0001,73.0288197237086,35.808651367021476
DEMO-G01-1C-0001,73.06732755567174,33.09344697247687
DEMO-G01-1C-0001,73.10583538763488,30.377465087348178
DEMO-G01-1C-0001,73.14434321959803,27.680821084932408
DEMO-G01-1C-0001,73.18285105156117,25.023335585429002
DEMO-G01-1C-0001,73.22135888352432,22.42435729073999
DEMO-G01-1C-0001,73.25986671548746,19.902594867916132
DEMO-G01-1C-0001,73.29837454745062,17.47596013796668
DEMO-G01-1C-0001,73.33688237941377,15.161424509194552
DEMO-G01-1C-0001,73.37539021137691,12.974890238018046
DEMO-G01-1C-0001,73.41389804334005,10.931077719745053
DEMO-G01-1C-0001,73.4524058753032,9.043429620567634
DEMO-G01-1C-0001,73.49091370726634,7.324032274063533
DEMO-G01-1C-0001,73.52942153922949,5.783554393022943
DEMO-G01-1C-0001,73.56792937119263,4.431202801451743
DEMO-G01-1C-0001,73.60643720315579,3.274694580973608
DEMO-G01-1C-0001,73.64494503511894,2.3202447575783687
DEMO-G01-1C-0001,73.68345286708208,1.5725684329678016
DEMO-G01-1C-0001,73.72196069904523,1.0348960923580852
DEMO-G01-1C-0001,73.76046853100837,0.7090006975067665
DEMO-G01-1C-0001,73.79897636297152,0.5952350987039067
DEMO-G01-1C-0001,73.83748419493466,0.6925782694224393
DEMO-G01-1C-0001,73.8759920268978,0.9986888781448706
DEMO-G01-1C-0001,73.91449985886096,1.5099647586595384
DEMO-G01-1C-0001,73.95300769082411,2.22160691734231
DEMO-G01-1C-0001,73.99151552278725,3.127686817939047
DEMO-G01-1C-0001,74.0300233547504,4.221215805574402
DEMO-G01-1C-0001,74.06853118671354,5.494215666639102
DEMO-G01-1C-0001,74.10703901867669,6.937789465049952
DEMO-G01-1C-0001,74.14554685063983,8.542191943447785
DEMO-G01-1C-0001,74.18405468260298,10.296898926572563
DEMO-G01-1C-0001,74.22256251456614,12.19067530976462
DEMO-G01-1C-0001,74.26107034652928,14.211641355786702
DEMO-G01-1C-0001,74.29957817849242,16.34733715556085
DEMO-G01-1C-0001,74.33808601045557,18.584785231377396
DEMO-G01-1C-0001,74.37659384241871,20.910551373221097
DEMO-G01-1C-0001,74.41510167438186,23.310803899163336
DEMO-G01-1C-0001,74.453609506345,25.77137161832109
DEMO-G01-1C-0001,74.49211733830816,28.277800849308047
DEMO-G01-1C-0001,74.5306251702713,30.815411907585172
DEMO-G01-1C-0001,74.56913300223445,33.369355521316706
DEMO-G01-1C-0001,74.6076408341976,35.92466966666264
DEMO-G01-1C-0001,74.64614866616074,38.466337329273145
DEMO-G01-1C-0001,74.68465649812389,40.97934569852946
DEMO-G01-1C-0001,74.72316433008703,43.44874728405523
DEMO-G01-1C-0001,74.76167216205017,45.859723409551435
DEMO-G01-1C-0001,74.80017999401333,48.19765048638346
DEMO-G01-1C-0001,74.83868782597648,50.44816939808221
DEMO-G01-1C-0001,74.87719565793962,52.59725823648491
DEMO-G01-1C-0001,74.91570348990277,54.63130852081345
DEMO-G01-1C-0001,74.95421132186591,56.53720490253568
DEMO-G01-1C-0001,74.99271915382906,58.302408212615
DEMO-G01-1C-0001,75.0312269857922,59.91504154493059
DEMO-G01-1C-0001,75.06973481775535,61.36397889273117
DEMO-G01-1C-0001,75.1082426497185,62.63893566712521
DEMO-G01-1C-0001,75.14675048168165,63.730560231850376
DEMO-G01-1C-0001,75.1852583136448,64.63052539225583
DEMO-G01-1C-0001,75.22376614560794,65.33161858456151
DEMO-G01-1C-0001,75.26227397757108,65.82782933115479
DEMO-G01-1C-0001,75.30078180953423,66.11443236680988
DEMO-G01-1C-0001,75.33928964149737,66.18806470754474
DEMO-G01-1C-0001,75.37779747346053,66.04679483686326
DEMO-G01-1C-0001,75.41630530542368,65.69018213197177
DEMO-G01-1C-0001,75.45481313738682,65.11932465230727
DEMO-G01-1C-0001,75.49332096934997,64.33689347164766
DEMO-G01-1C-0001,75.53182880131311,63.34715185698516
DEMO-G01-1C-0001,75.57033663327626,62.155957785666544
DEMO-G01-1C-0001,75.6088444652394,60.77074854598865
DEMO-G01-1C-0001,75.64735229720254,59.200506483015324
DEMO-G01-1C-0001,75.6858601291657,57.45570532366822
DEMO-G01-1C-0001,75.72436796112885,55.5482369341884
DEMO-G01-1C-0001,75.762875793092,53.49131881535549
DEMO-G01-1C-0001,75.80138362505514,51.29938311195344
DEMO-G01-1C-0001,75.83989145701828,48.987948384674546
DEMO-G01-1C-0001,75.87839928898143,46.57347584772718
DEMO-G01-1C-0001,75.91690712094457,44.07321219415438
DEMO-G01-1C-0001,75.95541495290772,41.50502149679039
DEMO-G01-1C-0001,75.99392278487088,38.88720896947143
DEMO-G01-1C-0001,76.03243061683402,36.238339588164166
DEMO-G01-1C-0001,76.07093844879716,33.57705469583495
DEMO-G01-1C-0001,76.10944628076031,30.921889743195432
DEMO-G01-1C-0001,76.14795411272345,28.291096249725204
DEMO-G01-1C-0001,76.1864619446866,25.702470909242773
DEMO-G01-1C-0001,76.22496977664974,23.17319452044718
DEMO-G01-1C-0001,76.2634776086129,20.719683106635824
DEMO-G01-1C-0001,76.30198544057605,18.3574532153314
DEMO-G01-1C-0001,76.34049327253919,16.101002973732953
DEMO-G01-1C-0001,76.37900110450234,13.963710037920361
DEMO-G01-1C-0001,76.41750893646548,11.9577471291377
DEMO-G01-1C-0001,76.45601676842863,10.094015416318907
DEMO-G01-1C-0001,76.49452460039177,8.382095594419626
DEMO-G01-1C-0001,76.53303243235491,6.830216135748638
DEMO-G01-1C-0001,76.57154026431807,5.4452378656430245
DEMO-G01-1C-0001,76.61004809628122,4.232653741439783
DEMO-G01-1C-0001,76.64855592824436,3.1966024983634176
DEMO-G01-1C-0001,76.68706376020751,2.3398946689184923
DEMO-G01-1C-0001,76.72557159217065,1.6640493821761086
DEMO-G01-1C-0001,76.7640794241338,1.1693403027197369
DEMO-G01-1C-0001,76.80258725609694,0.8548490710143885
DEMO-G01-1C-0001,76.84109508806009,0.7185246515190893
DEMO-G01-1C-0001,76.87960292002325,0.7572470753299752
DEMO-G01-1C-0001,76.91811075198639,0.9668941735009837
DEMO-G01-1C-0001,76.95661858394953,1.3424100286095855
DEMO-G01-1C-0001,76.99512641591268,1.877874019090481
DEMO-G01-1C-0001,77.03363424787582,2.566569487388238
DEMO-G01-1C-0001,77.07214207983897,3.4010512239035218
DEMO-G01-1C-0001,77.11064991180211,4.373211119528047
DEMO-G01-1C-0001,77.14915774376526,5.474341496651183
DEMO-G01-1C-0001,77.18766557572842,6.695195779044841
DEMO-G01-1C-0001,77.22617340769156,8.026046302713153
DEMO-G01-1C-0001,77.2646812396547,9.456739201245984
DEMO-G01-1C-0001,77.30318907161785,10.976746419228443
DEMO-G01-1C-0001,77.341696903581,12.575215015365378
DEMO-G01-1C-0001,77.38020473554414,14.241014012745474
DEMO-G01-1C-0001,77.41871256750728,15.962779136943324
DEMO-G01-1C-0001,77.45722039947044,17.72895585352578
DEMO-G01-1C-0001,77.49572823143359,19.527841174674542
DEMO-G01-1C-0001,77.53423606339673,21.347624750235724
DEMO-G01-1C-0001,77.57274389535988,23.176429791070866
DEMO-G01-1C-0001,77.61125172732302,25.00235439190582
DEMO-G01-1C-0001,77.64975955928617,26.813513826218685
DEMO-G01-1C-0001,77.68826739124931,28.59808437648766
DEMO-G01-1C-0001,77.72677522321246,30.344349238292367
DEMO-G01-1C-0001,77.76528305517562,32.04074699545952
DEMO-G01-1C-0001,77.80379088713876,33.67592310443706
DEMO-G01-1C-0001,77.8422987191019,35.23878474868231
DEMO-G01-1C-0001,77.88080655106505,36.71855932673639
DEMO-G01-1C-0001,77.9193143830282,38.10485672088016
DEMO-G01-1C-0001,77.95782221499134,39.38773535614663
DEMO-G01-1C-0001,77.99633004695448,40.557771903004934
DEMO-G01-1C-0001,78.03483787891763,41.60613430226548
DEMO-G01-1C-0001,78.07334571088079,42.52465760007701
DEMO-G01-1C-0001,78.11185354284393,43.30592187784335
DEMO-G01-1C-0001,78.15036137480708,43.94333135095311
DEMO-G01-1C-0001,78.18886920677022,44.43119349769975
DEMO-G01-1C-0001,78.22737703873337,44.76479687281133
DEMO-G01-1C-0001,78.26588487069651,44.94048606740534
DEMO-G01-1C-0001,78.30439270265965,44.95573210842859
DEMO-G01-1C-0001,78.34290053462281,44.809196456387426
DEMO-G01-1C-0001,78.38140836658596,44.500786670496424
DEMO-G01-1C-0001,78.4199161985491,44.031701776253406
DEMO-G01-1C-0001,78.45842403051225,43.40446540045567
DEMO-G01-1C-0001,78.49693186247539,42.62294484073631
DEMO-G01-1C-0001,78.53543969443854,41.69235441547475
DEMO-G01-1C-0001,78.57394752640168,40.61924169720334
DEMO-G01-1C-0001,78.61245535836483,39.41145556610996
DEMO-G01-1C-0001,78.65096319032799,38.07809542328794
DEMO-G01-1C-0001,78.68947102229113,36.62944136538244
DEMO-G01-1C-0001,78.72797885425427,35.07686562747694
DEMO-G01-1C-0001,78.76648668621742,33.432726131155796
DEMO-G01-1C-0001,78.80499451818056,31.71024350711393
DEMO-G01-1C-0001,78.84350235014371,29.923363473572373
DEMO-G01-1C-0001,78.88201018210685,28.086606918612006
DEMO-G01-1C-0001,78.92051801407,26.21491043418848
DEMO-G01-1C-0001,78.95902584603316,24.323460361761313
DEMO-G01-1C-0001,78.9975336779963,22.427523618580118
DEMO-G01-1C-0001,79.03604150995945,20.542278668955415
DEMO-G01-1C-0001,79.07454934192259,18.682649982089792
DEMO-G01-1C-0001,79.11305717388574,16.86314917864844
DEMO-G01-1C-0001,79.15156500584888,15.097725820516056
DEMO-G01-1C-0001,79.19007283781202,13.39963045514077
DEMO-G01-1C-0001,79.22858066977518,11.781292106011973
DEMO-G01-1C-0001,79.26708850173833,10.25421192460839
DEMO-G01-1C-0001,79.30559633370147,8.82887421018177
DEMO-G01-1C-0001,79.34410416566462,7.514675484581344
DEMO-G01-1C-0001,79.38261199762776,6.319871802152825
DEMO-G01-1C-0001,79.4211198295909,5.251543999202842
DEMO-G01-1C-0001,79.45962766155405,4.315580159584495
DEMO-G01-1C-0001,79.4981354935172,3.516674205387544
DEMO-G01-1C-0001,79.53664332548036,2.8583392223432087
DEMO-G01-1C-0001,79.5751511574435,2.3429339028292984
DEMO-G01-1C-0001,79.61365898940664,1.9717003353044549
DEMO-G01-1C-0001,79.65216682136979,1.7448112848652713
DEMO-G01-1C-0001,79.69067465333293,1.661425089623406
DEMO-G01-1C-0001,79.72918248529608,1.719746334302441
DEMO-G01-1C-0001,79.76769031725922,1.917090546999929
DEMO-G01-1C-0001,79.80619814922237,2.2499512881751467
DEMO-G01-1C-0001,79.84470598118553,2.71406815323188
DEMO-G01-1C-0001,79.88321381314867,3.304494382684217
DEMO-G01-1C-0001,79.92172164511182,4.015662958858089
DEMO-G01-1C-0001,79.96022947707496,4.8414502581903
DEMO-G01-1C-0001,79.9987373090381,5.775236517783869
DEMO-G01-1C-0001,80.03724514100125,6.80996255904894
DEMO-G01-1C-0001,80.0757529729644,7.9381823866015395
DEMO-G01-1C-0001,80.11426080492754,9.15211144444418
DEMO-G01-1C-0001,80.1527686368907,10.44367046222281
DEMO-G01-1C-0001,80.19127646885384,11.80452496113915
DEMO-G01-1C-0001,80.22978430081699,13.226120611511039
DEMO-G01-1C-0001,80.26829213278013,14.699714742239964
DEMO-G01-1C-0001,80.30679996474328,16.21640439691002
DEMO-G01-1C-0001,80.34530779670642,17.767151412542606
DEMO-G01-1C-0001,80.38381562866957,19.342805065964313
DEMO-G01-1C-0001,80.42232346063273,20.93412288983122
DEMO-G01-1C-0001,80.46083129259587,22.53179030649886
DEMO-G01-1C-0001,80.49933912455901,24.126439763335476
DEMO-G01-1C-0001,80.53784695652216,25.708670078338926
DEMO-G01-1C-0001,80.5763547884853,27.269066719886244
DEMO-G01-1C-0001,80.61486262044845,28.79822374892547
DEMO-G01-1C-0001,80.6533704524116,30.286768145406203
DEMO-G01-1C-0001,80.69187828437474,31.72538722202106
DEMO-G01-1C-0001,80.7303861163379,33.10485979630366
DEMO-G01-1C-0001,80.76889394830104,34.41609174462496
DEMO-G01-1C-0001,80.80740178026419,35.650156496912416
DEMO-G01-1C-0001,80.84590961222733,36.798340945993274
DEMO-G01-1C-0001,80.88441744419048,37.85219713835366
DEMO-G01-1C-0001,80.92292527615362,38.80359998053212
DEMO-G01-1C-0001,80.96143310811676,39.64481103569265
DEMO-G01-1C-0001,80.99994094007991,40.36854829583426
DEMO-G01-1C-0001,81.03844877204307,40.96806159640623
DEMO-G01-1C-0001,81.07695660400621,41.437213091915645
DEMO-G01-1C-0001,81.11546443596936,41.77056193641806
DEMO-G01-1C-0001,81.1539722679325,41.963452015743144
DEMO-G01-1C-0001,81.19248009989565,42.01210126674368
DEMO-G01-1C-0001,81.23098793185879,41.91369080253617
DEMO-G01-1C-0001,81.26949576382194,41.66645175507887
DEMO-G01-1C-0001,81.3080035957851,41.269747463427706
DEMO-G01-1C-0001,81.34651142774824,40.72414839611792
DEMO-G01-1C-0001,81.38501925971138,40.03149701959683
DEMO-G01-1C-0001,81.42352709167453,39.19495973207388
DEMO-G01-1C-0001,81.46203492363767,38.2190629938544
DEMO-G01-1C-0001,81.50054275560082,37.10971091816623
DEMO-G01-1C-0001,81.53905058756396,35.87418185396417
DEMO-G01-1C-0001,81.57755841952711,34.52110190055059
DEMO-G01-1C-0001,81.61606625149027,33.06039384169912
DEMO-G01-1C-0001,81.65457408345341,31.50320066324722
DEMO-G01-1C-0001,81.69308191541656,29.86178360217078
DEMO-G01-1C-0001,81.7315897473797,28.14939553578933
DEMO-G01-1C-0001,81.77009757934285,26.380131417764414
DEMO-G01-1C-0001,81.80860541130599,24.568758356969205
DEMO-G01-1C-0001,81.84711324326913,22.73052876610183
DEMO-G01-1C-0001,81.88562107523228,20.88098073045203
DEMO-G01-1C-0001,81.92412890719544,19.035730317612266
DEMO-G01-1C-0001,81.96263673915858,17.210260929692044
DEMO-G01-1C-0001,82.00114457112173,15.419714964566442
DEMO-G01-1C-0001,82.03965240308487,13.678692990714074
DEMO-G01-1C-0001,82.07816023504802,12.001065353962353
DEMO-G01-1C-0001,82.11666806701116,10.399800642534698
DEMO-G01-1C-0001,82.1551758989743,8.886814770131435
DEMO-G01-1C-0001,82.19368373093747,7.472843637197271
DEMO-G01-1C-0001,82.23219156290061,6.167341446333403
DEMO-G01-1C-0001,82.27069939486375,4.978405830041981
DEMO-G01-1C-0001,82.3092072268269,3.9127300472409794
DEMO-G01-1C-0001,82.34771505879004,2.975581663825637
DEMO-G01-1C-0001,82.38622289075319,2.170806388485306
DEMO-G01-1C-0001,82.42473072271633,1.500855115007513
DEMO-G01-1C-0001,82.46323855467948,0.9668317422837255
DEMO-G01-1C-0001,82.50174638664264,0.5685590090385967
DEMO-G01-1C-0001,82.54025421860578,0.30465938774144424
DEMO-G01-1C-0001,82.57876205056893,0.17264801956070966
DEMO-G01-1C-0001,82.61726988253207,0.1690347216227107
DEMO-G01-1C-0001,82.65577771449522,0.2894322377096951
DEMO-G01-1C-0001,82.69428554645836,0.5286681105858695
DEMO-G01-1C-0001,82.7327933784215,0.8808978052311106
DEMO-G01-1C-0001,82.77130121038465,1.3397169860656526
DEMO-G01-1C-0001,82.80980904234781,1.8982711293421421
DEMO-G01-1C-0001,82.84831687431095,2.5493609196115967
DEMO-G01-1C-0001,82.8868247062741,3.2855421260851174
DEMO-G01-1C-0001,82.92533253823724,4.099218874631316
DEMO-G01-1C-0001,82.96384037020039,4.982729422085968
DEMO-G01-1C-0001,83.00234820216353,5.92842370301895
DEMO-G01-1C-0001,83.04085603412668,6.92873205984311
DEMO-G01-1C-0001,83.07936386608982,7.97622469184423
DEMO-G01-1C-0001,83.11787169805298,9.063661475503109
DEMO-G01-1C-0001,83.15637953001612,10.18403192548964
DEMO-G01-1C-0001,83.19488736197927,11.330585190561337
DEMO-G01-1C-0001,83.23339519394241,12.496850116773116
DEMO-G01-1C-0001,83.27190302590556,13.67664556540339
DEMO-G01-1C-0001,83.3104108578687,14.864081344828358
DEMO-G01-1C-0001,83.34891868983185,16.053550301375083
DEMO-G01-1C-0001,83.387426521795,17.2397123079752
DEMO-G01-1C-0001,83.42593435375815,18.41747108281956
DEMO-G01-1C-0001,83.4644421857213,19.58194495319762
DEMO-G01-1C-0001,83.50295001768444,20.728432841931294
DEMO-G01-1C-0001,83.54145784964759,21.85237688555843
DEMO-G01-1C-0001,83.57996568161073,22.949323187023975
DEMO-G01-1C-0001,83.61847351357387,24.014882256000362
DEMO-G01-1C-0001,83.65698134553702,25.04469069567331
DEMO-G01-1C-0001,83.69548917750018,26.034375657423656
DEMO-G01-1C-0001,83.73399700946332,26.979523509909093
DEMO-G01-1C-0001,83.77250484142647,27.875654063454284
DEMO-G01-1C-0001,83.81101267338961,28.718201563896322
DEMO-G01-1C-0001,83.84952050535276,29.502503531001356
DEMO-G01-1C-0001,83.8880283373159,30.223798373738575
DEMO-G01-1C-0001,83.92653616927905,30.877232574281923
DEMO-G01-1C-0001,83.96504400124219,31.45787809826308
DEMO-G01-1C-0001,84.00355183320535,31.960760560531792
DEMO-G01-1C-0001,84.0420596651685,32.380898550145716
DEMO-G01-1C-0001,84.08056749713164,32.71335438858658
DEMO-E02-5Q-0002,3.9242147979586597,406.0898165304509
DEMO-E02-5Q-0002,3.9529706465025676,417.4653186210957
DEMO-E02-5Q-0002,3.981726495046476,428.9503946747648
DEMO-E02-5Q-0002,4.010482343590384,440.52911766492235
DEMO-E02-5Q-0002,4.039238192134292,452.1836168729481
DEMO-E02-5Q-0002,4.0679940406782,463.8940064176119
DEMO-E02-5Q-0002,4.096749889222108,475.638331256024
DEMO-E02-5Q-0002,4.125505737766017,487.3925331148647
DEMO-E02-5Q-0002,4.154261586309924,499.13043873931616
DEMO-E02-5Q-0002,4.1830174348538325,510.8237727314425
DEMO-E02-5Q-0002,4.211773283397741,522.4421970830599
DEMO-E02-5Q-0002,4.240529131941649,533.9533792835662
DEMO-E02-5Q-0002,4.269284980485557,545.3230905946893
DEMO-E02-5Q-0002,4.298040829029465,556.5153357266486
DEMO-E02-5Q-0002,4.326796677573373,567.4925147208733
DEMO-E02-5Q-0002,4.355552526117282,578.2156173426205
DEMO-E02-5Q-0002,4.384308374661189,588.6444497153129
DEMO-E02-5Q-0002,4.413064223205097,598.737892293531
DEMO-E02-5Q-0002,4.441820071749006,608.4541875836819
DEMO-E02-5Q-0002,4.470575920292914,617.7512552950739
DEMO-E02-5Q-0002,4.4993317688368215,626.5870318579949
DEMO-E02-5Q-0002,4.52808761738073,634.9198305020385
DEMO-E02-5Q-0002,4.556843465924638,642.708717372619
DEMO-E02-5Q-0002,4.5855993144685465,649.9138985042979
DEMO-E02-5Q-0002,4.614355163012454,656.4971118945696
DEMO-E02-5Q-0002,4.643111011556362,662.4220184594636
DEMO-E02-5Q-0002,4.671866860100271,667.6545853286275
DEMO-E02-5Q-0002,4.700622708644179,672.1634547749485
DEMO-E02-5Q-0002,4.729378557188086,675.9202920893365
DEMO-E02-5Q-0002,4.758134405731995,678.9001059156868
DEMO-E02-5Q-0002,4.786890254275903,681.0815349571084
DEMO-E02-5Q-0002,4.8156461028198105,682.4470955469045
DEMO-E02-5Q-0002,4.844401951363719,682.9833853327024
DEMO-E02-5Q-0002,4.873157799907627,682.6812392274477
DEMO-E02-5Q-0002,4.9019136484515355,681.5358348077145
DEMO-E02-5Q-0002,4.930669496995444,679.5467454525907
DEMO-E02-5Q-0002,4.959425345539351,676.7179406762801
DEMO-E02-5Q-0002,4.98818119408326,673.0577342731265
DEMO-E02-5Q-0002,5.016937042627168,668.5786820238311
DEMO-E02-5Q-0002,5.0456928911710754,663.2974317671218
DEMO-E02-5Q-0002,5.074448739714984,657.2345295874044
DEMO-E02-5Q-0002,5.103204588258892,650.414186676744
DEMO-E02-5Q-0002,5.1319604368028005,642.8640120771402
DEMO-E02-5Q-0002,5.160716285346709,634.6147169822763
DEMO-E02-5Q-0002,5.189472133890616,625.6997965707217
DEMO-E02-5Q-0002,5.218227982434525,616.1551954567237
DEMO-E02-5Q-0002,5.246983830978433,606.0189627892075
DEMO-E02-5Q-0002,5.27573967952234,595.3309028195597
DEMO-E02-5Q-0002,5.304495528066249,584.1322264140666
DEMO-E02-5Q-0002,5.333251376610157,572.4652085310855
DEMO-E02-5Q-0002,5.3620072251540645,560.3728561414135
DEMO-E02-5Q-0002,5.390763073697973,547.8985904690974
DEMO-E02-5Q-0002,5.419518922241881,535.0859467943379
DEMO-E02-5Q-0002,5.4482747707857895,521.9782944139962
DEMO-E02-5Q-0002,5.477030619329698,508.61857871961905
DEMO-E02-5Q-0002,5.505786467873605,495.0490867460423
DEMO-E02-5Q-0002,5.534542316417514,481.3112369799653
DEMO-E02-5Q-0002,5.563298164961422,467.44539370873235
DEMO-E02-5Q-0002,5.592054013505329,453.49070574231354
DEMO-E02-5Q-0002,5.620809862049238,439.4849689605713
DEMO-E02-5Q-0002,5.649565710593146,425.4645118247222
DEMO-E02-5Q-0002,5.678321559137054,411.4641027452667
DEMO-E02-5Q-0002,5.707077407680963,397.51687801543835
DEMO-E02-5Q-0002,5.73583325622487,383.6542888944396
DEMO-E02-5Q-0002,5.7645891047687785,369.9060663524518
DEMO-E02-5Q-0002,5.793344953312687,356.3002019626947
DEMO-E02-5Q-0002,5.822100801856594,342.8629434373634
DEMO-E02-5Q-0002,5.850856650400503,329.6188033467371
DEMO-E02-5Q-0002,5.879612498944411,316.5905796267107
DEMO-E02-5Q-0002,5.908368347488319,303.79938656255854
DEMO-E02-5Q-0002,5.937124196032228,291.2646950293397
DEMO-E02-5Q-0002,5.965880044576135,279.00438086619766
DEMO-E02-5Q-0002,5.994635893120043,267.03478035759747
DEMO-E02-5Q-0002,6.023391741663952,255.37075188504386
DEMO-E02-5Q-0002,6.052147590207859,244.0257428942457
DEMO-E02-5Q-0002,6.0809034387517675,233.01186139242603
DEMO-E02-5Q-0002,6.109659287295676,222.33995124646444
DEMO-E02-5Q-0002,6.138415135839583,212.01967059372078
DEMO-E02-5Q-0002,6.1671709843834925,202.0595727034444
DEMO-E02-5Q-0002,6.1959268329274,192.46718863796224
DEMO-E02-5Q-0002,6.224682681471308,183.24911106062905
DEMO-E02-5Q-0002,6.253438530015217,174.41107852353048
DEMO-E02-5Q-0002,6.282194378559124,165.9580595445361
DEMO-E02-5Q-0002,6.310950227103032,157.89433575331344
DEMO-E02-5Q-0002,6.339706075646941,150.2235833524868
DEMO-E02-5Q-0002,6.368461924190848,142.9489521065798
DEMO-E02-5Q-0002,6.3972177727347574,136.073141041203
DEMO-E02-5Q-0002,6.425973621278665,129.59847001143254
DEMO-E02-5Q-0002,6.454729469822573,123.52694628461214
DEMO-E02-5Q-0002,6.483485318366482,117.86032528175022
DEMO-E02-5Q-0002,6.512241166910389,112.60016463547711
DEMO-E02-5Q-0002,6.540997015454297,107.74787075305623
DEMO-E02-5Q-0002,6.569752863998206,103.30473712124255
DEMO-E02-5Q-0002,6.598508712542113,99.27197365635821
DEMO-E02-5Q-0002,6.627264561086022,95.65072648759086
DEMO-E02-5Q-0002,6.65602040962993,92.44208766339247
DEMO-E02-5Q-0002,6.684776258173837,89.64709438847532
DEMO-E02-5Q-0002,6.7135321067177465,87.26671753049284
DEMO-E02-5Q-0002,6.742287955261654,85.30183927857973
DEMO-E02-5Q-0002,6.771043803805562,83.75321998814002
DEMO-E02-5Q-0002,6.799799652349471,82.6214544047409
DEMO-E02-5Q-0002,6.828555500893378,81.906917622062
DEMO-E02-5Q-0002,6.857311349437286,81.60970129182455
DEMO-E02-5Q-0002,6.886067197981195,81.7295407649632
DEMO-E02-5Q-0002,6.914823046525102,82.26573400070262
DEMO-E02-5Q-0002,6.943578895069011,83.2170532314761
DEMO-E02-5Q-0002,6.972334743612919,84.5816505150064
DEMO-E02-5Q-0002,7.001090592156827,86.35695843859165
DEMO-E02-5Q-0002,7.0298464407007355,88.53958736326463
DEMO-E02-5Q-0002,7.058602289244643,91.12522070560405
DEMO-E02-5Q-0002,7.087358137788551,94.10850985121138
DEMO-E02-5Q-0002,7.11611398633246,97.482970374886
DEMO-E02-5Q-0002,7.144869834876367,101.24088130682165
DEMO-E02-5Q-0002,7.173625683420276,105.37318923021019
DEMO-E02-5Q-0002,7.202381531964184,109.86941902165793
DEMO-E02-5Q-0002,7.231137380508092,114.71759305003869
DEMO-E02-5Q-0002,7.259893229052,119.90416062972294
DEMO-E02-5Q-0002,7.288649077595908,125.41393947866939
DEMO-E02-5Q-0002,7.317404926139816,131.2300708585243
DEMO-E02-5Q-0002,7.3461607746837245,137.33398997096955
DEMO-E02-5Q-0002,7.374916623227632,143.70541305055735
DEMO-E02-5Q-0002,7.403672471771541,150.32234242816048
DEMO-E02-5Q-0002,7.432428320315449,157.16109064062715
DEMO-E02-5Q-0002,7.461184168859357,164.19632443168584
DEMO-E02-5Q-0002,7.489940017403265,171.40112922799034
DEMO-E02-5Q-0002,7.518695865947173,178.74709438491595
DEMO-E02-5Q-0002,7.547451714491081,186.20441918298036
DEMO-E02-5Q-0002,7.576207563034989,193.74203922229947
DEMO-E02-5Q-0002,7.604963411578897,201.32777251544897
DEMO-E02-5Q-0002,7.633719260122805,208.92848422539004
DEMO-E02-5Q-0002,7.6624751086667136,216.510268642895
DEMO-E02-5Q-0002,7.691230957210621,224.0386466557628
DEMO-E02-5Q-0002,7.71998680575453,231.47877663929475
DEMO-E02-5Q-0002,7.748742654298438,238.7956764031598
DEMO-E02-5Q-0002,7.777498502842346,245.9544535729472
DEMO-E02-5Q-0002,7.806254351386254,252.92054157372786
DEMO-E02-5Q-0002,7.835010199930162,259.65993822511024
DEMO-E02-5Q-0002,7.86376604847407,266.13944385852596
DEMO-E02-5Q-0002,7.8925218970179785,272.32689583214307
DEMO-E02-5Q-0002,7.921277745561886,278.1913963491458
DEMO-E02-5Q-0002,7.950033594105795,283.7035305814566
DEMO-E02-5Q-0002,7.978789442649703,288.8355722614328
DEMO-E02-5Q-0002,8.00754529119361,293.5616741246944
DEMO-E02-5Q-0002,8.03630113973752,297.8580408619926
DEMO-E02-5Q-0002,8.065056988281427,301.7030825593767
DEMO-E02-5Q-0002,8.093812836825336,305.07754696461683
DEMO-E02-5Q-0002,8.122568685369243,307.96462930379016
DEMO-E02-5Q-0002,8.15132453391315,310.350058774328
DEMO-E02-5Q-0002,8.18008038245706,312.22216124865565
DEMO-E02-5Q-0002,8.208836231000967,313.5718981250133
DEMO-E02-5Q-0002,8.237592079544875,314.3928816490594
DEMO-E02-5Q-0002,8.266347928088784,314.681367392165
DEMO-E02-5Q-0002,8.295103776632692,314.4362249021816
DEMO-E02-5Q-0002,8.3238596251766,313.65888783331565
DEMO-E02-5Q-0002,8.352615473720508,312.35328510901587
DEMO-E02-5Q-0002,8.381371322264416,310.5257548722868
DEMO-E02-5Q-0002,8.410127170808325,308.1849431301867
DEMO-E02-5Q-0002,8.438883019352232,305.3416891036765
DEMO-E02-5Q-0002,8.46763886789614,302.00889935196966
DEMO-E02-5Q-0002,8.496394716440049,298.2014127549307
DEMO-E02-5Q-0002,8.525150564983957,293.9358584116849
DEMO-E02-5Q-0002,8.553906413527864,289.2305084529769
DEMO-E02-5Q-0002,8.582662262071773,284.10512767403475
DEMO-E02-5Q-0002,8.61141811061568,278.5808217790705
DEMO-E02-5Q-0002,8.64017395915959,272.6798858934594
DEMO-E02-5Q-0002,8.668929807703497,266.4256548503881
DEMO-E02-5Q-0002,8.697685656247405,259.84235660018635
DEMO-E02-5Q-0002,8.726441504791314,252.95496992725566
DEMO-E02-5Q-0002,8.755197353335221,245.7890874954049
DEMO-E02-5Q-0002,8.783953201879129,238.37078508088146
DEMO-E02-5Q-0002,8.812709050423038,230.72649769629282
DEMO-E02-5Q-0002,8.841464898966946,222.88290315995897
DEMO-E02-5Q-0002,8.870220747510855,214.86681352573072
DEMO-E02-5Q-0002,8.898976596054762,206.70507465886297
DEMO-E02-5Q-0002,8.92773244459867,198.4244741246332
DEMO-E02-5Q-0002,8.956488293142579,190.0516574482329
DEMO-E02-5Q-0002,8.985244141686486,181.61305270660048
DEMO-E02-5Q-0002,9.013999990230394,173.13480332490604
DEMO-E02-5Q-0002,9.042755838774303,164.6427088714965
DEMO-E02-5Q-0002,9.07151168731821,156.16217357446737
DEMO-E02-5Q-0002,9.10026753586212,147.7181622196635
DEMO-E02-5Q-0002,9.129023384406027,139.3351630330557
DEMO-E02-5Q-0002,9.157779232949935,131.0371570991174
DEMO-E02-5Q-0002,9.186535081493844,122.8475938204974
DEMO-E02-5Q-0002,9.215290930037751,114.78937188227842
DEMO-E02-5Q-0002,9.244046778581659,106.88482514616017
DEMO-E02-5Q-0002,9.272802627125568,99.15571286576994
DEMO-E02-5Q-0002,9.301558475669475,91.62321358405865
DEMO-E02-5Q-0002,9.330314324213385,84.30792204752917
DEMO-E02-5Q-0002,9.359070172757292,77.22984845033714
DEMO-E02-5Q-0002,9.3878260213012,70.40841930450142
DEMO-E02-5Q-0002,9.416581869845109,63.86247922128985
DEMO-E02-5Q-0002,9.445337718389016,57.61029288394318
DEMO-E02-5Q-0002,9.474093566932924,51.66954649399475
DEMO-E02-5Q-0002,9.502849415476833,46.0573479833007
DEMO-E02-5Q-0002,9.53160526402074,40.79022530211697
DEMO-E02-5Q-0002,9.560361112564648,35.88412212075568
DEMO-E02-5Q-0002,9.589116961108557,31.354390319019522
DEMO-E02-5Q-0002,9.617872809652464,27.21577868398513
DEMO-E02-5Q-0002,9.646628658196374,23.482417293002197
DEMO-E02-5Q-0002,9.675384506740281,20.16779712494319
DEMO-E02-5Q-0002,9.704140355284189,17.284744518530523
DEMO-E02-5Q-0002,9.732896203828098,14.845390181634535
DEMO-E02-5Q-0002,9.761652052372005,12.86113254913166
DEMO-E02-5Q-0002,9.790407900915913,11.342595388523181
DEMO-E02-5Q-0002,9.819163749459822,10.29957966107769
DEMO-E02-5Q-0002,9.84791959800373,9.741009760718338
DEMO-E02-5Q-0002,9.876675446547639,9.674874372004915
DEMO-E02-5Q-0002,9.905431295091546,10.10816231101398
DEMO-E02-5Q-0002,9.934187143635453,11.0467938372271
DEMO-E02-5Q-0002,9.962942992179363,12.495548049129404
DEMO-E02-5Q-0002,9.99169884072327,14.457987099399512
DEMO-E02-5Q-0002,10.020454689267178,16.93637808555666
DEMO-E02-5Q-0002,10.049210537811087,19.9316135868269
DEMO-E02-5Q-0002,10.077966386354994,23.443131925808324
DEMO-E02-5Q-0002,10.106722234898903,27.46883833220692
DEMO-E02-5Q-0002,10.13547808344281,32.00502827328759
DEMO-E02-5Q-0002,10.164233931986718,37.04631428961237
DEMO-E02-5Q-0002,10.192989780530628,42.585557732812376
DEMO-E02-5Q-0002,10.221745629074535,48.613806842414384
DEMO-E02-5Q-0002,10.250501477618442,55.1202426189564
DEMO-E02-5Q-0002,10.279257326162352,62.09213394867463
DEMO-E02-5Q-0002,10.308013174706259,69.51480340921458
DEMO-E02-5Q-0002,10.336769023250168,77.37160513440661
DEMO-E02-5Q-0002,10.365524871794076,85.64391603799362
DEMO-E02-5Q-0002,10.394280720337983,94.31114159050931
DEMO-E02-5Q-0002,10.423036568881892,103.35073721001501
DEMO-E02-5Q-0002,10.4517924174258,112.7382461664377
DEMO-E02-5Q-0002,10.480548265969707,122.44735471189583
DEMO-E02-5Q-0002,10.509304114513617,132.44996493732526
DEMO-E02-5Q-0002,10.538059963057524,142.7162856215688
DEMO-E02-5Q-0002,10.566815811601431,153.214941086092
DEMO-E02-5Q-0002,10.59557166014534,163.9130978007049
DEMO-E02-5Q-0002,10.624327508689248,174.77660820801276
DEMO-E02-5Q-0002,10.653083357233157,185.77017095195137
DEMO-E02-5Q-0002,10.681839205777065,196.85750641482392
DEMO-E02-5Q-0002,10.710595054320972,208.00154619380558
DEMO-E02-5Q-0002,10.739350902864881,219.16463488840304
DEMO-E02-5Q-0002,10.768106751408789,230.30874233125866
DEMO-E02-5Q-0002,10.796862599952696,241.39568418198243
DEMO-E02-5Q-0002,10.825618448496606,252.3873486232531
DEMO-E02-5Q-0002,10.854374297040513,263.2459267550043
DEMO-E02-5Q-0002,10.883130145584422,273.934144180557
DEMO-E02-5Q-0002,10.91188599412833,284.4154912208447
DEMO-E02-5Q-0002,10.940641842672237,294.6544491817397
DEMO-E02-5Q-0002,10.969397691216146,304.61671013523846
DEMO-E02-5Q-0002,10.998153539760054,314.26938775777955
DEMO-E02-5Q-0002,11.026909388303961,323.5812168958744
DEMO-E02-5Q-0002,11.05566523684787,332.5227396980105
DEMO-E02-5Q-0002,11.084421085391778,341.0664763577704
DEMO-E02-5Q-0002,11.113176933935687,349.1870787515225
DEMO-E02-5Q-0002,11.141932782479595,356.86146551876266
DEMO-E02-5Q-0002,11.170688631023502,364.0689374178846
DEMO-E02-5Q-0002,11.199444479567411,370.7912720879768
DEMO-E02-5Q-0002,11.228200328111319,377.01279765132176
DEMO-E02-5Q-0002,11.256956176655226,382.72044489495437
DEMO-E02-5Q-0002,11.285712025199135,387.90377806629806
DEMO-E02-5Q-0002,11.314467873743043,392.55500460200227
DEMO-E02-5Q-0002,11.34322372228695,396.6689643751417
DEMO-E02-5Q-0002,11.37197957083086,400.24309928974213
DEMO-E02-5Q-0002,11.400735419374767,403.2774042696257
DEMO-E02-5Q-0002,11.429491267918676,405.77436087815175
DEMO-E02-5Q-0002,11.458247116462584,407.73885496507484
DEMO-E02-5Q-0002,11.487002965006491,409.17807986547956
DEMO-E02-5Q-0002,11.5157588135504,410.10142677383294
DEMO-E02-5Q-0002,11.544514662094308,410.5203639842188
DEMO-E02-5Q-0002,11.573270510638215,410.44830672729364
DEMO-E02-5Q-0002,11.602026359182124,409.9004793472922
DEMO-E02-5Q-0002,11.630782207726032,408.89377155077295
DEMO-E02-5Q-0002,11.659538056269941,407.44659042533164
DEMO-E02-5Q-0002,11.688293904813849,405.5787098737644
DEMO-E02-5Q-0002,11.717049753357756,403.3111190399857
DEMO-E02-5Q-0002,11.745805601901665,400.66587121988937
DEMO-E02-5Q-0002,11.774561450445573,397.6659346558609
DEMO-E02-5Q-0002,11.80331729898948,394.33504651005705
DEMO-E02-5Q-0002,11.83207314753339,390.69757120090543
DEMO-E02-5Q-0002,11.860828996077297,386.77836417135
DEMO-E02-5Q-0002,11.889584844621206,382.6026420376587
DEMO-E02-5Q-0002,11.918340693165113,378.1958599453642
DEMO-E02-5Q-0002,11.947096541709023,373.5835968351796
DEMO-E02-5Q-0002,11.97585239025293,368.7914491972508
DEMO-E02-5Q-0002,12.004608238796838,363.84493376758246
DEMO-E02-5Q-0002,12.033364087340747,358.76939949636994
DEMO-E02-5Q-0002,12.062119935884654,353.5899489948131
DEMO-E02-5Q-0002,12.090875784428562,348.3313695450406
DEMO-E02-5Q-0002,12.119631632972471,343.0180736377584
DEMO-E02-5Q-0002,12.148387481516378,337.6740488843423
DEMO-E02-5Q-0002,12.177143330060288,332.32281703512575
DEMO-E02-5Q-0002,12.205899178604195,326.9874017243464
DEMO-E02-5Q-0002,12.234655027148102,321.6903044550982
DEMO-E02-5Q-0002,12.263410875692012,316.4534882361934
DEMO-E02-5Q-0002,12.29216672423592,311.298368187524
DEMO-E02-5Q-0002,12.320922572779827,306.24580834311183
DEMO-E02-5Q-0002,12.349678421323736,301.3161238021643
DEMO-E02-5Q-0002,12.378434269867643,296.5290873100064
DEMO-E02-5Q-0002,12.40719011841155,291.9039392933924
DEMO-E02-5Q-0002,12.43594596695546,287.4594003300848
DEMO-E02-5Q-0002,12.464701815499367,283.2136850016368
DEMO-E02-5Q-0002,12.493457664043277,279.18451606175984
DEMO-E02-5Q-0002,12.522213512587184,275.3891378519264
DEMO-E02-5Q-0002,12.550969361131092,271.84432791056
DEMO-E02-5Q-0002,12.579725209675,268.566405753604
DEMO-E02-5Q-0002,12.608481058218908,265.5712378516173
DEMO-E02-5Q-0002,12.637236906762816,262.87423789223175
DEMO-E02-5Q-0002,12.665992755306725,260.4903614958314
DEMO-E02-5Q-0002,12.694748603850632,258.43409464623346
DEMO-E02-5Q-0002,12.723504452394542,256.7194352057328
DEMO-E02-5Q-0002,12.752260300938449,255.3598670038617
DEMO-E02-5Q-0002,12.781016149482356,254.36832612025688
DEMO-E02-5Q-0002,12.809771998026266,253.7571591222726
DEMO-E02-5Q-0002,12.838527846570173,253.53807316585647
DEMO-E02-5Q-0002,12.86728369511408,253.7220780214953
DEMO-E02-5Q-0002,12.89603954365799,254.31942024416202
DEMO-E02-5Q-0002,12.924795392201897,255.33950986457575
DEMO-E02-5Q-0002,12.953551240745806,256.79084013714527
DEMO-E02-5Q-0002,12.982307089289714,258.6809010351401
DEMO-E02-5Q-0002,13.011062937833621,261.0160873341381
DEMO-E02-5Q-0002,13.03981878637753,263.80160226824415
DEMO-E02-5Q-0002,13.068574634921438,267.04135787810816
DEMO-E02-5Q-0002,13.097330483465345,270.73787329311017
DEMO-E02-5Q-0002,13.126086332009255,274.8921723002746
DEMO-E02-5Q-0002,13.154842180553162,279.5036816476163
DEMO-E02-5Q-0002,13.18359802909707,284.57013160758555
DEMO-E02-5Q-0002,13.212353877640979,290.08746038542
DEMO-E02-5Q-0002,13.241109726184886,296.0497239957255
DEMO-E02-5Q-0002,13.269865574728795,302.4490132468925
DEMO-E02-5Q-0002,13.298621423272703,309.2753794657404
DEMO-E02-5Q-0002,13.32737727181661,316.5167705628268
DEMO-E02-5Q-0002,13.35613312036052,324.1589789814111
DEMO-E02-5Q-0002,13.384888968904427,332.18560298955435
DEMO-E02-5Q-0002,13.413644817448334,340.5780226653273
DEMO-E02-5Q-0002,13.442400665992244,349.3153917897506
DEMO-E02-5Q-0002,13.471156514536151,358.37464670202036
DEMO-E02-5Q-0002,13.49991236308006,367.73053298810737
DEMO-E02-5Q-0002,13.528668211623968,377.35565066883527
DEMO-E02-5Q-0002,13.557424060167875,387.22051832997545
DEMO-E02-5Q-0002,13.586179908711784,397.29365639737205
DEMO-E02-5Q-0002,13.614935757255692,407.54168950889357
DEMO-E02-5Q-0002,13.6436916057996,417.92946767571726
DEMO-E02-5Q-0002,13.672447454343509,428.4202056630352
DEMO-E02-5Q-0002,13.701203302887416,438.9756397593843
DEMO-E02-5Q-0002,13.729959151431325,449.55620084969047
DEMO-E02-5Q-0002,13.758714999975233,460.12120246458517
DEMO-E02-5Q-0002,13.78747084851914,470.62904225308307
DEMO-E02-5Q-0002,13.81622669706305,481.037415121667
DEMO-E02-5Q-0002,13.844982545606957,491.30353610492585
DEMO-E02-5Q-0002,13.873738394150864,501.38437088486324
DEMO-E02-5Q-0002,13.902494242694774,511.2368717611828
DEMO-E02-5Q-0002,13.931250091238681,520.8182167956624
DEMO-E02-5Q-0002,13.96000593978259,530.0860498118583
DEMO-E02-5Q-0002,13.988761788326498,538.9987189274575
DEMO-E02-5Q-0002,14.017517636870405,547.5155113305902
DEMO-E02-5Q-0002,14.046273485414314,555.5968820819421
DEMO-E02-5Q-0002,14.075029333958222,563.2046748299283
DEMO-E02-5Q-0002,14.10378518250213,570.3023324632137
DEMO-E02-5Q-0002,14.132541031046038,576.8550958904553
DEMO-E02-5Q-0002,14.161296879589946,582.8301893266892
DEMO-E02-5Q-0002,14.190052728133853,588.1969906752121
DEMO-E02-5Q-0002,14.218808576677763,592.927185817569
DEMO-E02-5Q-0002,14.24756442522167,596.9949058581462
DEMO-E02-5Q-0002,14.27632027376558,600.3768466078604
DEMO-E02-5Q-0002,14.305076122309487,603.0523698296691
DEMO-E02-5Q-0002,14.333831970853394,605.0035860015577
DEMO-E02-5Q-0002,14.362587819397303,606.2154185767118
DEMO-E02-5Q-0002,14.39134366794121,606.6756499318515
DEMO-E02-5Q-0002,14.420099516485118,606.3749493897651
DEMO-E02-5Q-0002,14.448855365029027,605.3068838789351
DEMO-E02-5Q-0002,14.477611213572935,603.4679119492719
DEMO-E02-5Q-0002,14.506367062116844,600.857361997669
DEMO-E02-5Q-0002,14.535122910660752,597.4773956691512
DEMO-E02-5Q-0002,14.563878759204659,593.3329574893012
DEMO-E02-5Q-0002,14.592634607748568,588.4317118512068
DEMO-E02-5Q-0002,14.621390456292476,582.7839685269478
DEMO-E02-5Q-0002,14.650146304836383,576.4025979002852
DEMO-E02-5Q-0002,14.678902153380292,569.3029371256849
DEMO-E02-5Q-0002,14.7076580019242,561.5026884108569
DEMO-E02-5Q-0002,14.736413850468109,553.0218105972094
DEMO-E02-5Q-0002,14.765169699012016,543.8824051775721
DEMO-E02-5Q-0002,14.793925547555924,534.1085978446089
DEMO-E02-5Q-0002,14.822681396099833,523.7264166090524
DEMO-E02-5Q-0002,14.85143724464374,512.7636674654609
DEMO-E02-5Q-0002,14.880193093187648,501.24980851696955
DEMO-E02-5Q-0002,14.908948941731557,489.21582340033183
DEMO-E02-5Q-0002,14.937704790275465,476.6940947802993
DEMO-E02-5Q-0002,14.966460638819372,463.7182786087069
DEMO-E02-5Q-0002,14.995216487363281,450.32317976983904
DEMO-E02-5Q-0002,15.023972335907189,436.5446296600816
DEMO-E02-5Q-0002,15.052728184451098,422.4193661772869
DEMO-E02-5Q-0002,15.081484032995006,407.98491652410905
DEMO-E02-5Q-0002,15.110239881538913,393.27948315969445
DEMO-E02-5Q-0002,15.138995730082822,378.3418331662453
DEMO-E02-5Q-0002,15.16775157862673,363.2111912306467
DEMO-E02-5Q-0002,15.196507427170637,347.9271363769342
DEMO-E02-5Q-0002,15.225263275714546,332.52950252284757
DEMO-E02-5Q-0002,15.254019124258454,317.0582828730002
DEMO-E02-5Q-0002,15.282774972802363,301.5535381025536
DEMO-E02-5Q-0002,15.31153082134627,286.05530822876085
DEMO-E02-5Q-0002,15.340286669890178,270.6035280136418
DEMO-E02-5Q-0002,15.369042518434087,255.23794568965687
DEMO-E02-5Q-0002,15.397798366977995,239.9980447520574
DEMO-E02-5Q-0002,15.426554215521902,224.9229685169627
DEMO-E02-5Q-0002,15.455310064065811,210.05144710397556
DEMO-E02-5Q-0002,15.484065912609719,195.42172646678972
DEMO-E02-5Q-0002,15.512821761153628,181.07149906546485
DEMO-E02-5Q-0002,15.541577609697535,167.03783575088534
DEMO-E02-5Q-0002,15.570333458241443,153.35711841567837
DEMO-E02-5Q-0002,15.599089306785352,140.06497295783606
DEMO-E02-5Q-0002,15.62784515532926,127.1962021036539
DEMO-E02-5Q-0002,15.656601003873167,114.78471764640837
DEMO-E02-5Q-0002,15.685356852417076,102.8634716767132
DEMO-E02-5Q-0002,15.714112700960984,91.46438641024868
DEMO-E02-5Q-0002,15.742868549504893,80.61828225879533
DEMO-E02-5Q-0002,15.7716243980488,70.35480384121767
DEMO-E02-5Q-0002,15.800380246592708,60.70234369228334
DEMO-E02-5Q-0002,15.829136095136617,51.687963498464306
DEMO-E02-5Q-0002,15.857891943680524,43.33731277079268
DEMO-E02-5Q-0002,15.886647792224432,35.67454495452443
DEMO-E02-5Q-0002,15.915403640768341,28.722231072977856
DEMO-E02-5Q-0002,15.944159489312248,22.50127110704073
DEMO-E02-5Q-0002,15.972915337856156,17.03080342128221
DEMO-E02-5Q-0002,16.001671186400063,12.32811266052324
DEMO-E02-5Q-0002,16.030427034943973,8.408536655385612
DEMO-E02-5Q-0002,16.059182883487882,5.28537298971481
DEMO-E02-5Q-0002,16.087938732031787,2.9697859946497167
DEMO-E02-5Q-0002,16.116694580575697,1.4707150413049546
DEMO-E02-5Q-0002,16.145450429119606,0.7947851040497154
DEMO-E02-5Q-0002,16.17420627766351,0.9462206568971142
DEMO-E02-5Q-0002,16.20296212620742,1.9267640441175595
DEMO-E02-5Q-0002,16.23171797475133,3.7355995304997696
DEMO-E02-5Q-0002,16.260473823295236,6.369284284488242
DEMO-E02-5Q-0002,16.289229671839145,9.821687576640702
DEMO-E02-5Q-0002,16.317985520383054,14.083939484650388
DEMO-E02-5Q-0002,16.34674136892696,19.144390383023158
DEMO-E02-5Q-0002,16.37549721747087,24.988582459188105
DEMO-E02-5Q-0002,16.40425306601478,31.59923443758898
DEMO-E02-5Q-0002,16.433008914558684,38.95624060884566
DEMO-E02-5Q-0002,16.461764763102593,47.036685152578656
DEMO-E02-5Q-0002,16.490520611646502,55.81487261062483
DEMO-E02-5Q-0002,16.51927646019041,65.26237521359033
DEMO-E02-5Q-0002,16.548032308734317,75.3480975896399
DEMO-E02-5Q-0002,16.576788157278227,86.0383591926644
DEMO-E02-5Q-0002,16.605544005822136,97.29699458036544
DEMO-E02-5Q-0002,16.63429985436604,109.08547145476585
DEMO-E02-5Q-0002,16.66305570290995,121.36302615206819
DEMO-E02-5Q-0002,16.69181155145386,134.08681603955964
DEMO-E02-5Q-0002,16.720567399997766,147.21208804924407
DEMO-E02-5Q-0002,16.749323248541675,160.69236235493793
DEMO-E02-5Q-0002,16.778079097085584,174.47962998680202
DEMO-E02-5Q-0002,16.80683494562949,188.52456297864302
DEMO-E02-5Q-0002,16.8355907941734,202.77673546324922
DEMO-E02-5Q-0002,16.864346642717308,217.18485397298974
DEMO-E02-5Q-0002,16.893102491261214,231.69699507069674
DEMO-E02-5Q-0002,16.921858339805123,246.26084833158586
DEMO-E02-5Q-0002,16.950614188349032,260.8239626233447
DEMO-E02-5Q-0002,16.979370036892938,275.33399358958087
DEMO-E02-5Q-0002,17.008125885436847,289.7389502322439
DEMO-E02-5Q-0002,17.036881733980756,303.98743851151005
DEMO-E02-5Q-0002,17.065637582524666,318.02889993593476
DEMO-E02-5Q-0002,17.09439343106857,331.81384319984596
DEMO-E02-5Q-0002,17.12314927961248,345.2940670370302
DEMO-E02-5Q-0002,17.15190512815639,358.4228725966428
DEMO-E02-5Q-0002,17.180660976700295,371.1552638060668
DEMO-E02-5Q-0002,17.209416825244205,383.448134362158
DEMO-E02-5Q-0002,17.238172673788114,395.2604401834141
DEMO-E02-5Q-0002,17.26692852233202,406.55335635686345
DEMO-E02-5Q-0002,17.29568437087593,417.29041782082743
DEMO-E02-5Q-0002,17.324440219419838,427.43764323431276
DEMO-E02-5Q-0002,17.353196067963744,436.9636416916814
DEMO-E02-5Q-0002,17.381951916507653,445.8397021439707
DEMO-E02-5Q-0002,17.410707765051562,454.03986558249176
DEMO-E02-5Q-0002,17.439463613595468,461.5409802234525
DEMO-E02-5Q-0002,17.468219462139377,468.3227401016609
DEMO-E02-5Q-0002,17.496975310683286,474.36770763518433
DEMO-E02-5Q-0002,17.525731159227195,479.66132085958776
DEMO-E02-5Q-0002,17.5544870077711,484.1918861489068
DEMO-E02-5Q-0002,17.58324285631501,487.95055734035265
DEMO-E02-5Q-0002,17.61199870485892,490.93130226076846
DEMO-E02-5Q-0002,17.640754553402825,493.1308577149447
DEMO-E02-5Q-0002,17.669510401946734,494.5486740398708
DEMO-E02-5Q-0002,17.698266250490644,495.1868503553741
DEMO-E02-5Q-0002,17.72702209903455,495.0500616514644
DEMO-E02-5Q-0002,17.75577794757846,494.14547884717916
DEMO-E02-5Q-0002,17.784533796122368,492.48268293608555
DEMO-E02-5Q-0002,17.813289644666273,490.0735743011507
DEMO-E02-5Q-0002,17.842045493210183,486.932278237956
DEMO-E02-5Q-0002,17.870801341754092,483.0750476714154
DEMO-E02-5Q-0002,17.899557190297998,478.520163988788
DEMO-E02-5Q-0002,17.928313038841907,473.2878368421452
DEMO-E02-5Q-0002,17.957068887385816,467.4001036977898
DEMO-E02-5Q-0002,17.98582473592972,460.8807298296243
DEMO-E02-5Q-0002,18.01458058447363,453.7551093694491
DEMO-E02-5Q-0002,18.04333643301754,446.0501679403367
DEMO-E02-5Q-0002,18.07209228156145,437.7942673109156
DEMO-E02-5Q-0002,18.100848130105355,429.017112419356
DEMO-E02-5Q-0002,18.129603978649264,419.7496610268736
DEMO-E02-5Q-0002,18.158359827193173,410.0240361726642
DEMO-E02-5Q-0002,18.18711567573708,399.8734415159508
DEMO-E02-5Q-0002,18.21587152428099,389.3320795670552
DEMO-E02-5Q-0002,18.244627372824898,378.43507272889394
DEMO-E02-5Q-0002,18.273383221368803,367.21838699354043
DEMO-E02-5Q-0002,18.302139069912712,355.71875806646193
DEMO-E02-5Q-0002,18.33089491845662,343.9736196240622
DEMO-E02-5Q-0002,18.359650767000527,332.0210333492596
DEMO-E02-5Q-0002,18.388406615544437,319.8996203351755
DEMO-E02-5Q-0002,18.417162464088346,307.6484933999258
DEMO-E02-5Q-0002,18.44591831263225,295.30718981566224
DEMO-E02-5Q-0002,18.47467416117616,282.91560392394103
DEMO-E02-5Q-0002,18.50343000972007,270.51391908698844
DEMO-E02-5Q-0002,18.53218585826398,258.14253841131233
DEMO-E02-5Q-0002,18.560941706807885,245.8420136768393
DEMO-E02-5Q-0002,18.589697555351794,233.65297191135724
DEMO-E02-5Q-0002,18.618453403895703,221.61603906725833
DEMO-E02-5Q-0002,18.64720925243961,209.77176028509746
DEMO-E02-5Q-0002,18.675965100983518,198.1605162667303
DEMO-E02-5Q-0002,18.704720949527427,186.82243532964728
DEMO-E02-5Q-0002,18.733476798071333,175.79730077323785
DEMO-E02-5Q-0002,18.762232646615242,165.12445325716638
DEMO-E02-5Q-0002,18.79098849515915,154.84268797103195
DEMO-E02-5Q-0002,18.819744343703057,144.99014646272718
DEMO-E02-5Q-0002,18.848500192246966,135.60420308950134
DEMO-E02-5Q-0002,18.877256040790876,126.72134616000262
DEMO-E02-5Q-0002,18.90601188933478,118.3770539461438
DEMO-E02-5Q-0002,18.93476773787869,110.60566585981799
DEMO-E02-5Q-0002,18.9635235864226,103.44024920940623
DEMO-E02-5Q-0002,18.992279434966505,96.91246207347524
DEMO-E02-5Q-0002,19.021035283510415,91.05241295239938
DEMO-E02-5Q-0002,19.049791132054324,85.88851798078677
DEMO-E02-5Q-0002,19.078546980598233,81.44735660295979
DEMO-E02-5Q-0002,19.10730282914214,77.75352672799903
DEMO-E02-5Q-0002,19.136058677686048,74.82950048810211
DEMO-E02-5Q-0002,19.164814526229957,72.69548182190323
DEMO-E02-5Q-0002,19.193570374773863,71.36926719086296
DEMO-E02-5Q-0002,19.222326223317772,70.866110809656
DEMO-E02-5Q-0002,19.25108207186168,71.19859582861896
DEMO-E02-5Q-0002,19.279837920405587,72.37651294569191
DEMO-E02-5Q-0002,19.308593768949496,74.40674794531063
DEMO-E02-5Q-0002,19.337349617493405,77.29317966058865
DEMO-E02-5Q-0002,19.36610546603731,81.03658983182254
DEMO-E02-5Q-0002,19.39486131458122,85.63458628778777
DEMO-E02-5Q-0002,19.42361716312513,91.08154080603171
DEMO-E02-5Q-0002,19.452373011669035,97.36854291427811
DEMO-E02-5Q-0002,19.481128860212944,104.4833707775478
DEMO-E02-5Q-0002,19.509884708756854,112.41048017553904
DEMO-E02-5Q-0002,19.538640557300763,121.13101241358565
DEMO-E02-5Q-0002,19.56739640584467,130.62282183010987
DEMO-E02-5Q-0002,19.596152254388578,140.8605233660884
DEMO-E02-5Q-0002,19.624908102932487,151.81556045083224
DEMO-E02-5Q-0002,19.653663951476393,163.4562932363009
DEMO-E02-5Q-0002,19.682419800020302,175.7481069830935
DEMO-E02-5Q-0002,19.71117564856421,188.65354016877592
DEMO-E02-5Q-0002,19.739931497108117,202.13243165788666
DEMO-E02-5Q-0002,19.768687345652026,216.1420860462672
DEMO-E02-5Q-0002,19.797443194195935,230.63745607513988
DEMO-E02-5Q-0002,19.82619904273984,245.5713408060888
DEMO-E02-5Q-0002,19.85495489128375,260.8945980608338
DEMO-E02-5Q-0002,19.88371073982766,276.5563694628364
DEMO-E02-5Q-0002,19.912466588371565,292.50431627424496
DEMO-E02-5Q-0002,19.941222436915474,308.68486410425226
DEMO-E02-5Q-0002,19.969978285459383,325.04345447515567
DEMO-E02-5Q-0002,19.99873413400329,341.5248011722577
DEMO-E02-5Q-0002,20.0274899825472,358.07314927311205
DEMO-E02-5Q-0002,20.056245831091108,374.6325347513861
DEMO-E02-5Q-0002,20.085001679635013,391.1470425796504
DEMO-E02-5Q-0002,20.113757528178922,407.56106131275214
DEMO-E02-5Q-0002,20.14251337672283,423.81953221726934
DEMO-E02-5Q-0002,20.171269225266737,439.86819112086243
DEMO-E02-5Q-0002,20.200025073810647,455.65380128505126
DEMO-E02-5Q-0002,20.228780922354556,471.1243757535146
DEMO-E02-5Q-0002,20.25753677089846,486.22938779198074
DEMO-E02-5Q-0002,20.28629261944237,500.9199682116357
DEMO-E02-5Q-0002,20.31504846798628,515.1490885525911
DEMO-E02-5Q-0002,20.343804316530186,528.8717292936309
DEMO-E02-5Q-0002,20.372560165074095,542.0450324459003
DEMO-E02-5Q-0002,20.401316013618004,554.6284380783419
DEMO-E02-5Q-0002,20.430071862161913,566.5838045086816
DEMO-E02-5Q-0002,20.45882771070582,577.8755120725826
DEMO-E02-5Q-0002,20.487583559249728,588.4705505534973
DEMO-E02-5Q-0002,20.516339407793637,598.3385905143074
DEMO-E02-5Q-0002,20.545095256337543,607.4520389176072
DEMO-E02-5Q-0002,20.573851104881452,615.7860795533159
DEMO-E02-5Q-0002,20.60260695342536,623.3186989090027
DEMO-E02-5Q-0002,20.631362801969267,630.0306982196955
DEMO-E02-5Q-0002,20.660118650513176,635.9056925192427
DEMO-E02-5Q-0002,20.688874499057086,640.9300975850708
DEMO-E02-5Q-0002,20.71763034760099,645.0931057221583
DEMO-E02-5Q-0002,20.7463861961449,648.3866513710324
DEMO-E02-5Q-0002,20.77514204468881,650.805367549004
DEMO-E02-5Q-0002,20.803897893232715,652.3465341445875
DEMO-E02-5Q-0002,20.832653741776625,653.0100190827525
DEMO-E02-5Q-0002,20.861409590320534,652.7982133645369
DEMO-E02-5Q-0002,20.89016543886444,651.71596095927
DEMO-E02-5Q-0002,20.91892128740835,649.7704844924885
DEMO-E02-5Q-0002,20.947677135952258,646.9713076283349
DEMO-E02-5Q-0002,20.976432984496167,643.3301749929838
DEMO-E02-5Q-0002,21.005188833040073,638.860970426364
DEMO-E02-5Q-0002,21.033944681583982,633.5796342839234
DEMO-E02-5Q-0002,21.06270053012789,627.5040804397288
DEMO-E02-5Q-0002,21.091456378671797,620.6541135672015
DEMO-E02-5Q-0002,21.120212227215706,613.0513471956419
DEMO-E02-5Q-0002,21.148968075759615,604.7191229597838
DEMO-E02-5Q-0002,21.17772392430352,595.6824313772191
DEMO-E02-5Q-0002,21.20647977284743,585.9678344050752
DEMO-E02-5Q-0002,21.23523562139134,575.6033899439976
DEMO-E02-5Q-0002,21.263991469935245,564.6185783747499
DEMO-E02-5Q-0002,21.292747318479154,553.0442311317929
DEMO-E02-5Q-0002,21.321503167023064,540.9124612395067
DEMO-E02-5Q-0002,21.35025901556697,528.2565956613581
DEMO-E02-5Q-0002,21.37901486411088,515.1111092409175
DEMO-E02-5Q-0002,21.407770712654788,501.51155994719625
DEMO-E02-5Q-0002,21.436526561198693,487.49452507586005
DEMO-E02-5Q-0002,21.465282409742603,473.09753800346107
DEMO-E02-5Q-0002,21.494038258286512,458.3590250445952
DEMO-E02-5Q-0002,21.52279410683042,443.31824192244744
DEMO-E02-5Q-0002,21.551549955374327,428.01520933237276
DEMO-E02-5Q-0002,21.580305803918236,412.490647056301
DEMO-E02-5Q-0002,21.609061652462145,396.78590607390106
DEMO-E02-5Q-0002,21.63781750100605,380.9428981141778
DEMO-E02-5Q-0002,21.66657334954996,365.00402209986044
DEMO-E02-5Q-0002,21.69532919809387,349.01208695608045
DEMO-E02-5Q-0002,21.724085046637775,333.0102302848779
DEMO-E02-5Q-0002,21.752840895181684,317.0418324480063
DEMO-E02-5Q-0002,21.781596743725594,301.1504256522921
DEMO-E02-5Q-0002,21.8103525922695,285.37959769393797
DEMO-E02-5Q-0002,21.83910844081341,269.77289009056244
DEMO-E02-5Q-0002,21.867864289357318,254.37369041166966
DEMO-E02-5Q-0002,21.896620137901223,239.22511870899916
DEMO-E02-5Q-0002,21.925375986445133,224.36990804698758
DEMO-E02-5Q-0002,21.95413183498904,209.8502792392593
DEMO-E02-5Q-0002,21.98288768353295,195.70781000842854
DEMO-E02-5Q-0002,22.011643532076857,181.9832989023927
DEMO-E02-5Q-0002,22.040399380620766,168.71662441891576
DEMO-E02-5Q-0002,22.069155229164675,155.94659991011818
DEMO-E02-5Q-0002,22.09791107770858,143.71082495770654
DEMO-E02-5Q-0002,22.12666692625249,132.0455340266552
DEMO-E02-5Q-0002,22.1554227747964,120.98544331709046
DEMO-E02-5Q-0002,22.184178623340305,110.56359683998677
DEMO-E02-5Q-0002,22.212934471884214,100.81121283919748
DEMO-E02-5Q-0002,22.241690320428123,91.75753176890498
DEMO-E02-5Q-0002,22.27044616897203,83.42966710905034
DEMO-E02-5Q-0002,22.299202017515938,75.85246036051943
DEMO-E02-5Q-0002,22.327957866059847,69.04834160451325
DEMO-E02-5Q-0002,22.356713714603753,63.03719703524309
DEMO-E02-5Q-0002,22.385469563147662,57.83624488062157
DEMO-E02-5Q-0002,22.41422541169157,53.45992111074965
DEMO-E02-5Q-0002,22.442981260235477,49.91977629817588
DEMO-E02-5Q-0002,22.471737108779386,47.224384936675825
DEMO-E02-5Q-0002,22.500492957323296,45.37926844684495
DEMO-E02-5Q-0002,22.529248805867205,44.38683299748953
DEMO-E02-5Q-0002,22.55800465441111,44.246323152637544
DEMO-E02-5Q-0002,22.58676050295502,44.953792216308436
DEMO-E02-5Q-0002,22.61551635149893,46.5020899927181
DEMO-E02-5Q-0002,22.644272200042835,48.880868510563936
DEMO-E02-5Q-0002,22.673028048586744,52.076606078951016
DEMO-E02-5Q-0002,22.701783897130653,56.07264985220159
DEMO-E02-5Q-0002,22.73053974567456,60.84927688436476
DEMO-E02-5Q-0002,22.759295594218468,66.38377345495718
DEMO-E02-5Q-0002,22.788051442762377,72.65053224868502
DEMO-E02-5Q-0002,22.816807291306283,79.62116677711518
DEMO-E02-5Q-0002,22.845563139850192,87.2646422426815
DEMO-E02-5Q-0002,22.8743189883941,95.54742186837353
DEMO-E02-5Q-0002,22.903074836938007,104.43362755295902
DEMO-E02-5Q-0002,22.931830685481916,113.88521356420115
DEMO-E02-5Q-0002,22.960586534025826,123.8621518537752
DEMO-E02-5Q-0002,22.989342382569735,134.3226274693717
DEMO-E02-5Q-0002,23.01809823111364,145.223242453197
DEMO-E02-5Q-0002,23.04685407965755,156.5192265529959
DEMO-E02-5Q-0002,23.07560992820146,168.16465303207144
DEMO-E02-5Q-0002,23.104365776745365,180.1126578490364
DEMO-E02-5Q-0002,23.133121625289274,192.31566048530078
DEMO-E02-5Q-0002,23.161877473833183,204.72558472823874
DEMO-E02-5Q-0002,23.19063332237709,217.2940777688529
DEMO-E02-5Q-0002,23.219389170920998,229.97272604338698
DEMO-E02-5Q-0002,23.248145019464907,242.713266336436
DEMO-E02-5Q-0002,23.276900868008813,255.46779076678357
DEMO-E02-5Q-0002,23.305656716552722,268.18894439401157
DEMO-E02-5Q-0002,23.33441256509663,280.83011431135105
DEMO-E02-5Q-0002,23.363168413640537,293.3456092259739
DEMO-E02-5Q-0002,23.391924262184446,305.6908286692212
DEMO-E02-5Q-0002,23.420680110728355,317.82242112392186
DEMO-E02-5Q-0002,23.44943595927226,329.69843050142225
DEMO-E02-5Q-0002,23.47819180781617,341.2784305451624
DEMO-E02-5Q-0002,23.50694765636008,352.5236468786372
DEMO-E02-5Q-0002,23.53570350490399,363.3970665513913
DEMO-E02-5Q-0002,23.564459353447894,373.8635350659032
DEMO-E02-5Q-0002,23.593215201991804,383.88984098937044
DEMO-E02-5Q-0002,23.621971050535713,393.4447883663848
DEMO-E02-5Q-0002,23.65072689907962,402.4992572505923
DEMO-E02-5Q-0002,23.679482747623528,411.0262527645257
DEMO-E02-5Q-0002,23.708238596167437,419.00094317706964
DEMO-E02-5Q-0002,23.736994444711343,426.4006875565665
DEMO-E02-5Q-0002,23.765750293255252,433.2050536147574
DEMO-E02-5Q-0002,23.79450614179916,439.3958264023114
DEMO-E02-5Q-0002,23.823261990343067,444.95700855107896
DEMO-E02-5Q-0002,23.852017838886976,449.8748127814711
DEMO-E02-5Q-0002,23.880773687430885,454.13764740610503
DEMO-E02-5Q-0002,23.90952953597479,457.7360955634162
DEMO-E02-5Q-0002,23.9382853845187,460.6628889079651
DEMO-E02-5Q-0002,23.96704123306261,462.91287646819137
DEMO-E02-5Q-0002,23.99579708160652,464.4829893579921
DEMO-E02-5Q-0002,24.024552930150424,465.3722019965966
DEMO-E02-5Q-0002,24.053308778694333,465.5814904522351
DEMO-E02-5Q-0002,24.082064627238243,465.1137884798709
DEMO-E02-5Q-0002,24.11082047578215,463.9739417727125
DEMO-E02-5Q-0002,24.139576324326057,462.16866089176636
DEMO-E02-5Q-0002,24.168332172869967,459.7064732784215
DEMO-E02-5Q-0002,24.197088021413872,456.59767469260913
DEMO-E02-5Q-0002,24.22584386995778,452.8542803543312
DEMO-E02-5Q-0002,24.25459971850169,448.48997600004486
DEMO-E02-5Q-0002,24.283355567045597,443.5200689984873
DEMO-E02-5Q-0002,24.312111415589506,437.96143960374195
DEMO-E02-5Q-0002,24.340867264133415,431.83249235754727
DEMO-E02-5Q-0002,24.36962311267732,425.15310758892264
DEMO-E02-5Q-0002,24.39837896122123,417.9445928979761
DEMO-E02-5Q-0002,24.42713480976514,410.22963445291316
DEMO-E02-5Q-0002,24.455890658309045,402.03224787583343
DEMO-E02-5Q-0002,24.484646506852954,393.37772844438973
DEMO-E02-5Q-0002,24.513402355396863,384.2926002938912
DEMO-E02-5Q-0002,24.542158203940772,374.80456426804426
DEMO-E02-5Q-0002,24.570914052484678,364.9424440375564
DEMO-E02-5Q-0002,24.599669901028587,354.7361300844452
DEMO-E02-5Q-0002,24.628425749572497,344.2165211365952
DEMO-E02-5Q-0002,24.657181598116402,333.4154626324635
DEMO-E02-5Q-0002,24.68593744666031,322.36568180015996
DEMO-E02-5Q-0002,24.71469329520422,311.1007189484956
DEMO-E02-5Q-0002,24.743449143748126,299.6548545903945
DEMO-E02-5Q-0002,24.772204992292036,288.06303205100176
DEMO-E02-5Q-0002,24.800960840835945,276.36077525405517
DEMO-E02-5Q-0002,24.82971668937985,264.5841014303121
DEMO-E02-5Q-0002,24.85847253792376,252.76942855059355
DEMO-E02-5Q-0002,24.88722838646767,240.95347735282846
DEMO-E02-5Q-0002,24.915984235011575,229.17316790702708
DEMO-E02-5Q-0002,24.944740083555484,217.46551074299586
DEMO-E02-5Q-0002,24.973495932099393,205.8674926526194
DEMO-E02-5Q-0002,25.002251780643302,194.41595737002947
DEMO-E02-5Q-0002,25.031007629187208,183.1474814281209
DEMO-E02-5Q-0002,25.059763477731117,172.09824558732288
DEMO-E02-5Q-0002,25.088519326275026,161.3039023305634
DEMO-E02-5Q-0002,25.117275174818932,150.79944001597173
DEMO-E02-5Q-0002,25.14603102336284,140.61904437384806
DEMO-E02-5Q-0002,25.17478687190675,130.7959581258386
DEMO-E02-5Q-0002,25.203542720450656,121.36233958945257
DEMO-E02-5Q-0002,25.232298568994565,112.3491212095171
DEMO-E02-5Q-0002,25.261054417538475,103.78586902711862
DEMO-E02-5Q-0002,25.28981026608238,95.70064415517467
DEMO-E02-5Q-0002,25.31856611462629,88.11986737621663
DEMO-E02-5Q-0002,25.3473219631702,81.06818801091575
DEMO-E02-5Q-0002,25.376077811714104,74.568358224247
DEMO-E02-5Q-0002,25.404833660258014,68.64111393888078
DEMO-E02-5Q-0002,25.433589508801923,63.30506351191805
DEMO-E02-5Q-0002,25.46234535734583,58.5765853006433
DEMO-E02-5Q-0002,25.491101205889738,54.46973519587948
DEMO-E02-5Q-0002,25.519857054433647,50.99616513751187
DEMO-E02-5Q-0002,25.548612902977556,48.16505354670088
DEMO-E02-5Q-0002,25.577368751521462,45.98304851373519
DEMO-E02-5Q-0002,25.60612460006537,44.45422447084187
DEMO-E02-5Q-0002,25.63488044860928,43.580052956806924
DEMO-E02-5Q-0002,25.663636297153186,43.3593879468574
DEMO-E02-5Q-0002,25.692392145697095,43.788466078890906
DEMO-E02-5Q-0002,25.721147994241004,44.860921958004326
DEMO-E02-5Q-0002,25.74990384278491,46.56781856779868
DEMO-E02-5Q-0002,25.77865969132882,48.89769266152722
DEMO-E02-5Q-0002,25.80741553987273,51.83661485149216
DEMO-E02-5Q-0002,25.836171388416634,55.36826396358472
DEMO-E02-5Q-0002,25.864927236960543,59.474015078003866
DEMO-E02-5Q-0002,25.893683085504453,64.13304053945934
DEMO-E02-5Q-0002,25.92243893404836,69.32242309254366
DEMO-E02-5Q-0002,25.951194782592268,75.0172801825447
DEMO-E02-5Q-0002,25.979950631136177,81.19089836040604
DEMO-E02-5Q-0002,26.008706479680082,87.81487664423697
DEMO-E02-5Q-0002,26.03746232822399,94.8592776196856
DEMO-E02-5Q-0002,26.0662181767679,102.29278500864558
DEMO-E02-5Q-0002,26.09497402531181,110.08286640006133
DEMO-E02-5Q-0002,26.123729873855716,118.19593981867718
DEMO-E02-5Q-0002,26.152485722399625,126.59754280658784
DEMO-E02-5Q-0002,26.181241570943534,135.2525027082936
DEMO-E02-5Q-0002,26.20999741948744,144.12510688140833
DEMO-E02-5Q-0002,26.23875326803135,153.17927160130958
DEMO-E02-5Q-0002,26.26750911657526,162.3787084875789
DEMO-E02-5Q-0002,26.296264965119164,171.68708735132464
DEMO-E02-5Q-0002,26.325020813663073,181.0681944441403
DEMO-E02-5Q-0002,26.353776662206982,190.48608517956865
DEMO-E02-5Q-0002,26.382532510750888,199.9052304949118
DEMO-E02-5Q-0002,26.411288359294797,209.29065612328603
DEMO-E02-5Q-0002,26.440044207838707,218.60807415123767
DEMO-E02-5Q-0002,26.468800056382612,227.82400634449522
DEMO-E02-5Q-0002,26.49755590492652,236.90589883156915
DEMO-E02-5Q-0002,26.52631175347043,245.82222784108657
DEMO-E02-5Q-0002,26.55506760201434,254.54259629206655
DEMO-E02-5Q-0002,26.583823450558246,263.0378211358662
DEMO-E02-5Q-0002,26.612579299102155,271.28001144315874
DEMO-E02-5Q-0002,26.641335147646064,279.2426373180963
DEMO-E02-5Q-0002,26.67009099618997,286.90058980398726
DEMO-E02-5Q-0002,26.69884684473388,294.23023201978094
DEMO-E02-5Q-0002,26.727602693277788,301.20944183378157
DEMO-E02-5Q-0002,26.756358541821694,307.81764644014186
DEMO-E02-5Q-0002,26.785114390365603,314.0358492543103
DEMO-E02-5Q-0002,26.813870238909512,319.8466495857402
DEMO-E02-5Q-0002,26.842626087453418,325.2342555797548
DEMO-E02-5Q-0002,26.871381935997327,330.18449094544985
DEMO-E02-5Q-0002,26.900137784541236,334.6847960030849
DEMO-E02-5Q-0002,26.928893633085142,338.72422359283473
DEMO-E02-5Q-0002,26.95764948162905,342.29343038718935
DEMO-E02-5Q-0002,26.98640533017296,345.3846641421039
DEMO-E02-5Q-0002,27.015161178716866,347.9917474076443
DEMO-E02-5Q-0002,27.043917027260775,350.1100581976985
DEMO-E02-5Q-0002,27.072672875804685,351.73650809094283
DEMO-E02-5Q-0002,27.101428724348594,352.8695182020894
DEMO-E02-5Q-0002,27.1301845728925,353.5089934242271
DEMO-E02-5Q-0002,27.15894042143641,353.6562953003182
DEMO-E02-5Q-0002,27.187696269980318,353.3142138353354
DEMO-E02-5Q-0002,27.216452118524224,352.48693851094885
DEMO-E02-5Q-0002,27.245207967068133,351.18002871254873
DEMO-E02-5Q-0002,27.273963815612042,349.4003837248554
DEMO-E02-5Q-0002,27.302719664155948,347.1562123978567
DEMO-E02-5Q-0002,27.331475512699857,344.4570025303978
DEMO-E02-5Q-0002,27.360231361243766,341.3134899650043
DEMO-E02-5Q-0002,27.388987209787672,337.73762733546624
DEMO-E02-5Q-0002,27.41774305833158,333.74255235887557
DEMO-E02-5Q-0002,27.44649890687549,329.3425555173102
DEMO-E02-5Q-0002,27.475254755419396,324.55304693152516
DEMO-E02-5Q-0002,27.504010603963305,319.39052219092326
DEMO-E02-5Q-0002,27.532766452507214,313.8725268711882
DEMO-E02-5Q-0002,27.561522301051124,308.01761944387044
DEMO-E02-5Q-0002,27.59027814959503,301.84533226163825
DEMO-E02-5Q-0002,27.61903399813894,295.37613028901313
DEMO-E02-5Q-0002,27.647789846682848,288.6313672420361
DEMO-E02-5Q-0002,27.676545695226753,281.63323880120925
DEMO-E02-5Q-0002,27.705301543770663,274.4047325709088
DEMO-E02-5Q-0002,27.734057392314572,266.96957447520333
DEMO-E02-5Q-0002,27.762813240858478,259.35217130455294
DEMO-E02-5Q-0002,27.791569089402387,251.5775491602594
DEMO-E02-5Q-0002,27.820324937946296,243.67128758349023
DEMO-E02-5Q-0002,27.8490807864902,235.65944920297892
DEMO-E02-5Q-0002,27.87783663503411,227.56850478938242
DEMO-E02-5Q-0002,27.90659248357802,219.42525366470574
DEMO-E02-5Q-0002,27.935348332121926,211.25673948085364
DEMO-E02-5Q-0002,27.964104180665835,203.09016145206635
DEMO-E02-5Q-0002,27.992860029209744,194.9527812003581
DEMO-E02-5Q-0002,28.02161587775365,186.87182545036177
DEMO-E02-5Q-0002,28.05037172629756,178.87438488903737
DEMO-E02-5Q-0002,28.07912757484147,170.98730958530004
DEMO-E02-5Q-0002,28.107883423385378,163.23710144341965
DEMO-E02-5Q-0002,28.136639271929283,155.64980424105477
DEMO-E02-5Q-0002,28.165395120473192,148.25089187625855
DEMO-E02-5Q-0002,28.1941509690171,141.0651555166851
DEMO-E02-5Q-0002,28.222906817561007,134.11659040698575
DEMO-E02-5Q-0002,28.251662666104917,127.42828314592954
DEMO-E02-5Q-0002,28.280418514648826,121.02230029169174
DEMO-E02-5Q-0002,28.30917436319273,114.9195791908342
DEMO-E02-5Q-0002,28.33793021173664,109.13982195307089
DEMO-E02-5Q-0002,28.36668606028055,103.70139350862306
DEMO-E02-5Q-0002,28.395441908824456,98.62122468750596
DEMO-E02-5Q-0002,28.424197757368365,93.91472124969333
DEMO-E02-5Q-0002,28.452953605912274,89.59567977165435
DEMO-E02-5Q-0002,28.48170945445618,85.6762112580665
DEMO-E02-5Q-0002,28.51046530300009,82.16667329783317
DEMO-E02-5Q-0002,28.539221151543998,79.07561152128494
DEMO-E02-5Q-0002,28.567977000087907,76.409711041303
DEMO-E02-5Q-0002,28.596732848631813,74.17375847593893
DEMO-E02-5Q-0002,28.625488697175722,72.3706150551568
DEMO-E02-5Q-0002,28.65424454571963,71.00120121084588
DEMO-E02-5Q-0002,28.683000394263537,70.0644929387756
DEMO-E02-5Q-0002,28.711756242807446,69.55753010545342
DEMO-E02-5Q-0002,28.740512091351356,69.4754367535578
DEMO-E02-5Q-0002,28.76926793989526,69.81145333868726
DEMO-E02-5Q-0002,28.79802378843917,70.55698070949941
DEMO-E02-5Q-0002,28.82677963698308,71.7016355247124
DEMO-E02-5Q-0002,28.855535485526985,73.2333166858117
DEMO-E02-5Q-0002,28.884291334070895,75.1382822553748
DEMO-E02-5Q-0002,28.913047182614804,77.40123622924189
DEMO-E02-5Q-0002,28.94180303115871,80.00542443788817
DEMO-E02-5Q-0002,28.97055887970262,82.93273876947475
DEMO-E02-5Q-0002,28.999314728246528,86.16382883520029
DEMO-E02-5Q-0002,29.028070576790434,89.67822013772255
DEMO-E02-5Q-0002,29.056826425334343,93.45443775593824
DEMO-E02-5Q-0002,29.085582273878252,97.47013452487909
DEMO-E02-5Q-0002,29.11433812242216,101.70222266784744
DEMO-E02-5Q-0002,29.143093970966067,106.12700782913508
DEMO-E02-5Q-0002,29.171849819509976,110.7203244594904
DEMO-E02-5Q-0002,29.200605668053885,115.45767152221477
DEMO-E02-5Q-0002,29.22936151659779,120.31434751494727
DEMO-E02-5Q-0002,29.2581173651417,125.26558383974938
DEMO-E02-5Q-0002,29.28687321368561,130.28667560123347
DEMO-E02-5Q-0002,29.315629062229515,135.35310896811805
DEMO-E02-5Q-0002,29.344384910773424,140.44068429653697
DEMO-E02-5Q-0002,29.373140759317334,145.52563428261837
DEMO-E02-5Q-0002,29.40189660786124,150.58473648601534
DEMO-E02-5Q-0002,29.43065245640515,155.59541964415166
DEMO-E02-5Q-0002,29.459408304949058,160.5358632776137
DEMO-E02-5Q-0002,29.488164153492963,165.38509016953918
DEMO-E02-5Q-0002,29.516920002036873,170.12305138457464
DEMO-E02-5Q-0002,29.545675850580782,174.730703575411
DEMO-E02-5Q-0002,29.57443169912469,179.190078405887
DEMO-E02-5Q-0002,29.603187547668597,183.48434399825433
DEMO-E02-5Q-0002,29.631943396212506,187.59785838803325
DEMO-E02-5Q-0002,29.660699244756415,191.51621504163944
DEMO-E02-5Q-0002,29.68945509330032,195.22628055973667
DEMO-E02-5Q-0002,29.71821094184423,198.7162247518001
DEMO-E02-5Q-0002,29.74696679038814,201.97554332480888
DEMO-E02-5Q-0002,29.775722638932045,204.99507348041712
DEMO-E02-5Q-0002,29.804478487475954,207.76700276041257
DEMO-E02-5Q-0002,29.833234336019864,210.28487151926907
DEMO-E02-5Q-0002,29.86199018456377,212.54356943497064
DEMO-E02-5Q-0002,29.89074603310768,214.53932649501178
DEMO-E02-5Q-0002,29.919501881651588,216.26969891319018
DEMO-E02-5Q-0002,29.948257730195493,217.73355044486738
DEMO-E02-5Q-0002,29.977013578739403,218.93102957345369
DEMO-E02-5Q-0002,30.00576942728331,219.86354303934144
DEMO-E02-5Q-0002,30.034525275827217,220.53372617440567
DEMO-E02-5Q-0002,30.063281124371127,220.94541049085825
DEMO-E02-5Q-0002,30.092036972915036,221.10358895286072
DEMO-E02-5Q-0002,30.120792821458945,221.01437933340145
DEMO-E02-5Q-0002,30.14954867000285,220.68498602793125
DEMO-E02-5Q-0002,30.17830451854676,220.12366066056634
DEMO-E02-5Q-0002,30.20706036709067,219.3396617790721
DEMO-E02-5Q-0002,30.235816215634575,218.34321389176986
DEMO-E02-5Q-0002,30.264572064178484,217.14546605393957
DEMO-E02-5Q-0002,30.293327912722393,215.7584501636959
DEMO-E02-5Q-0002,30.3220837612663,214.19503907867727
DEMO-E02-5Q-0002,30.35083960981021,212.46890461602305
DEMO-E02-5Q-0002,30.379595458354117,210.59447544971113
DEMO-E02-5Q-0002,30.408351306898023,208.5868948724888
DEMO-E02-5Q-0002,30.437107155441932,206.46197834493125
DEMO-E02-5Q-0002,30.46586300398584,204.2361707126466
DEMO-E02-5Q-0002,30.494618852529747,201.92650293496862
DEMO-E02-5Q-0002,30.523374701073656,199.5505481354192
DEMO-E02-5Q-0002,30.552130549617566,197.1263767565368
DEMO-E02-5Q-0002,30.580886398161475,194.6725105798428
DEMO-E02-5Q-0002,30.60964224670538,192.20787535636876
DEMO-E02-5Q-0002,30.63839809524929,189.7517517847324
DEMO-E02-5Q-0002,30.6671539437932,187.3237245725208
DEMO-E02-5Q-0002,30.695909792337105,184.94362932299626
DEMO-E02-5Q-0002,30.724665640881014,182.63149700284853
DEMO-E02-5Q-0002,30.753421489424923,180.40749576816734
DEMO-E02-5Q-0002,30.78217733796883,178.29186995437757
DEMO-E02-5Q-0002,30.810933186512738,176.3048760719062
DEMO-E02-5Q-0002,30.839689035056647,174.46671569178585
DEMO-E02-5Q-0002,30.868444883600553,172.79746515432987
DEMO-E02-5Q-0002,30.897200732144462,171.31700208832163
DEMO-E02-5Q-0002,30.92595658068837,170.04492878741894
DEMO-E02-5Q-0002,30.954712429232277,169.00049255361108
DEMO-E02-5Q-0002,30.983468277776186,168.20250318377683
DEMO-E02-5Q-0002,31.012224126320096,167.6692478434709
DEMO-E02-5Q-0002,31.040979974864,167.4184036410907
DEMO-E02-5Q-0002,31.06973582340791,167.46694828419692
DEMO-E02-5Q-0002,31.09849167195182,167.83106926688282
DEMO-E02-5Q-0002,31.12724752049573,168.52607210141653
DEMO-E02-5Q-0002,31.156003369039635,169.56628816780403
DEMO-E02-5Q-0002,31.184759217583544,170.96498281008775
DEMO-E02-5Q-0002,31.213515066127453,172.73426435705412
DEMO-E02-5Q-0002,31.24227091467136,174.8849947865803
DEMO-E02-5Q-0002,31.271026763215268,177.42670278587008
DEMO-E02-5Q-0002,31.299782611759177,180.36749998380736
DEMO-E02-5Q-0002,31.328538460303083,183.71400114556474
DEMO-E02-5Q-0002,31.357294308846992,187.47124912304332
DEMO-E02-5Q-0002,31.3860501573909,191.64264534731885
DEMO-E02-5Q-0002,31.414806005934807,196.22988663078567
DEMO-E02-5Q-0002,31.443561854478716,201.23290901711098
DEMO-E02-5Q-0002,31.472317703022625,206.6498393767836
DEMO-E02-5Q-0002,31.50107355156653,212.47695539516852
DEMO-E02-5Q-0002,31.52982940011044,218.70865453948124
DEMO-E02-5Q-0002,31.55858524865435,225.33743252141167
DEMO-E02-5Q-0002,31.587341097198255,232.35387169463365
DEMO-E02-5Q-0002,31.616096945742164,239.74663974195292
DEMO-E02-5Q-0002,31.644852794286074,247.50249891684075
DEMO-E02-5Q-0002,31.673608642829983,255.60632600989632
DEMO-E02-5Q-0002,31.70236449137389,264.0411431137943
DEMO-E02-5Q-0002,31.731120339917798,272.78815916203797
DEMO-E02-5Q-0002,31.759876188461707,281.8268221188832
DEMO-E02-5Q-0002,31.788632037005613,291.13488160151104
DEMO-E02-5Q-0002,31.817387885549522,300.6884616223795
DEMO-E02-5Q-0002,31.84614373409343,310.4621430510437
DEMO-E02-5Q-0002,31.874899582637337,320.42905531170993
DEMO-E02-5Q-0002,31.903655431181246,330.5609767565432
DEMO-E02-5Q-0002,31.932411279725155,340.82844308607486
DEMO-E02-5Q-0002,31.96116712826906,351.2008631279234
DEMO-E02-5Q-0002,31.98992297681297,361.64664123362934
DEMO-E02-5Q-0002,32.01867882535688,372.13330551143736
DEMO-E02-5Q-0002,32.04743467390079,382.62764108035543
DEMO-E02-5Q-0002,32.0761905224447,393.09582750758676
DEMO-E02-5Q-0002,32.10494637098861,403.503579577823
DEMO-E02-5Q-0002,32.133702219532516,413.8162905378374
DEMO-E02-5Q-0002,32.16245806807642,423.9991769636044
DEMO-E02-5Q-0002,32.19121391662033,434.017424408607
DEMO-E02-5Q-0002,32.21996976516424,443.83633301084745
DEMO-E02-5Q-0002,32.248725613708146,453.4214622612951
DEMO-E02-5Q-0002,32.277481462252055,462.73877416749974
DEMO-E02-5Q-0002,32.306237310795964,471.7547740820022
DEMO-E02-5Q-0002,32.33499315933987,480.4366485050314
DEMO-E02-5Q-0002,32.363749007883776,488.75239921433507
DEMO-E02-5Q-0002,32.392504856427685,496.67097312066755
DEMO-E02-5Q-0002,32.421260704971594,504.16238729514833
DEMO-E02-5Q-0002,32.4500165535155,511.1978486633984
DEMO-E02-5Q-0002,32.47877240205941,517.7498679107557
DEMO-E02-5Q-0002,32.507528250603315,523.7923671923484
DEMO-E02-5Q-0002,32.536284099147224,529.3007812908315
DEMO-E02-5Q-0002,32.56503994769113,534.252151913013
DEMO-E02-5Q-0002,32.59379579623504,538.6252148639095
DEMO-E02-5Q-0002,32.62255164477895,542.4004798828553
DEMO-E02-5Q-0002,32.65130749332286,545.5603029709209
DEMO-E02-5Q-0002,32.68006334186677,548.088951081942
DEMO-E02-5Q-0002,32.70881919041067,549.9726590907724
DEMO-E02-5Q-0002,32.73757503895458,551.1996789919758
DEMO-E02-5Q-0002,32.76633088749849,551.7603213197444
DEMO-E02-5Q-0002,32.7950867360424,551.6469888157834
DEMO-E02-5Q-0002,32.82384258458631,550.8542024054805
DEMO-E02-5Q-0002,32.85259843313022,549.3786195744977
DEMO-E02-5Q-0002,32.88135428167412,547.2190452674598
DEMO-E02-5Q-0002,32.91011013021803,544.3764354577041
DEMO-E02-5Q-0002,32.93886597876194,540.853893561964
DEMO-E02-5Q-0002,32.96762182730585,536.6566598963472
DEMO-E02-5Q-0002,32.99637767584976,531.7920943897191
DEMO-E02-5Q-0002,33.02513352439367,526.269652787687
DEMO-E02-5Q-0002,33.05388937293757,520.1008565944765
DEMO-E02-5Q-0002,33.08264522148148,513.2992570111612
DEMO-E02-5Q-0002,33.11140107002539,505.8803931366685
DEMO-E02-5Q-0002,33.140156918569296,497.8617447027917
DEMO-E02-5Q-0002,33.168912767113206,489.26267961613655
DEMO-E02-5Q-0002,33.197668615657115,480.1043965782214
DEMO-E02-5Q-0002,33.226424464201024,470.40986305041446
DEMO-E02-5Q-0002,33.255180312744926,460.20374882261865
DEMO-E02-5Q-0002,33.283936161288835,449.51235543431073
DEMO-E02-5Q-0002,33.312692009832745,438.3635416836846
DEMO-E02-5Q-0002,33.341447858376654,426.7866454455499
DEMO-E02-5Q-0002,33.37020370692056,414.81240200213017
DEMO-E02-5Q-0002,33.39895955546447,402.4728590728464
DEMO-E02-5Q-0002,33.427715404008374,389.8012887107179
DEMO-E02-5Q-0002,33.456471252552284,376.8320962142083
DEMO-E02-5Q-0002,33.48522710109619,363.60072618536213
DEMO-E02-5Q-0002,33.5139829496401,350.1435658478953
DEMO-E02-5Q-0002,33.54273879818401,336.4978457239375
DEMO-E02-5Q-0002,33.57149464672792,322.70153775521607
DEMO-E02-5Q-0002,33.60025049527182,308.79325094496176
DEMO-E02-5Q-0002,33.62900634381573,294.8121245907699
DEMO-E02-5Q-0002,33.65776219235964,280.79771917666704
DEMO-E02-5Q-0002,33.68651804090355,266.789904995512
DEMO-E02-5Q-0002,33.71527388944746,252.8287485802621
DEMO-E02-5Q-0002,33.74402973799137,238.95439703555638
DEMO-E02-5Q-0002,33.77278558653528,225.20696037892324
DEMO-E02-5Q-0002,33.80154143507918,211.62639202426078
DEMO-E02-5Q-0002,33.83029728362309,198.2523675684815
DEMO-E02-5Q-0002,33.859053132167,185.1241620753715
DEMO-E02-5Q-0002,33.88780898071091,172.2805260882144
DEMO-E02-5Q-0002,33.91656482925482,159.75956064398426
DEMO-E02-5Q-0002,33.945320677798726,147.59859160632163
DEMO-E02-5Q-0002,33.97407652634263,135.83404368125346
DEMO-E02-5Q-0002,34.00283237488654,124.50131452747422
DEMO-E02-5Q-0002,34.03158822343045,113.63464942168005
DEMO-E02-5Q-0002,34.060344071974356,103.26701698665238
DEMO-E02-5Q-0002,34.089099920518265,93.42998653592319
DEMO-E02-5Q-0002,34.117855769062174,84.15360763113395
DEMO-E02-5Q-0002,34.146611617606084,75.4662924867947
DEMO-E02-5Q-0002,34.175367466149986,67.39470189009371
DEMO-E02-5Q-0002,34.204123314693895,59.96363532984676
DEMO-E02-5Q-0002,34.232879163237804,53.19592604793305
DEMO-E02-5Q-0002,34.26163501178171,47.11234173703784
DEMO-E02-5Q-0002,34.29039086032562,41.73149161029714
DEMO-E02-5Q-0002,34.31914670886953,37.06974056028615
DEMO-E02-5Q-0002,34.347902557413434,33.14113110662926
DEMO-E02-5Q-0002,34.37665840595734,29.95731380306924
DEMO-E02-5Q-0002,34.40541425450125,27.52748673608034
DEMO-E02-5Q-0002,34.43417010304516,25.858344698327862
DEMO-E02-5Q-0002,34.46292595158907,24.954038561834288
DEMO-E02-5Q-0002,34.49168180013298,24.816145308360106
DEMO-E02-5Q-0002,34.52043764867688,25.443649098980718
DEMO-E02-5Q-0002,34.54919349722079,26.832933682273133
DEMO-E02-5Q-0002,34.5779493457647,28.9777863520813
DEMO-E02-5Q-0002,34.60670519430861,31.86941357282011
DEMO-E02-5Q-0002,34.63546104285252,35.49646829419736
DEMO-E02-5Q-0002,34.66421689139643,39.84508887957067
DEMO-E02-5Q-0002,34.69297273994034,44.89894947446037
DEMO-E02-5Q-0002,34.72172858848424,50.63932154558118
DEMO-E02-5Q-0002,34.75048443702815,57.04514622767063
DEMO-E02-5Q-0002,34.77924028557206,64.09311702677628
DEMO-E02-5Q-0002,34.80799613411597,71.75777234597231
DEMO-E02-5Q-0002,34.83675198265988,80.01159722379121
DEMO-E02-5Q-0002,34.865507831203786,88.82513360815014
DEMO-E02-5Q-0002,34.89426367974769,98.16709843003167
DEMO-E02-5Q-0002,34.9230195282916,108.00450869248523
DEMO-E02-5Q-0002,34.951775376835506,118.30281275171866
DEMO-E02-5Q-0002,34.980531225379416,129.02602693913687
DEMO-E02-5Q-0002,35.009287073923325,140.13687665545078
DEMO-E02-5Q-0002,35.038042922467234,151.59694106077794
DEMO-E02-5Q-0002,35.066798771011136,163.36680048758208
DEMO-E02-5Q-0002,35.095554619555045,175.4061857157971
DEMO-E02-5Q-0002,35.124310468098955,187.6741282707858
DEMO-E02-5Q-0002,35.153066316642864,200.12911093448483
DEMO-E02-5Q-0002,35.18182216518677,212.72921769687204
DEMO-E02-5Q-0002,35.21057801373068,225.43228241811318
DEMO-E02-5Q-0002,35.23933386227459,238.19603552020322
DEMO-E02-5Q-0002,35.268089710818494,250.97824807963013
DEMO-E02-5Q-0002,35.2968455593624,263.7368727485687
DEMO-E02-5Q-0002,35.32560140790631,276.43018099009737
DEMO-E02-5Q-0002,35.35435725645022,289.01689617227106
DEMO-E02-5Q-0002,35.38311310499413,301.45632212519735
DEMO-E02-5Q-0002,35.41186895353804,313.7084668241761
DEMO-E02-5Q-0002,35.44062480208194,325.7341609191521
DEMO-E02-5Q-0002,35.46938065062585,337.49517088601993
DEMO-E02-5Q-0002,35.49813649916976,348.9543066275302
DEMO-E02-5Q-0002,35.52689234771367,360.0755234009134
DEMO-E02-5Q-0002,35.55564819625758,370.82401799451407
DEMO-E02-5Q-0002,35.58440404480149,381.16631911731446
DEMO-E02-5Q-0002,35.61315989334539,391.0703720024324
DEMO-E02-5Q-0002,35.6419157418893,400.50561725846427
DEMO-E02-5Q-0002,35.67067159043321,409.44306403104616
DEMO-E02-5Q-0002,35.69942743897712,417.8553575611157
DEMO-E02-5Q-0002,35.72818328752103,425.71684124591013
DEMO-E02-5Q-0002,35.756939136064936,433.00361332447517
DEMO-E02-5Q-0002,35.785694984608845,439.69357832074303
DEMO-E02-5Q-0002,35.81445083315275,445.76649338500846
DEMO-E02-5Q-0002,35.84320668169666,451.2040096786219
DEMO-E02-5Q-0002,35.871962530240566,455.9897089473063
DEMO-E02-5Q-0002,35.900718378784475,460.1091354261572
DEMO-E02-5Q-0002,35.929474227328384,463.5498232138864
DEMO-E02-5Q-0002,35.958230075872294,466.3013192460858
DEMO-E02-5Q-0002,35.9869859244162,468.35520198686106
DEMO-E02-5Q-0002,36.01574177296011,469.70509594592943
DEMO-E02-5Q-0002,36.044497621504014,470.34668211398684
DEMO-E02-5Q-0002,36.07325347004792,470.27770439348734
DEMO-E02-5Q-0002,36.10200931859183,469.49797208481533
DEMO-E02-5Q-0002,36.13076516713574,468.00935846979166
DEMO-E02-5Q-0002,36.15952101567965,465.815795515458
DEMO-E02-5Q-0002,36.18827686422356,462.9232647017732
DEMO-E02-5Q-0002,36.21703271276746,459.3397839570947
DEMO-E02-5Q-0002,36.24578856131137,455.0753906658244
DEMO-E02-5Q-0002,36.27454440985528,450.14212069329733
DEMO-E02-5Q-0002,36.30330025839919,444.55398335460677
DEMO-E02-5Q-0002,36.3320561069431,438.3269322364805
DEMO-E02-5Q-0002,36.36081195548701,431.4788317653853
DEMO-E02-5Q-0002,36.38956780403091,424.02941940072145
DEMO-E02-5Q-0002,36.41832365257482,416.0002633200007
DEMO-E02-5Q-0002,36.44707950111873,407.41471545334093
DEMO-E02-5Q-0002,36.47583534966264,398.29785971813885
DEMO-E02-5Q-0002,36.50459119820655,388.67645530177987
DEMO-E02-5Q-0002,36.53334704675046,378.5788748408141
DEMO-E02-5Q-0002,36.562102895294366,368.0350373499431
DEMO-E02-5Q-0002,36.59085874383827,357.07633576344506
DEMO-E02-5Q-0002,36.61961459238218,345.7355589657919
DEMO-E02-5Q-0002,36.64837044092609,334.046808207412
DEMO-E02-5Q-0002,36.677126289469996,322.0454078257923
DEMO-E02-5Q-0002,36.705882138013905,309.76781022195814
DEMO-E02-5Q-0002,36.734637986557814,297.25149507733084
DEMO-E02-5Q-0002,36.763393835101716,284.53486283631827
DEMO-E02-5Q-0002,36.792149683645626,271.65712252551634
DEMO-E02-5Q-0002,36.820905532189535,258.65817403053825
DEMO-E02-5Q-0002,36.849661380733444,245.57848500641688
DEMO-E02-5Q-0002,36.87841722927735,232.45896265594286
DEMO-E02-5Q-0002,36.90717307782126,219.34082067238975
DEMO-E02-5Q-0002,36.93592892636517,206.2654417074792
DEMO-E02-5Q-0002,36.964684774909074,193.27423579152804
DEMO-E02-5Q-0002,36.99344062345298,180.40849519958448
DEMO-E02-5Q-0002,37.02219647199689,167.70924632394718
DEMO-E02-5Q-0002,37.0509523205408,155.21709917843802
DEMO-E02-5Q-0002,37.07970816908471,142.97209522226322
DEMO-E02-5Q-0002,37.10846401762862,131.01355424997126
DEMO-E02-5Q-0002,37.13721986617252,119.37992114761694
DEMO-E02-5Q-0002,37.16597571471643,108.10861336259498
DEMO-E02-5Q-0002,37.19473156326034,97.23586997472461
DEMO-E02-5Q-0002,37.22348741180425,86.79660328770585
DEMO-E02-5Q-0002,37.25224326034816,76.82425388244266
DEMO-E02-5Q-0002,37.28099910889207,67.35065008573284
DEMO-E02-5Q-0002,37.30975495743597,58.40587280899774
DEMO-E02-5Q-0002,37.33851080597988,50.018126701527734
DEMO-E02-5Q-0002,37.36726665452379,42.21361854099226
DEMO-E02-5Q-0002,37.3960225030677,35.01644375015674
DEMO-E02-5Q-0002,37.42477835161161,28.4484818836604
DEMO-E02-5Q-0002,37.45353420015552,22.529301872125583
DEMO-E02-5Q-0002,37.482290048699426,17.27607774369829
DEMO-E02-5Q-0002,37.51104589724333,12.7035154660195
DEMO-E02-5Q-0002,37.53980174578724,8.823791465595876
DEMO-E02-5Q-0002,37.568557594331146,5.646503287894792
DEMO-E02-5Q-0002,37.597313442875056,3.178632761308406
DEMO-E02-5Q-0002,37.626069291418965,1.4245219231694473
DEMO-E02-5Q-0002,37.654825139962874,0.3858618576453129
DEMO-E02-5Q-0002,37.683580988506776,0.061694485237480196
DEMO-E02-5Q-0002,37.712336837050685,0.4484272335173551
DEMO-E02-5Q-0002,37.741092685594595,1.5398604101809996
DEMO-E02-5Q-0002,37.769848534138504,3.32722699418101
DEMO-E02-5Q-0002,37.79860438268241,5.799244460077582
DEMO-E02-5Q-0002,37.82736023122632,8.942178156266037
DEMO-E02-5Q-0002,37.856116079770224,12.739915670664894
DEMO-E02-5Q-0002,37.88487192831413,17.174051538855196
DEMO-E02-5Q-0002,37.91362777685804,22.223981580520274
DEMO-E02-5Q-0002,37.94238362540195,27.86700609100378
DEMO-E02-5Q-0002,37.97113947394586,34.07844106649331
DEMO-E02-5Q-0002,37.99989532248977,40.83173660387921
DEMO-E02-5Q-0002,38.02865117103368,48.098601590052766
DEMO-E02-5Q-0002,38.05740701957758,55.84913378006258
DEMO-E02-5Q-0002,38.08616286812149,64.05195435875427
DEMO-E02-5Q-0002,38.1149187166654,72.6743460860846
DEMO-E02-5Q-0002,38.14367456520931,81.68239414140605
DEMO-E02-5Q-0002,38.17243041375322,91.04112880588374
DEMO-E02-5Q-0002,38.20118626229713,100.71466915418685
DEMO-E02-5Q-0002,38.22994211084103,110.66636696560033
DEMO-E02-5Q-0002,38.25869795938494,120.8589501096514
DEMO-E02-5Q-0002,38.28745380792885,131.25466471154132
DEMO-E02-5Q-0002,38.31620965647276,141.81541545666073
DEMO-E02-5Q-0002,38.34496550501667,152.50290345048575
DEMO-E02-5Q-0002,38.373721353560576,163.27876110915707
DEMO-E02-5Q-0002,38.40247720210448,174.1046836159414
DEMO-E02-5Q-0002,38.43123305064839,184.94255653884443
DEMO-E02-5Q-0002,38.4599888991923,195.7545792638969
DEMO-E02-5Q-0002,38.488744747736206,206.50338395644886
DEMO-E02-5Q-0002,38.517500596280115,217.1521498183295
DEMO-E02-5Q-0002,38.546256444824024,227.6647124616231
DEMO-E02-5Q-0002,38.575012293367934,238.00566826939254
DEMO-E02-5Q-0002,38.603768141911836,248.1404736595003
DEMO-E02-5Q-0002,38.632523990455745,258.03553920971444
DEMO-E02-5Q-0002,38.661279838999654,267.658318639881
DEMO-E02-5Q-0002,38.69003568754356,276.9773926802974
DEMO-E02-5Q-0002,38.71879153608747,285.9625478842171
DEMO-E02-5Q-0002,38.74754738463138,294.58485046666465
DEMO-E02-5Q-0002,38.776303233175284,302.8167152715172
DEMO-E02-5Q-0002,38.80505908171919,310.63196998426673
DEMO-E02-5Q-0002,38.8338149302631,318.0059147186813
DEMO-E02-5Q-0002,38.86257077880701,324.9153771127446
DEMO-E02-5Q-0002,38.89132662735092,331.3387630719223
DEMO-E02-5Q-0002,38.92008247589483,337.2561032970393
DEMO-E02-5Q-0002,38.94883832443873,342.6490957296872
DEMO-E02-5Q-0002,38.97759417298264,347.5011440403159
DEMO-E02-5Q-0002,39.00635002152655,351.7973922735845
DEMO-E02-5Q-0002,39.03510587007046,355.52475575207524
DEMO-E02-5Q-0002,39.06386171861437,358.6719483236949
DEMO-E02-5Q-0002,39.09261756715828,361.22950602015624
DEMO-E02-5Q-0002,39.12137341570219,363.18980717421397
DEMO-E02-5Q-0002,39.15012926424609,364.5470890221606
DEMO-E02-5Q-0002,39.17888511279,365.2974607959136
DEMO-E02-5Q-0002,39.20764096133391,365.4389132859844
DEMO-E02-5Q-0002,39.23639680987782,364.9713248333629
DEMO-E02-5Q-0002,39.26515265842173,363.896463685109
DEMO-E02-5Q-0002,39.293908506965636,362.2179866256707
DEMO-E02-5Q-0002,39.32266435550954,359.9414337740151
DEMO-E02-5Q-0002,39.35142020405345,357.07421941615377
DEMO-E02-5Q-0002,39.380176052597356,353.6256187237926
DEMO-E02-5Q-0002,39.408931901141266,349.60675019327147
DEMO-E02-5Q-0002,39.437687749685175,345.0305536249634
DEMO-E02-5Q-0002,39.466443598229084,339.91176345251586
DEMO-E02-5Q-0002,39.49519944677299,334.2668772238708
DEMO-E02-5Q-0002,39.523955295316895,328.11411903276
DEMO-E02-5Q-0002,39.552711143860805,321.47339770004675
DEMO-E02-5Q-0002,39.581466992404714,314.36625951010257
DEMO-E02-5Q-0002,39.61022284094862,306.8158353176791
DEMO-E02-5Q-0002,39.63897868949253,298.84678185667946
DEMO-E02-5Q-0002,39.66773453803644,290.4852171031871
DEMO-E02-5Q-0002,39.696490386580344,281.7586495718932
DEMO-E02-5Q-0002,39.72524623512425,272.6959014570472
DEMO-E02-5Q-0002,39.75400208366816,263.3270255669113
DEMO-E02-5Q-0002,39.78275793221207,253.6832160433587
DEMO-E02-5Q-0002,39.81151378075598,243.79671290655116
DEMO-E02-5Q-0002,39.84026962929989,233.70070051694418
DEMO-E02-5Q-0002,39.86902547784379,223.42920010402443
DEMO-E02-5Q-0002,39.8977813263877,213.01695657128792
DEMO-E02-5Q-0002,39.92653717493161,202.49931985049938
DEMO-E02-5Q-0002,39.95529302347552,191.9121211435083
DEMO-E02-5Q-0002,39.98404887201943,181.29154445642695
DEMO-E02-5Q-0002,40.01280472056334,170.6739938977629
DEMO-E02-5Q-0002,40.04156056910725,160.09595727788806
DEMO-E02-5Q-0002,40.07031641765115,149.59386661116883
DEMO-E02-5Q-0002,40.09907226619506,139.20395618276967
DEMO-E02-5Q-0002,40.12782811473897,128.96211889885882
DEMO-E02-5Q-0002,40.15658396328288,118.90376168988418
DEMO-E02-5Q-0002,40.185339811826786,109.06366078152541
DEMO-E02-5Q-0002,40.214095660370695,99.47581768502049
DEMO-E02-5Q-0002,40.2428515089146,90.1733167874229
DEMO-E02-5Q-0002,40.27160735745851,81.18818544197084
DEMO-E02-5Q-0002,40.300363206002416,72.55125746849022
DEMO-E02-5Q-0002,40.329119054546325,64.29204097289734
DEMO-E02-5Q-0002,40.357874903090234,56.43859138355052
DEMO-E02-5Q-0002,40.386630751634144,49.01739057975617
DEMO-E02-5Q-0002,40.415386600178046,42.05323295449054
DEMO-E02-5Q-0002,40.444142448721955,35.56911920954865
DEMO-E02-5Q-0002,40.472898297265864,29.586158627399
DEMO-E02-5Q-0002,40.50165414580977,24.12348050040349
DEMO-E02-5Q-0002,40.53040999435368,19.19815532597297
DEMO-E02-5Q-0002,40.55916584289759,14.825126296375478
DEMO-E02-5Q-0002,40.5879216914415,11.017151525502893
DEMO-E02-5Q-0002,40.6166775399854,7.784757363342611
DEMO-E02-5Q-0002,40.64543338852931,5.136203053399122
DEMO-E02-5Q-0002,40.67418923707322,3.077456890416138
DEMO-E02-5Q-0002,40.70294508561713,1.612183936817599
DEMO-E02-5Q-0002,40.73170093416104,0.7417452579556769
DEMO-E02-5Q-0002,40.76045678270495,0.465208539758163
DEMO-E02-5Q-0002,40.78921263124885,0.7793698592618005
DEMO-E02-5Q-0002,40.81796847979276,1.6787862899840458
DEMO-E02-5Q-0002,40.84672432833667,3.155818941336674
DEMO-E02-5Q-0002,40.87548017688058,5.200685955362625
DEMO-E02-5Q-0002,40.90423602542449,7.8015249158428706
DEMO-E02-5Q-0002,40.9329918739684,10.944464065025228
DEMO-E02-5Q-0002,40.9617477225123,14.613701672350642
DEMO-E02-5Q-0002,40.99050357105621,18.791592858066387
DEMO-E02-5Q-0002,41.01925941960012,23.45874314256584
DEMO-E02-5Q-0002,41.04801526814403,28.5941079698047
DEMO-E02-5Q-0002,41.07677111668794,34.17509744003975
DEMO-E02-5Q-0002,41.105526965231846,40.17768548302136
DEMO-E02-5Q-0002,41.134282813775755,46.57652270736618
DEMO-E02-5Q-0002,41.16303866231966,53.345052174453905
DEMO-E02-5Q-0002,41.191794510863566,60.455627365175566
DEMO-E02-5Q-0002,41.220550359407476,67.87963163457708
DEMO-E02-5Q-0002,41.249306207951385,75.58759848198126
DEMO-E02-5Q-0002,41.278062056495294,83.54933200168543
DEMO-E02-5Q-0002,41.3068179050392,91.73402692110628
DEMO-E02-5Q-0002,41.335573753583105,100.11038767813399
DEMO-E02-5Q-0002,41.364329602127015,108.64674603695345
DEMO-E02-5Q-0002,41.393085450670924,117.3111767905075
DEMO-E02-5Q-0002,41.42184129921483,126.07161114766886
DEMO-E02-5Q-0002,41.45059714775874,134.89594745285584
DEMO-E02-5Q-0002,41.47935299630265,143.7521589352903
DEMO-E02-5Q-0002,41.50810884484656,152.6083982327442
DEMO-E02-5Q-0002,41.53686469339046,161.4330984809945
DEMO-E02-5Q-0002,41.56562054193437,170.19507080388775
DEMO-E02-5Q-0002,41.59437639047828,178.86359807997744
DEMO-E02-5Q-0002,41.62313223902219,187.408524899803
DEMO-E02-5Q-0002,41.6518880875661,195.80034366245118
DEMO-E02-5Q-0002,41.68064393611001,204.010276790987
DEMO-E02-5Q-0002,41.70939978465391,212.01035507389838
DEMO-E02-5Q-0002,41.73815563319782,219.7734921628162
DEMO-E02-5Q-0002,41.76691148174173,227.27355527658358
DEMO-E02-5Q-0002,41.79566733028564,234.48543217724202
DEMO-E02-5Q-0002,41.82442317882955,241.38509449526563
DEMO-E02-5Q-0002,41.85317902737346,247.94965748936048
DEMO-E02-5Q-0002,41.88193487591736,254.15743633045582
DEMO-E02-5Q-0002,41.91069072446127,259.9879990001365
DEMO-E02-5Q-0002,41.93944657300518,265.42221589123477
DEMO-E02-5Q-0002,41.96820242154909,270.44230619244456
DEMO-E02-5Q-0002,41.996958270092996,275.0318811300078
DEMO-E02-5Q-0002,42.025714118636905,279.1759841281541
DEMO-E02-5Q-0002,42.054469967180815,282.8611279359285
DEMO-E02-5Q-0002,42.08322581572472,286.07532875208256
DEMO-E02-5Q-0002,42.111981664268626,288.80813736169983
DEMO-E02-5Q-0002,42.140737512812535,291.0506672788206
DEMO-E02-5Q-0002,42.169493361356444,292.79561986866116
DEMO-E02-5Q-0002,42.198249209900354,294.0373064016332
DEMO-E02-5Q-0002,42.22700505844426,294.7716669694009
DEMO-E02-5Q-0002,42.255760906988165,294.996286171335
DEMO-E02-5Q-0002,42.284516755532074,294.71040545812406
DEMO-E02-5Q-0002,42.31327260407598,293.9149319985403
DEMO-E02-5Q-0002,42.34202845261989,292.6124439157718
DEMO-E02-5Q-0002,42.3707843011638,290.80719172185593
DEMO-E02-5Q-0002,42.39954014970771,288.50509576292313
DEMO-E02-5Q-0002,42.42829599825161,285.71373947473256
DEMO-E02-5Q-0002,42.45705184679552,282.4423582376572
DEMO-E02-5Q-0002,42.48580769533943,278.7018236134095
DEMO-E02-5Q-0002,42.51456354388334,274.50462274264686
DEMO-E02-5Q-0002,42.54331939242725,269.8648326836685
DEMO-E02-5Q-0002,42.57207524097116,264.7980894779189
DEMO-E02-5Q-0002,42.60083108951507,259.3215517382557
DEMO-E02-5Q-0002,42.62958693805897,253.45385857127638
DEMO-E02-5Q-0002,42.65834278660288,247.21508166535355
DEMO-E02-5Q-0002,42.68709863514679,240.62667140174972
DEMO-E02-5Q-0002,42.7158544836907,233.71139687709322
DEMO-E02-5Q-0002,42.74461033223461,226.49327976163457
DEMO-E02-5Q-0002,42.77336618077852,218.9975219587924
DEMO-E02-5Q-0002,42.80212202932242,211.25042707744976
DEMO-E02-5Q-0002,42.83087787786633,203.27931577862648
DEMO-E02-5Q-0002,42.85963372641024,195.11243511244393
DEMO-E02-5Q-0002,42.88838957495415,186.77886201860295
DEMO-E02-5Q-0002,42.917145423498056,178.308401223892
DEMO-E02-5Q-0002,42.945901272041965,169.7314778322106
DEMO-E02-5Q-0002,42.97465712058587,161.0790249655865
DEMO-E02-5Q-0002,43.003412969129776,152.3823668778725
DEMO-E02-5Q-0002,43.032168817673686,143.67309802513864
DEMO-E02-5Q-0002,43.060924666217595,134.98295863702322
DEMO-E02-5Q-0002,43.089680514761504,126.34370739083113
DEMO-E02-5Q-0002,43.11843636330541,117.7869918436241
DEMO-E02-5Q-0002,43.14719221184932,109.34421732583145
DEMO-E02-5Q-0002,43.175948060393225,101.04641504244475
DEMO-E02-5Q-0002,43.204703908937134,92.92411016315643
DEMO-E02-5Q-0002,43.23345975748104,85.00719071067212
DEMO-E02-5Q-0002,43.26221560602495,77.32477807542398
DEMO-E02-5Q-0002,43.29097145456886,69.9050999952189
DEMO-E02-5Q-0002,43.31972730311277,62.775366838783995
DEMO-E02-5Q-0002,43.34848315165667,55.961652023164795
DEMO-E02-5Q-0002,43.37723900020058,49.4887773756174
DEMO-E02-5Q-0002,43.40599484874449,43.38020422189618
DEMO-E02-5Q-0002,43.4347506972884,37.65793094423746
DEMO-E02-5Q-0002,43.46350654583231,32.34239770468054
DEMO-E02-5Q-0002,43.49226239437622,27.452398973331565
DEMO-E02-5Q-0002,43.52101824292012,23.005004437107168
DEMO-E02-5Q-0002,43.54977409146403,19.015488793843474
DEMO-E02-5Q-0002,43.57852994000794,15.497270860118133
DEMO-E02-5Q-0002,43.60728578855185,12.461862339870883
DEMO-E02-5Q-0002,43.63604163709576,9.918826516365593
DEMO-E02-5Q-0002,43.66479748563967,7.8757470432702394
DEMO-E02-5Q-0002,43.69355333418358,6.338206922995295
DEMO-E02-5Q-0002,43.72230918272748,5.3097776733298705
DEMO-E02-5Q-0002,43.75106503127139,4.792018597911705
DEMO-E02-5Q-0002,43.7798208798153,4.78448599356776
DEMO-E02-5Q-0002,43.808576728359206,5.284752049021213
DEMO-E02-5Q-0002,43.837332576903115,6.288433115993759
DEMO-E02-5Q-0002,43.866088425447025,7.789226966182311
DEMO-E02-5Q-0002,43.89484427399093,9.77895858672408
DEMO-E02-5Q-0002,43.923600122534836,12.247634013226875
DEMO-E02-5Q-0002,43.952355971078745,15.183501653590309
DEMO-E02-5Q-0002,43.981111819622654,18.57312051813527
DEMO-E02-5Q-0002,44.009867668166564,22.40143474201031
DEMO-E02-5Q-0002,44.03862351671047,26.651853764502945
DEMO-E02-5Q-0002,44.06737936525438,31.30633751664654
DEMO-E02-5Q-0002,44.096135213798284,36.345485963093516
DEMO-E02-5Q-0002,44.12489106234219,41.748632346192345
DEMO-E02-5Q-0002,44.1536469108861,47.49393948920546
DEMO-E02-5Q-0002,44.18240275943001,53.55849853094689
DEMO-E02-5Q-0002,44.21115860797392,59.918429485215356
DEMO-E02-5Q-0002,44.23991445651783,66.54898304466175
DEMO-E02-5Q-0002,44.26867030506173,73.42464307929512
DEMO-E02-5Q-0002,44.29742615360564,80.51922931403918
DEMO-E02-5Q-0002,44.32618200214955,87.80599970693815
DEMO-E02-5Q-0002,44.35493785069346,95.25775208891363
DEMO-E02-5Q-0002,44.38369369923737,102.84692466678352
DEMO-E02-5Q-0002,44.41244954778128,110.54569503288015
DEMO-E02-5Q-0002,44.44120539632518,118.32607736634412
DEMO-E02-5Q-0002,44.46996124486909,126.16001755263979
DEMO-E02-5Q-0002,44.498717093413,134.01948598812726
DEMO-E02-5Q-0002,44.52747294195691,141.87656787559456
DEMO-E02-5Q-0002,44.55622879050082,149.70355085376266
DEMO-E02-5Q-0002,44.58498463904473,157.473009838594
DEMO-E02-5Q-0002,44.613740487588636,165.15788898661873
DEMO-E02-5Q-0002,44.64249633613254,172.73158072000263
DEMO-E02-5Q-0002,44.67125218467645,180.16800177948485
DEMO-E02-5Q-0002,44.70000803322036,187.44166629473804
DEMO-E02-5Q-0002,44.728763881764266,194.52775588161725
DEMO-E02-5Q-0002,44.757519730308175,201.4021867924294
DEMO-E02-5Q-0002,44.786275578852084,208.04167415859783
DEMO-E02-5Q-0002,44.815031427395986,214.42379337496084
DEMO-E02-5Q-0002,44.843787275939896,220.5270386814455
DEMO-E02-5Q-0002,44.872543124483805,226.33087900107247
DEMO-E02-5Q-0002,44.901298973027714,231.815811093403
DEMO-E02-5Q-0002,44.93005482157162,236.96341007946762
DEMO-E02-5Q-0002,44.95881067011553,241.75637738851904
DEMO-E02-5Q-0002,44.987566518659435,246.1785861683217
DEMO-E02-5Q-0002,45.016322367203344,250.21512418977414
DEMO-E02-5Q-0002,45.04507821574725,253.85233426335742
DEMO-E02-5Q-0002,45.07383406429116,257.07785216974133
DEMO-E02-5Q-0002,45.10258991283507,259.8806420898277
DEMO-E02-5Q-0002,45.13134576137898,262.2510295012379
DEMO-E02-5Q-0002,45.16010160992289,264.18073148870036
DEMO-E02-5Q-0002,45.18885745846679,265.6628843956521
DEMO-E02-5Q-0002,45.2176133070107,266.6920687236742
DEMO-E02-5Q-0002,45.24636915555461,267.2643311658109
DEMO-E02-5Q-0002,45.27512500409852,267.3772036395174
DEMO-E02-5Q-0002,45.30388085264243,267.0297191655976
DEMO-E02-5Q-0002,45.33263670118634,266.2224244210912
DEMO-E02-5Q-0002,45.36139254973024,264.95738877763034
DEMO-E02-5Q-0002,45.39014839827415,263.23820962206867
DEMO-E02-5Q-0002,45.41890424681806,261.07001374421475
DEMO-E02-5Q-0002,45.44766009536197,258.45945456728646
DEMO-E02-5Q-0002,45.47641594390588,255.41470499088913
DEMO-E02-5Q-0002,45.50517179244979,251.94544561412357
DEMO-E02-5Q-0002,45.53392764099369,248.0628481083477
DEMO-E02-5Q-0002,45.5626834895376,243.77955351529926
DEMO-E02-5Q-0002,45.59143933808151,239.1096452571929
DEMO-E02-5Q-0002,45.620195186625416,234.06861666100798
DEMO-E02-5Q-0002,45.648951035169326,228.6733328199116
DEMO-E02-5Q-0002,45.677706883713235,222.94198664033317
DEMO-E02-5Q-0002,45.706462732257144,216.89404895402424
DEMO-E02-5Q-0002,45.735218580801046,210.5502126100504
DEMO-E02-5Q-0002,45.763974429344955,203.9323305020303
DEMO-E02-5Q-0002,45.792730277888865,197.063347530892
DEMO-E02-5Q-0002,45.821486126432774,189.9672265523083
DEMO-E02-5Q-0002,45.85024197497668,182.6688684105414
DEMO-E02-5Q-0002,45.87899782352059,175.194026216111
DEMO-E02-5Q-0002,45.907753672064494,167.56921408253612
DEMO-E02-5Q-0002,45.9365095206084,159.8216105969922
DEMO-E02-5Q-0002,45.96526536915231,151.97895736019365
DEMO-E02-5Q-0002,45.99402121769622,144.06945299075545
DEMO-E02-5Q-0002,46.02277706624013,136.12164304868205
DEMO-E02-5Q-0002,46.05153291478404,128.16430638960264
DEMO-E02-5Q-0002,46.08028876332795,120.22633851542568
DEMO-E02-5Q-0002,46.10904461187185,112.33663253724431
DEMO-E02-5Q-0002,46.13780046041576,104.5239584111886
DEMO-E02-5Q-0002,46.16655630895967,96.81684114733365
DEMO-E02-5Q-0002,46.19531215750358,89.24343872408971
DEMO-E02-5Q-0002,46.22406800604749,81.83142046549384
DEMO-E02-5Q-0002,46.2528238545914,74.60784665585594
DEMO-E02-5Q-0002,46.2815797031353,67.59905017438204
DEMO-E02-5Q-0002,46.31033555167921,60.83052093183534
DEMO-E02-5Q-0002,46.33909140022312,54.326793881463125
DEMO-E02-5Q-0002,46.36784724876703,48.11134135748783
DEMO-E02-5Q-0002,46.39660309731094,42.20647046627818
DEMO-E02-5Q-0002,46.425358945854846,36.633226218667346
DEMO-E02-5Q-0002,46.45411479439875,31.411301046665134
DEMO-E02-5Q-0002,46.48287064294266,26.558951295075424
DEMO-E02-5Q-0002,46.51162649148657,22.09292121881142
DEMO-E02-5Q-0002,46.540382340030476,18.028374951002395
DEMO-E02-5Q-0002,46.569138188574385,14.378836836207114
DEMO-E02-5Q-0002,46.597894037118294,11.156140448364606
DEMO-E02-5Q-0002,46.626649885662204,8.37038653559971
DEMO-E02-5Q-0002,46.655405734206106,6.02991005483992
DEMO-E02-5Q-0002,46.684161582750015,4.141256379636504
DEMO-E02-5Q-0002,46.712917431293924,2.7091666857050476
DEMO-E02-5Q-0002,46.74167327983783,1.7365724416598864
DEMO-E02-5Q-0002,46.77042912838174,1.224598858366662
DEMO-E02-5Q-0002,46.79918497692565,1.172577080097407
DEMO-E02-5Q-0002,46.827940825469554,1.5780648352762114
DEMO-E02-5Q-0002,46.85669667401346,2.436875204724497
DEMO-E02-5Q-0002,46.88545252255737,3.7431131116314273
DEMO-E02-5Q-0002,46.91420837110128,5.489219090465595
DEMO-E02-5Q-0002,46.94296421964519,7.66601985210725
DEMO-E02-5Q-0002,46.9717200681891,10.262785129817852
DEMO-E02-5Q-0002,47.000475916733,13.267290265346386
DEMO-E02-5Q-0002,47.02923176527691,16.665883976579778
DEMO-E02-5Q-0002,47.05798761382082,20.443560737293247
DEMO-E02-5Q-0002,47.08674346236473,24.58403719577137
DEMO-E02-5Q-0002,47.11549931090864,29.06983206171425
DEMO-E02-5Q-0002,47.14425515945255,33.88234889966786
DEMO-E02-5Q-0002,47.17301100799646,39.00196128154062
DEMO-E02-5Q-0002,47.20176685654036,44.4080997702197
DEMO-E02-5Q-0002,47.23052270508427,50.07934023000301
DEMO-E02-5Q-0002,47.25927855362818,55.99349298712498
DEMO-E02-5Q-0002,47.28803440217209,62.12769239432667
DEMO-E02-5Q-0002,47.316790250716,68.45848638642971
DEMO-E02-5Q-0002,47.345546099259906,74.9619256488189
DEMO-E02-5Q-0002,47.37430194780381,81.61365205684181
DEMO-E02-5Q-0002,47.40305779634772,88.38898608073956
DEMO-E02-5Q-0002,47.431813644891626,95.26301288752009
DEMO-E02-5Q-0002,47.460569493435536,102.21066690734412
DEMO-E02-5Q-0002,47.489325341979445,109.20681466733197
DEMO-E02-5Q-0002,47.518081190523354,116.2263357295659
DEMO-E02-5Q-0002,47.546837039067256,123.24420160214396
DEMO-E02-5Q-0002,47.575592887611165,130.23555252229872
DEMO-E02-5Q-0002,47.604348736155075,137.17577203811888
DEMO-E02-5Q-0002,47.633104584698984,144.0405593405478
DEMO-E02-5Q-0002,47.66186043324289,150.80599931956098
DEMO-E02-5Q-0002,47.6906162817868,157.44863033770756
DEMO-E02-5Q-0002,47.71937213033071,163.94550973041956
DEMO-E02-5Q-0002,47.748127978874614,170.27427705571338
DEMO-E02-5Q-0002,47.77688382741852,176.41321512574987
DEMO-E02-5Q-0002,47.80563967596243,182.3413088596259
DEMO-E02-5Q-0002,47.83439552450634,188.0383020004795
DEMO-E02-5Q-0002,47.86315137305025,193.48475174060755
DEMO-E02-5Q-0002,47.89190722159416,198.6620812961125
DEMO-E02-5Q-0002,47.92066307013806,203.5526304674155
DEMO-E02-5Q-0002,47.94941891868197,208.13970421423593
DEMO-E02-5Q-0002,47.97817476722588,212.4076192634441
DEMO-E02-5Q-0002,48.00693061576979,216.34174875555
DEMO-E02-5Q-0002,48.0356864643137,219.92856492105997
DEMO-E02-5Q-0002,48.06444231285761,223.1556797615033
DEMO-E02-5Q-0002,48.09319816140151,226.0118836919491
DEMO-E02-5Q-0002,48.12195400994542,228.48718208269307
DEMO-E02-5Q-0002,48.15070985848933,230.5728296176539
DEMO-E02-5Q-0002,48.17946570703324,232.2613623663846
DEMO-E02-5Q-0002,48.20822155557715,233.5466274456581
DEMO-E02-5Q-0002,48.236977404121056,234.42381012594717
DEMO-E02-5Q-0002,48.265733252664965,234.88945821789943
DEMO-E02-5Q-0002,48.29448910120887,234.94150355478087
DEMO-E02-5Q-0002,48.32324494975278,234.57928036907492
DEMO-E02-5Q-0002,48.352000798296686,233.80354034547287
DEMO-E02-5Q-0002,48.380756646840595,232.61646411876362
DEMO-E02-5Q-0002,48.409512495384504,231.0216689741256
DEMO-E02-5Q-0002,48.438268343928414,229.02421249939286
DEMO-E02-5Q-0002,48.467024192472316,226.63059193428333
DEMO-E02-5Q-0002,48.495780041016225,223.84873896107874
DEMO-E02-5Q-0002,48.524535889560134,220.68800968466002
DEMO-E02-5Q-0002,48.55329173810404,217.15916955784158
DEMO-E02-5Q-0002,48.58204758664795,213.27437302067406
DEMO-E02-5Q-0002,48.61080343519186,209.04713763991447
DEMO-E02-5Q-0002,48.63955928373577,204.49231255750868
DEMO-E02-5Q-0002,48.66831513227967,199.6260410845569
DEMO-E02-5Q-0002,48.69707098082358,194.4657173097583
DEMO-E02-5Q-0002,48.72582682936749,189.0299366290288
DEMO-E02-5Q-0002,48.7545826779114,183.33844014487767
DEMO-E02-5Q-0002,48.78333852645531,177.41205293071314
DEMO-E02-5Q-0002,48.81209437499922,171.27261620561018
DEMO-E02-5Q-0002,48.84085022354312,164.94291351860954
DEMO-E02-5Q-0002,48.86960607208703,158.44659109825935
DEMO-E02-5Q-0002,48.89836192063094,151.8080725816233
DEMO-E02-5Q-0002,48.92711776917485,145.0524683966053
DEMO-E02-5Q-0002,48.95587361771876,138.2054801319421
DEMO-E02-5Q-0002,48.98462946626267,131.29330028875967
DEMO-E02-5Q-0002,49.01338531480657,124.34250786604503
DEMO-E02-5Q-0002,49.04214116335048,117.37996028815755
DEMO-E02-5Q-0002,49.07089701189439,110.43268223535007
DEMO-E02-5Q-0002,49.0996528604383,103.527751986102
DEMO-E02-5Q-0002,49.12840870898221,96.69218592341144
DEMO-E02-5Q-0002,49.157164557526116,89.95282189381041
DEMO-E02-5Q-0002,49.185920406070025,83.33620213803998
DEMO-E02-5Q-0002,49.21467625461393,76.86845653460179
DEMO-E02-5Q-0002,49.243432103157836,70.57518691181615
DEMO-E02-5Q-0002,49.272187951701746,64.48135318975407
DEMO-E02-5Q-0002,49.300943800245655,58.611162110372526
DEMO-E02-5Q-0002,49.329699648789564,52.98795930218145
DEMO-E02-5Q-0002,49.35845549733347,47.63412540494092
DEMO-E02-5Q-0002,49.387211345877375,42.570976950339805
DEMO-E02-5Q-0002,49.415967194421285,37.818672656680654
DEMO-E02-5Q-0002,49.444723042965194,33.3961257500449
DEMO-E02-5Q-0002,49.4734788915091,29.320922871542034
DEMO-E02-5Q-0002,49.50223474005301,25.60925007123579
DEMO-E02-5Q-0002,49.53099058859692,22.27582632476354
DEMO-E02-5Q-0002,49.559746437140824,19.333844939795984
DEMO-E02-5Q-0002,49.58850228568473,16.794923147135798
DEMO-E02-5Q-0002,49.61725813422864,14.669060096837445
DEMO-E02-5Q-0002,49.64601398277255,12.964603404014415
DEMO-E02-5Q-0002,49.67476983131646,11.688224313480305
DEMO-E02-5Q-0002,49.70352567986037,10.844901477877341
DEMO-E02-5Q-0002,49.73228152840428,10.43791327160889
DEMO-E02-5Q-0002,49.76103737694818,10.468838493803338
DEMO-E02-5Q-0002,49.78979322549209,10.937565248346095
DEMO-E02-5Q-0002,49.818549074036,11.842307728756756
DEMO-E02-5Q-0002,49.84730492257991,13.179630580834552
DEMO-E02-5Q-0002,49.87606077112382,14.944480467215572
DEMO-E02-5Q-0002,49.90481661966773,17.130224415640647
DEMO-E02-5Q-0002,49.93357246821163,19.728694497080312
DEMO-E02-5Q-0002,49.96232831675554,22.730238351175547
DEMO-E02-5Q-0002,49.99108416529945,26.123775054593313
DEMO-E02-5Q-0002,50.01984001384336,29.89685581295828
DEMO-E02-5Q-0002,50.048595862387266,34.03572894867647
DEMO-E02-5Q-0002,50.077351710931175,38.52540865501512
DEMO-E02-5Q-0002,50.10610755947508,43.34974699081829
DEMO-E02-5Q-0002,50.13486340801899,48.491508599830844
DEMO-E02-5Q-0002,50.163619256562896,53.93244765325917
DEMO-E02-5Q-0002,50.192375105106805,59.653386533278294
DEMO-E02-5Q-0002,50.221130953650714,65.63429579837408
DEMO-E02-5Q-0002,50.249886802194624,71.85437499776734
DEMO-E02-5Q-0002,50.27864265073853,78.29213393139345
DEMO-E02-5Q-0002,50.307398499282435,84.92547398325839
DEMO-E02-5Q-0002,50.336154347826344,91.73176918887725
DEMO-E02-5Q-0002,50.36491019637025,98.68794673145295
DEMO-E02-5Q-0002,50.39366604491416,105.77056659591557
DEMO-E02-5Q-0002,50.42242189345807,112.95590014426767
DEMO-E02-5Q-0002,50.45117774200198,120.22000740960524
DEMO-E02-5Q-0002,50.47993359054588,127.53881293925379
DEMO-E02-5Q-0002,50.50868943908979,134.8881800490594
DEMO-E02-5Q-0002,50.5374452876337,142.24398338103546
DEMO-E02-5Q-0002,50.56620113617761,149.58217968454812
DEMO-E02-5Q-0002,50.59495698472152,156.878876767315
DEMO-E02-5Q-0002,50.62371283326543,164.1104005857457
DEMO-E02-5Q-0002,50.65246868180934,171.25336046510495
DEMO-E02-5Q-0002,50.68122453035324,178.2847124581052
DEMO-E02-5Q-0002,50.70998037889715,185.18182086554125
DEMO-E02-5Q-0002,50.73873622744106,191.92251795496054
DEMO-E02-5Q-0002,50.76749207598497,198.48516192239651
DEMO-E02-5Q-0002,50.79624792452888,204.84869314851346
DEMO-E02-5Q-0002,50.82500377307279,210.99268880331957
DEMO-E02-5Q-0002,50.85375962161669,216.8974158540502
DEMO-E02-5Q-0002,50.8825154701606,222.5438825277002
DEMO-E02-5Q-0002,50.91127131870451,227.91388827411657
DEMO-E02-5Q-0002,50.94002716724842,232.99007226716085
DEMO-E02-5Q-0002,50.968783015792326,237.75596047039312
DEMO-E02-5Q-0002,50.997538864336235,242.19601128036527
DEMO-E02-5Q-0002,51.02629471288014,246.29565974495037
DEMO-E02-5Q-0002,51.055050561424046,250.04136033662212
DEMO-E02-5Q-0002,51.083806409967956,253.42062824116377
DEMO-E02-5Q-0002,51.112562258511865,256.42207910163694
DEMO-E02-5Q-0002,51.141318107055774,259.03546713548013
DEMO-E02-5Q-0002,51.17007395559968,261.2517215200158
DEMO-E02-5Q-0002,51.19882980414359,263.06298091841154
DEMO-E02-5Q-0002,51.227585652687495,264.4626259952062
DEMO-E02-5Q-0002,51.256341501231404,265.44530974752087
DEMO-E02-5Q-0002,51.28509734977531,266.0069854563152
DEMO-E02-5Q-0002,51.31385319831922,266.14493204115405
DEMO-E02-5Q-0002,51.34260904686313,265.85777658303675
DEMO-E02-5Q-0002,51.37136489540704,265.14551376285874
DEMO-E02-5Q-0002,51.40012074395094,264.0095219488582
DEMO-E02-5Q-0002,51.42887659249485,262.4525756550653
DEMO-E02-5Q-0002,51.45763244103876,260.4788540851424
DEMO-E02-5Q-0002,51.48638828958267,258.09394547197684
DEMO-E02-5Q-0002,51.51514413812658,255.3048469239045
DEMO-E02-5Q-0002,51.54389998667049,252.1199594933317
DEMO-E02-5Q-0002,51.57265583521439,248.54907819342236
DEMO-E02-5Q-0002,51.6014116837583,244.60337670348497
DEMO-E02-5Q-0002,51.63016753230221,240.2953865238648
DEMO-E02-5Q-0002,51.65892338084612,235.6389703666968
DEMO-E02-5Q-0002,51.68767922939003,230.64928959965644
DEMO-E02-5Q-0002,51.71643507793394,225.34276559605763
DEMO-E02-5Q-0002,51.74519092647785,219.73703488539576
DEMO-E02-5Q-0002,51.77394677502175,213.85089804446358
DEMO-E02-5Q-0002,51.80270262356566,207.704262318969
DEMO-E02-5Q-0002,51.83145847210957,201.31807801946243
DEMO-E02-5Q-0002,51.860214320653476,194.71426879235386
DEMO-E02-5Q-0002,51.888970169197385,187.9156559260337
DEMO-E02-5Q-0002,51.917726017741295,180.9458769134276
DEMO-E02-5Q-0002,51.9464818662852,173.82929855388795
DEMO-E02-5Q-0002,51.975237714829106,166.59092493929046
DEMO-E02-5Q-0002,52.003993563373015,159.25630072970634
DEMO-E02-5Q-0002,52.032749411916924,151.851410182637
DEMO-E02-5Q-0002,52.061505260460834,144.40257245520468
DEMO-E02-5Q-0002,52.09026110900474,136.9363337502118
DEMO-E02-5Q-0002,52.119016957548645,129.47935692323378
DEMO-E02-5Q-0002,52.147772806092554,122.0583092085553
DEMO-E02-5Q-0002,52.17652865463646,114.69974875551463
DEMO-E02-5Q-0002,52.20528450318037,107.43001069317086
DEMO-E02-5Q-0002,52.23404035172428,100.27509345985281
DEMO-E02-5Q-0002,52.26279620026819,93.26054614401315
DEMO-E02-5Q-0002,52.2915520488121,86.4113575841545
DEMO-E02-5Q-0002,52.320307897356,79.75184796828434
DEMO-E02-5Q-0002,52.34906374589991,73.3055636566687
DEMO-E02-5Q-0002,52.37781959444382,67.09517592702305
DEMO-E02-5Q-0002,52.40657544298773,61.1423843078007
DEMO-E02-5Q-0002,52.43533129153164,55.467825124293455
DEMO-E02-5Q-0002,52.46408714007555,50.09098583405433
DEMO-E02-5Q-0002,52.49284298861945,45.03012567363223
DEMO-E02-5Q-0002,52.52159883716336,40.302203078498415
DEMO-E02-5Q-0002,52.55035468570727,35.92281027361596
DEMO-E02-5Q-0002,52.57911053425118,31.90611536394271
DEMO-E02-5Q-0002,52.60786638279509,28.264812183689013
DEMO-E02-5Q-0002,52.636622231339,25.010078091529564
DEMO-E02-5Q-0002,52.665378079882906,22.151539826738023
DEMO-E02-5Q-0002,52.69413392842681,19.697247470184106
DEMO-E02-5Q-0002,52.72288977697072,17.65365648467971
DEMO-E02-5Q-0002,52.75164562551463,16.02561774261504
DEMO-E02-5Q-0002,52.780401474058536,14.816375385784367
DEMO-E02-5Q-0002,52.809157322602445,14.027572303756994
DEMO-E02-5Q-0002,52.837913171146354,13.659262963455626
DEMO-E02-5Q-0002,52.86666901969026,13.709933274580136
DEMO-E02-5Q-0002,52.895424868234166,14.176527133313407
DEMO-E02-5Q-0002,52.924180716778075,15.05447925077376
DEMO-E02-5Q-0002,52.952936565321984,16.337753843106377
DEMO-E02-5Q-0002,52.98169241386589,18.018888736833855
DEMO-E02-5Q-0002,53.0104482624098,20.089044426261587
DEMO-E02-5Q-0002,53.039204110953705,22.538057608922134
DEMO-E02-5Q-0002,53.067959959497614,25.354498720323637
DEMO-E02-5Q-0002,53.09671580804152,28.525732989922847
DEMO-E02-5Q-0002,53.12547165658543,32.03798454618841
DEMO-E02-5Q-0002,53.15422750512934,35.87640310935002
DEMO-E02-5Q-0002,53.18298335367325,40.02513282519858
DEMO-E02-5Q-0002,53.21173920221716,44.46738281203935
DEMO-E02-5Q-0002,53.24049505076106,49.185499014642474
DEMO-E02-5Q-0002,53.26925089930497,54.16103698360391
DEMO-E02-5Q-0002,53.29800674784888,59.37483522506009
DEMO-E02-5Q-0002,53.32676259639279,64.80708879405933
DEMO-E02-5Q-0002,53.3555184449367,70.43742283415102
DEMO-E02-5Q-0002,53.38427429348061,76.2449657958327
DEMO-E02-5Q-0002,53.41303014202451,82.20842209670748
DEMO-E02-5Q-0002,53.44178599056842,88.30614401612819
DEMO-E02-5Q-0002,53.47054183911233,94.51620264663572
DEMO-E02-5Q-0002,53.49929768765624,100.816457752848
DEMO-E02-5Q-0002,53.52805353620015,107.18462641569126
DEMO-E02-5Q-0002,53.55680938474406,113.59835036569044
DEMO-E02-5Q-0002,53.58556523328796,120.03526193268769
DEMO-E02-5Q-0002,53.61432108183187,126.47304856160449
DEMO-E02-5Q-0002,53.64307693037578,132.88951586337302
DEMO-E02-5Q-0002,53.671832778919686,139.26264918783588
DEMO-E02-5Q-0002,53.700588627463596,145.5706737202821
DEMO-E02-5Q-0002,53.729344476007505,151.79211311596208
DEMO-E02-5Q-0002,53.758100324551414,157.9058466965814
DEMO-E02-5Q-0002,53.786856173095316,163.89116524030035
DEMO-E02-5Q-0002,53.815612021639225,169.72782540113366
DEMO-E02-5Q-0002,53.844367870183135,175.39610279556098
DEMO-E02-5Q-0002,53.873123718727044,180.87684379352146
DEMO-E02-5Q-0002,53.90187956727095,186.15151604745668
DEMO-E02-5Q-0002,53.93063541581486,191.20225778722917
DEMO-E02-5Q-0002,53.959391264358764,196.011925900412
DEMO-E02-5Q-0002,53.98814711290267,200.56414280674568
DEMO-E02-5Q-0002,54.01690296144658,204.8433421227548
DEMO-E02-5Q-0002,54.04565880999049,208.83481309768644
DEMO-E02-5Q-0002,54.0744146585344,212.52474378532358
DEMO-E02-5Q-0002,54.10317050707831,215.90026289808472
DEMO-E02-5Q-0002,54.13192635562221,218.94948027037515
DEMO-E02-5Q-0002,54.16068220416612,221.66152583770423
DEMO-E02-5Q-0002,54.18943805271003,224.02658701699818
DEMO-E02-5Q-0002,54.21819390125394,226.0359443521444
DEMO-E02-5Q-0002,54.24694974979785,227.68200526741015
DEMO-E02-5Q-0002,54.27570559834176,228.95833575051105
DEMO-E02-5Q-0002,54.30446144688567,229.85968976705288
DEMO-E02-5Q-0002,54.33321729542957,230.38203618940108
DEMO-E02-5Q-0002,54.36197314397348,230.5225830060656
DEMO-E02-5Q-0002,54.39072899251739,230.27979856291998
DEMO-E02-5Q-0002,54.4194848410613,229.65342957546702
DEMO-E02-5Q-0002,54.44824068960521,228.64451564240682
DEMO-E02-5Q-0002,54.476996538149116,227.25539998508472
DEMO-E02-5Q-0002,54.50575238669302,225.4897361359372
DEMO-E02-5Q-0002,54.53450823523693,223.35249030139644
DEMO-E02-5Q-0002,54.56326408378084,220.84993913202644
DEMO-E02-5Q-0002,54.592019932324746,217.9896626443487
DEMO-E02-5Q-0002,54.620775780868655,214.7805320557344
DEMO-E02-5Q-0002,54.649531629412564,211.23269231549543
DEMO-E02-5Q-0002,54.67828747795647,207.35753914229414
DEMO-E02-5Q-0002,54.707043326500376,203.16769040981416
DEMO-E02-5Q-0002,54.735799175044285,198.6769517593613
DEMO-E02-5Q-0002,54.764555023588194,193.90027635930505
DEMO-E02-5Q-0002,54.7933108721321,188.85371877667197
DEMO-E02-5Q-0002,54.82206672067601,183.55438297539428
DEMO-E02-5Q-0002,54.85082256921992,178.02036450781955
DEMO-E02-5Q-0002,54.879578417763824,172.27068702097603
DEMO-E02-5Q-0002,54.90833426630773,166.32523325539665
DEMO-E02-5Q-0002,54.93709011485164,160.20467077181047
DEMO-E02-5Q-0002,54.96584596339555,153.930372698231
DEMO-E02-5Q-0002,54.99460181193946,147.5243338467129
DEMO-E02-5Q-0002,55.02335766048337,141.0090826036279
DEMO-E02-5Q-0002,55.05211350902727,134.40758904936476
DEMO-E02-5Q-0002,55.08086935757118,127.74316981164753
DEMO-E02-5Q-0002,55.10962520611509,121.03939020042678
DEMO-E02-5Q-0002,55.138381054659,114.31996421069312
DEMO-E02-5Q-0002,55.16713690320291,107.6086530117603
DEMO-E02-5Q-0002,55.19589275174682,100.92916256716214
DEMO-E02-5Q-0002,55.22464860029073,94.30504104727436
DEMO-E02-5Q-0002,55.25340444883463,87.75957670751426
DEMO-E02-5Q-0002,55.28216029737854,81.3156969071567
DEMO-E02-5Q-0002,55.31091614592245,74.99586893852924
DEMO-E02-5Q-0002,55.33967199446636,68.82200332245232
DEMO-E02-5Q-0002,55.36842784301027,62.815360204492116
DEMO-E02-5Q-0002,55.397183691554176,56.996459457497124
DEMO-E02-5Q-0002,55.42593954009808,51.384995059949205
DEMO-E02-5Q-0002,55.45469538864199,45.999754277126584
DEMO-E02-5Q-0002,55.483451237185896,40.858542123921936
DEMO-E02-5Q-0002,55.512207085729806,35.97811153522329
DEMO-E02-5Q-0002,55.540962934273715,31.3740996125064
DEMO-E02-5Q-0002,55.569718782817624,27.0609702554009
DEMO-E02-5Q-0002,55.598474631361526,23.051963424616808
DEMO-E02-5Q-0002,55.627230479905435,19.359051219493082
DEMO-E02-5Q-0002,55.655986328449345,15.992900889973537
DEMO-E02-5Q-0002,55.684742176993254,12.96284484024277
DEMO-E02-5Q-0002,55.71349802553716,10.27685762046871
DEMO-E02-5Q-0002,55.74225387408107,7.941539844826996
DEMO-E02-5Q-0002,55.77100972262498,5.962108918898935
DEMO-E02-5Q-0002,55.799765571168884,4.342396408590774
DEMO-E02-5Q-0002,55.82852141971279,3.0848518360130424
DEMO-E02-5Q-0002,55.8572772682567,2.1905526462069256
DEMO-E02-5Q-0002,55.88603311680061,1.659220052093596
DEMO-E02-5Q-0002,55.91478896534452,1.4892404340915308
DEMO-E02-5Q-0002,55.94354481388843,1.6776919454499197
DEMO-E02-5Q-0002,55.97230066243233,2.2203759545088495
DEMO-E02-5Q-0002,56.00105651097624,3.111852940778312
DEMO-E02-5Q-0002,56.02981235952015,4.34548245270331
DEMO-E02-5Q-0002,56.05856820806406,5.9134667310537985
DEMO-E02-5Q-0002,56.08732405660797,7.806897602691879
DEMO-E02-5Q-0002,56.11607990515188,10.015806254688025
DEMO-E02-5Q-0002,56.14483575369578,12.529215507954687
DEMO-E02-5Q-0002,56.17359160223969,15.335194222349687
DEMO-E02-5Q-0002,56.2023474507836,18.420913481030375
DEMO-E02-5Q-0002,56.23110329932751,21.77270422034295
DEMO-E02-5Q-0002,56.25985914787142,25.376115992176945
DEMO-E02-5Q-0002,56.288614996415326,29.215976568035366
DEMO-E02-5Q-0002,56.317370844959235,33.27645211772609
DEMO-E02-5Q-0002,56.34612669350314,37.54110771989263
DEMO-E02-5Q-0002,56.37488254204705,41.992967986568544
DEMO-E02-5Q-0002,56.403638390590956,46.614577608677656
DEMO-E02-5Q-0002,56.432394239134865,51.3880616540662
DEMO-E02-5Q-0002,56.461150087678774,56.29518547346262
DEMO-E02-5Q-0002,56.489905936222684,61.31741409292007
DEMO-E02-5Q-0002,56.518661784766586,66.43597099293261
DEMO-E02-5Q-0002,56.547417633310495,71.63189619500724
DEMO-E02-5Q-0002,56.576173481854404,76.88610359520649
DEMO-E02-5Q-0002,56.60492933039831,82.17943750122605
DEMO-E02-5Q-0002,56.63368517894222,87.49272834480496
DEMO-E02-5Q-0002,56.66244102748613,92.8068475542466
DEMO-E02-5Q-0002,56.691196876030034,98.10276158293598
DEMO-E02-5Q-0002,56.71995272457394,103.36158509847618
DEMO-E02-5Q-0002,56.74870857311785,108.5646333436572
DEMO-E02-5Q-0002,56.77746442166176,113.69347368467123
DEMO-E02-5Q-0002,56.80622027020567,118.72997636406406
DEMO-E02-5Q-0002,56.83497611874958,123.65636447561648
DEMO-E02-5Q-0002,56.86373196729349,128.45526317566953
DEMO-E02-5Q-0002,56.89248781583739,133.10974814085696
DEMO-E02-5Q-0002,56.9212436643813,137.6033932751934
DEMO-E02-5Q-0002,56.94999951292521,141.9203176605074
DEMO-E02-5Q-0002,56.97875536146912,146.04523173348184
DEMO-E02-5Q-0002,57.00751121001303,149.96348265968513
DEMO-E02-5Q-0002,57.03626705855694,153.6610988608531
DEMO-E02-5Q-0002,57.06502290710084,157.12483363572608
DEMO-E02-5Q-0002,57.09377875564475,160.34220779786168
DEMO-E02-5Q-0002,57.12253460418866,163.30155123568758
DEMO-E02-5Q-0002,57.15129045273257,165.99204328136565
DEMO-E02-5Q-0002,57.18004630127648,168.4037517557146
DEMO-E02-5Q-0002,57.208802149820386,170.52767053716474
DEMO-E02-5Q-0002,57.237557998364295,172.35575548340594
DEMO-E02-5Q-0002,57.2663138469082,173.8809585159852
DEMO-E02-5Q-0002,57.295069695452106,175.0972596602771
DEMO-E02-5Q-0002,57.323825543996016,175.99969681708808
DEMO-E02-5Q-0002,57.352581392539925,176.58439302755087
DEMO-E02-5Q-0002,57.381337241083834,176.84858098064052
DEMO-E02-5Q-0002,57.41009308962774,176.79062450284476
DEMO-E02-5Q-0002,57.438848938171645,176.4100367626765
DEMO-E02-5Q-0002,57.467604786715555,175.70749491931895
DEMO-E02-5Q-0002,57.496360635259464,174.6848509448722
DEMO-E02-5Q-0002,57.52511648380337,173.34513835397792
DEMO-E02-5Q-0002,57.55387233234728,171.6925745831117
DEMO-E02-5Q-0002,57.58262818089119,169.73255877491937
DEMO-E02-5Q-0002,57.611384029435094,167.47166474053512
DEMO-E02-5Q-0002,57.640139877979,164.9176288953853
DEMO-E02-5Q-0002,57.66889572652291,162.07933299088245
DEMO-E02-5Q-0002,57.69765157506682,158.96678149618785
DEMO-E02-5Q-0002,57.72640742361073,155.59107352033038
DEMO-E02-5Q-0002,57.75516327215464,151.96436920504726
DEMO-E02-5Q-0002,57.78391912069855,148.09985056278373
DEMO-E02-5Q-0002,57.81267496924245,144.01167678136977
DEMO-E02-5Q-0002,57.84143081778636,139.71493406676487
DEMO-E02-5Q-0002,57.87018666633027,135.22558014718678
DEMO-E02-5Q-0002,57.89894251487418,130.56038361499847
DEMO-E02-5Q-0002,57.92769836341809,125.73685833651281
DEMO-E02-5Q-0002,57.956454211962,120.77319321312844
DEMO-E02-5Q-0002,57.9852100605059,115.68817762930168
DEMO-E02-5Q-0002,58.01396590904981,110.5011229729025
DEMO-E02-5Q-0002,58.04272175759372,105.23178066056053
DEMO-E02-5Q-0002,58.07147760613763,99.90025714370343
DEMO-E02-5Q-0002,58.100233454681536,94.52692640968128
DEMO-E02-5Q-0002,58.128989303225445,89.13234052549018
DEMO-E02-5Q-0002,58.15774515176935,83.73713879881353
DEMO-E02-5Q-0002,58.18650100031326,78.36195615175305
DEMO-E02-5Q-0002,58.215256848857166,73.02733131617755
DEMO-E02-5Q-0002,58.244012697401075,67.7536154659507
DEMO-E02-5Q-0002,58.272768545944984,62.56088190028466
DEMO-E02-5Q-0002,58.301524394488894,57.46883738364564
DEMO-E02-5Q-0002,58.3302802430328,52.49673573188636
DEMO-E02-5Q-0002,58.359036091576705,47.66329421110052
DEMO-E02-5Q-0002,58.387791940120614,42.98661328600776
DEMO-E02-5Q-0002,58.41654778866452,38.484100218791305
DEMO-E02-5Q-0002,58.44530363720843,34.17239697782639
DEMO-E02-5Q-0002,58.47405948575234,30.067312869618764
DEMO-E02-5Q-0002,58.50281533429625,26.183762256927913
DEMO-E02-5Q-0002,58.53157118284015,22.535707672835027
DEMO-E02-5Q-0002,58.56032703138406,19.13610858482541
DEMO-E02-5Q-0002,58.58908287992797,15.996876006179146
DEMO-E02-5Q-0002,58.61783872847188,13.128833094573519
DEMO-E02-5Q-0002,58.64659457701579,10.541681821026819
DEMO-E02-5Q-0002,58.6753504255597,8.243975736801367
DEMO-E02-5Q-0002,58.7041062741036,6.243098812471125
DEMO-E02-5Q-0002,58.73286212264751,4.545250272693058
DEMO-E02-5Q-0002,58.76161797119142,3.155435303093281
DEMO-E02-5Q-0002,58.79037381973533,2.0774614623307546
DEMO-E02-5Q-0002,58.81912966827924,1.3139405935710218
DEMO-E02-5Q-0002,58.84788551682315,0.866295995350484
DEMO-E02-5Q-0002,58.87664136536706,0.7347745825478951
DEMO-E02-5Q-0002,58.90539721391096,0.9184637439317159
DEMO-E02-5Q-0002,58.93415306245487,1.415312583558155
DEMO-E02-5Q-0002,58.96290891099878,2.2221572191415175
DEMO-E02-5Q-0002,58.99166475954269,3.334749801213561
DEMO-E02-5Q-0002,59.020420608086596,4.747790912254137
DEMO-E02-5Q-0002,59.049176456630505,6.4549650047300675
DEMO-E02-5Q-0002,59.07793230517441,8.448978540779464
DEMO-E02-5Q-0002,59.106688153718316,10.721600503846338
DEMO-E02-5Q-0002,59.135444002262226,13.26370496333139
DEMO-E02-5Q-0002,59.164199850806135,16.065315387133214
DEMO-E02-5Q-0002,59.192955699350044,19.115650413119273
DEMO-E02-5Q-0002,59.22171154789395,22.403170808795856
DEMO-E02-5Q-0002,59.250467396437855,25.915627368396844
DEMO-E02-5Q-0002,59.279223244981765,29.640109517673345
DEMO-E02-5Q-0002,59.307979093525674,33.563094418503304
DEMO-E02-5Q-0002,59.33673494206958,37.670496388005105
DEMO-E02-5Q-0002,59.36549079061349,41.94771646908661
DEMO-E02-5Q-0002,59.3942466391574,46.37969201171737
DEMO-E02-5Q-0002,59.42300248770131,50.95094614595869
DEMO-E02-5Q-0002,59.45175833624521,55.64563704859072
DEMO-E02-5Q-0002,59.48051418478912,60.447606925180565
DEMO-E02-5Q-0002,59.50927003333303,65.34043064805083
DEMO-E02-5Q-0002,59.53802588187694,70.30746400781776
DEMO-E02-5Q-0002,59.56678173042085,75.33189155176996
DEMO-E02-5Q-0002,59.59553757896476,80.39677399634965
DEMO-E02-5Q-0002,59.62429342750866,85.48509521289492
DEMO-E02-5Q-0002,59.65304927605257,90.57980879607676
DEMO-E02-5Q-0002,59.68180512459648,95.66388423238588
DEMO-E02-5Q-0002,59.71056097314039,100.72035269216644
DEMO-E02-5Q-0002,59.7393168216843,105.73235247247938
DEMO-E02-5Q-0002,59.76807267022821,110.68317411994289
DEMO-E02-5Q-0002,59.79682851877212,115.55630526212417
DEMO-E02-5Q-0002,59.82558436731602,120.33547517376256
DEMO-E02-5Q-0002,59.85434021585993,125.00469909919947
DEMO-E02-5Q-0002,59.88309606440384,129.54832234582454
DEMO-E02-5Q-0002,59.911851912947746,133.95106415462772
DEMO-E02-5Q-0002,59.940607761491655,138.1980613431309
DEMO-E02-5Q-0002,59.969363610035565,142.27491170373042
DEMO-E02-5Q-0002,59.99811945857947,146.167717126059
DEMO-E02-5Q-0002,60.026875307123376,149.86312639646846
DEMO-E02-5Q-0002,60.055631155667285,153.34837761046336
DEMO-E02-5Q-0002,60.084387004211194,156.61134011574396
DEMO-E02-5Q-0002,60.113142852755104,159.64055588428198
DEMO-E02-5Q-0002,60.14189870129901,162.4252801919248
DEMO-E02-5Q-0002,60.170654549842915,164.9555214637165
DEMO-E02-5Q-0002,60.199410398386824,167.222080122775
DEMO-E02-5Q-0002,60.22816624693073,169.21658626035875
DEMO-E02-5Q-0002,60.25692209547464,170.93153592520002
DEMO-E02-5Q-0002,60.28567794401855,172.36032581169746
DEMO-E02-5Q-0002,60.31443379256246,173.49728610932556
DEMO-E02-5Q-0002,60.34318964110637,174.33771126022492
DEMO-E02-5Q-0002,60.37194548965027,174.87788835885505
DEMO-E02-5Q-0002,60.40070133819418,175.11512291695976
DEMO-E02-5Q-0002,60.42945718673809,175.0477617096276
DEMO-E02-5Q-0002,60.458213035282,174.67521241412834
DEMO-E02-5Q-0002,60.48696888382591,173.9979597528204
DEMO-E02-5Q-0002,60.51572473236982,173.01757785526536
DEMO-E02-5Q-0002,60.54448058091372,171.73673856267095
DEMO-E02-5Q-0002,60.57323642945763,170.15921541064642
DEMO-E02-5Q-0002,60.60199227800154,168.28988304345384
DEMO-E02-5Q-0002,60.63074812654545,166.13471183531087
DEMO-E02-5Q-0002,60.65950397508936,163.70075752114582
DEMO-E02-5Q-0002,60.68825982363327,160.9961456708921
DEMO-E02-5Q-0002,60.71701567217717,158.03005087746223
DEMO-E02-5Q-0002,60.74577152072108,154.81267056882234
DEMO-E02-5Q-0002,60.77452736926499,151.35519339854005
DEMO-E02-5Q-0002,60.8032832178089,147.66976221642167
DEMO-E02-5Q-0002,60.832039066352806,143.76943167082177
DEMO-E02-5Q-0002,60.860794914896715,139.6681205460117
DEMO-E02-5Q-0002,60.889550763440624,135.38055899115056
DEMO-E02-5Q-0002,60.91830661198453,130.92223085092056
DEMO-E02-5Q-0002,60.947062460528436,126.3093113609499
DEMO-E02-5Q-0002,60.975818309072345,121.55860052294497
DEMO-E02-5Q-0002,61.004574157616254,116.68745252394143
DEMO-E02-5Q-0002,61.03333000616016,111.71370161051202
DEMO-E02-5Q-0002,61.06208585470407,106.65558487129535
DEMO-E02-5Q-0002,61.090841703247975,101.53166241885837
DEMO-E02-5Q-0002,61.119597551791884,96.3607354942793
DEMO-E02-5Q-0002,61.14835340033579,91.1617630439627
DEMO-E02-5Q-0002,61.1771092488797,85.95377733779101
DEMO-E02-5Q-0002,61.20586509742361,80.75579921035515
DEMO-E02-5Q-0002,61.23462094596752,75.58675351242984
DEMO-E02-5Q-0002,61.26337679451142,70.4653853576902
DEMO-E02-5Q-0002,61.29213264305533,65.41017774060307
DEMO-E02-5Q-0002,61.32088849159924,60.43927108478003
DEMO-E02-5Q-0002,61.34964434014315,55.57038525786925
DEMO-E02-5Q-0002,61.37840018868706,50.820744559399834
DEMO-E02-5Q-0002,61.40715603723097,46.20700615242303
DEMO-E02-5Q-0002,61.43591188577488,41.74519236915791
DEMO-E02-5Q-0002,61.46466773431878,37.45062727584775
DEMO-E02-5Q-0002,61.49342358286269,33.33787783315615
DEMO-E02-5Q-0002,61.5221794314066,29.420699937326688
DEMO-E02-5Q-0002,61.55093527995051,25.711989573795602
DEMO-E02-5Q-0002,61.57969112849442,22.22373926100033
DEMO-E02-5Q-0002,61.60844697703833,18.96699990776706
DEMO-E02-5Q-0002,61.63720282558223,15.95184815416404
DEMO-E02-5Q-0002,61.66595867412614,13.187359213868636
DEMO-E02-5Q-0002,61.69471452267005,10.681585186416575
DEMO-E02-5Q-0002,61.723470371213956,8.44153876097233
DEMO-E02-5Q-0002,61.752226219757866,6.473182190082467
DEMO-E02-5Q-0002,61.780982068301775,4.781421372551489
DEMO-E02-5Q-0002,61.809737916845684,3.370104849619
DEMO-E02-5Q-0002,61.838493765389586,2.2420274881889566
DEMO-E02-5Q-0002,61.867249613933495,1.3989385991820475
DEMO-E02-5Q-0002,61.896005462477405,0.8415542182004389
DEMO-E02-5Q-0002,61.924761311021314,0.5695732596107211
DEMO-E02-5Q-0002,61.95351715956522,0.5816972437329292
DEMO-E02-5Q-0002,61.98227300810913,0.8756532899514248
DEMO-E02-5Q-0002,62.011028856653034,1.4482200659724642
DEMO-E02-5Q-0002,62.03978470519694,2.2952563848599725
DEMO-E02-5Q-0002,62.06854055374085,3.411732146593033
DEMO-E02-5Q-0002,62.09729640228476,4.7917613292843955
DEMO-E02-5Q-0002,62.12605225082867,6.42863674658984
DEMO-E02-5Q-0002,62.15480809937258,8.314866301719315
DEMO-E02-5Q-0002,62.18356394791648,10.442210484536893
DEMO-E02-5Q-0002,62.21231979646039,12.801720876042506
DEMO-E02-5Q-0002,62.2410756450043,15.38377944369312
DEMO-E02-5Q-0002,62.26983149354821,18.17813843117675
DEMO-E02-5Q-0002,62.29858734209212,21.173960667075168
DEMO-E02-5Q-0002,62.32734319063603,24.35986013784906
DEMO-E02-5Q-0002,62.35609903917994,27.723942691755703
DEMO-E02-5Q-0002,62.38485488772384,31.253846760944676
DEMO-E02-5Q-0002,62.41361073626775,34.93678400925685
DEMO-E02-5Q-0002,62.44236658481166,38.759579832565294
DEMO-E02-5Q-0002,62.47112243335557,42.70871365693027
DEMO-E02-5Q-0002,62.49987828189948,46.770358996913906
DEMO-E02-5Q-0002,62.528634130443386,50.930423252320004
DEMO-E02-5Q-0002,62.55738997898729,55.17458723580443
DEMO-E02-5Q-0002,62.5861458275312,59.488344436577435
DEMO-E02-5Q-0002,62.61490167607511,63.85704003628844
DEMO-E02-5Q-0002,62.643657524619016,68.2659097023545
DEMO-E02-5Q-0002,62.672413373162925,72.70011819127717
DEMO-E02-5Q-0002,62.701169221706834,77.14479779973018
DEMO-E02-5Q-0002,62.72992507025074,81.58508670462237
DEMO-E02-5Q-0002,62.758680918794646,86.00616723466793
DEMO-E02-5Q-0002,62.787436767338555,90.39330411528601
DEMO-G03-1C-0003,5.2550354685707275,583.5780983261615
DEMO-G03-1C-0003,5.293543300533874,571.3555694406509
DEMO-G03-1C-0003,5.33205113249702,558.1816059401172
DEMO-G03-1C-0003,5.370558964460167,544.1390030615684
DEMO-G03-1C-0003,5.409066796423313,529.3124377860863
DEMO-G03-1C-0003,5.44757462838646,513.7873942988341
DEMO-G03-1C-0003,5.486082460349606,497.64919251295373
DEMO-G03-1C-0003,5.5245902923127534,480.9821319750862
DEMO-G03-1C-0003,5.5630981242759,463.8687580902865
DEMO-G03-1C-0003,5.601605956239046,446.3892527672202
DEMO-G03-1C-0003,5.640113788202193,428.62094742970106
DEMO-G03-1C-0003,5.678621620165339,410.6379529395578
DEMO-G03-1C-0003,5.717129452128486,392.51089834254276
DEMO-G03-1C-0003,5.755637284091632,374.3067684519637
DEMO-G03-1C-0003,5.7941451160547786,356.0888290590342
DEMO-G03-1C-0003,5.832652948017925,337.91662791872125
DEMO-G03-1C-0003,5.871160779981071,319.84605950884384
DEMO-G03-1C-0003,5.909668611944218,301.9294817999961
DEMO-G03-1C-0003,5.948176443907364,284.2158738111026
DEMO-G03-1C-0003,5.986684275870511,266.75102347536307
DEMO-G03-1C-0003,6.025192107833657,249.57773623107343
DEMO-G03-1C-0003,6.0636999397968045,232.73605572085165
DEMO-G03-1C-0003,6.102207771759951,216.26348898307805
DEMO-G03-1C-0003,6.140715603723097,200.19522951424614
DEMO-G03-1C-0003,6.179223435686244,184.56437254356337
DEMO-G03-1C-0003,6.21773126764939,169.40211777286663
DEMO-G03-1C-0003,6.256239099612537,154.73795568343854
DEMO-G03-1C-0003,6.294746931575683,140.59983428897866
DEMO-G03-1C-0003,6.33325476353883,127.01430391662791
DEMO-G03-1C-0003,6.371762595501976,114.00663822375783
DEMO-G03-1C-0003,6.4102704274651225,101.60093020715557
DEMO-G03-1C-0003,6.44877825942827,89.82016243464867
DEMO-G03-1C-0003,6.487286091391416,78.68625112998268
DEMO-G03-1C-0003,6.525793923354563,68.22006407436298
DEMO-G03-1C-0003,6.564301755317709,58.44141255897257
DEMO-G03-1C-0003,6.602809587280856,49.36901784063325
DEMO-G03-1C-0003,6.641317419244002,41.02045272877961
DEMO-G03-1C-0003,6.6798252512071485,33.41205907954808
DEMO-G03-1C-0003,6.718333083170295,26.55884210776009
DEMO-G03-1C-0003,6.756840915133441,20.474342567114505
DEMO-G03-1C-0003,6.795348747096588,15.17048801099079
DEMO-G03-1C-0003,6.833856579059734,10.65742454844507
DEMO-G03-1C-0003,6.872364411022881,6.943330768247791
DEMO-G03-1C-0003,6.910872242986027,4.034215831107133
DEMO-G03-1C-0003,6.949380074949174,1.9337041352321092
DEMO-G03-1C-0003,6.98788790691232,0.6428094461190039
DEMO-G03-1C-0003,7.0263957388754665,0.15970194433263318
DEMO-G03-1C-0003,7.064903570838614,0.4794722739564034
DEMO-G03-1C-0003,7.10341140280176,1.5938973501777662
DEMO-G03-1C-0003,7.141919234764907,3.49121337989837
DEMO-G03-1C-0003,7.180427066728053,6.155902229232442
DEMO-G03-1C-0003,7.2189348986912,9.56849789425056
DEMO-G03-1C-0003,7.257442730654346,13.70542034874947
DEMO-G03-1C-0003,7.2959505626174925,18.538844404078475
DEMO-G03-1C-0003,7.334458394580639,24.036611369098537
DEMO-G03-1C-0003,7.372966226543786,30.162191193543112
DEMO-G03-1C-0003,7.411474058506933,36.87470237169054
DEMO-G03-1C-0003,7.449981890470079,44.128996141744054
DEMO-G03-1C-0003,7.488489722433226,51.875810420060155
DEMO-G03-1C-0003,7.526997554396372,60.061997456704994
DEMO-G03-1C-0003,7.5655053863595185,68.63082740890383
DEMO-G03-1C-0003,7.604013218322665,77.52236794401364
DEMO-G03-1C-0003,7.642521050285811,86.67393766910858
DEMO-G03-1C-0003,7.681028882248958,96.02062872779871
DEMO-G03-1C-0003,7.719536714212104,105.49589141272456
DEMO-G03-1C-0003,7.758044546175251,115.03217123389314
DEMO-G03-1C-0003,7.796552378138397,124.56158668447043
DEMO-G03-1C-0003,7.835060210101544,134.01663408049367
DEMO-G03-1C-0003,7.87356804206469,143.330904431517
DEMO-G03-1C-0003,7.9120758740278365,152.43979641784983
DEMO-G03-1C-0003,7.950583705990983,161.28120927114404
DEMO-G03-1C-0003,7.989091537954129,169.7961997095503
DEMO-G03-1C-0003,8.027599369917276,177.92958806028167
DEMO-G03-1C-0003,8.066107201880422,185.63050026794906
DEMO-G03-1C-0003,8.104615033843569,192.85283455886906
DEMO-G03-1C-0003,8.143122865806717,199.55564400342223
DEMO-G03-1C-0003,8.181630697769862,205.70342896352716
DEMO-G03-1C-0003,8.22013852973301,211.26633629209184
DEMO-G03-1C-0003,8.258646361696155,216.2202650262854
DEMO-G03-1C-0003,8.297154193659303,220.5468810550278
DEMO-G03-1C-0003,8.335662025622447,224.23354572795066
DEMO-G03-1C-0003,8.374169857585596,227.27316551549967
DEMO-G03-1C-0003,8.412677689548742,229.6639715614802
DEMO-G03-1C-0003,8.451185521511889,231.4092392520736
DEMO-G03-1C-0003,8.489693353475035,232.51695874791017
DEMO-G03-1C-0003,8.528201185438181,232.99946780176427
DEMO-G03-1C-0003,8.566709017401328,232.87305814762192
DEMO-G03-1C-0003,8.605216849364474,232.15756634637356
DEMO-G03-1C-0003,8.64372468132762,230.87595926865055
DEMO-G03-1C-0003,8.682232513290767,229.0539234503948
DEMO-G03-1C-0003,8.720740345253914,226.7194664365387
DEMO-G03-1C-0003,8.75924817721706,223.90253699389407
DEMO-G03-1C-0003,8.797756009180207,220.6346697815162
DEMO-G03-1C-0003,8.836263841143353,216.94865876321123
DEMO-G03-1C-0003,8.8747716731065,212.87826237141644
DEMO-G03-1C-0003,8.913279505069646,208.45794221540336
DEMO-G03-1C-0003,8.951787337032792,203.722635992103
DEMO-G03-1C-0003,8.990295168995939,198.707564220953
DEMO-G03-1C-0003,9.028803000959085,193.4480694951107
DEMO-G03-1C-0003,9.067310832922232,187.97948612648665
DEMO-G03-1C-0003,9.10581866488538,182.3370373641045
DEMO-G03-1C-0003,9.144326496848524,176.55575678566476
DEMO-G03-1C-0003,9.182834328811673,170.67043000075955
DEMO-G03-1C-0003,9.221342160774817,164.7155524604428
DEMO-G03-1C-0003,9.259849992737966,158.7252989408073
DEMO-G03-1C-0003,9.29835782470111,152.7335001565877
DEMO-G03-1C-0003,9.336865656664258,146.77362196248035
DEMO-G03-1C-0003,9.375373488627403,140.8787427120784
DEMO-G03-1C-0003,9.413881320590551,135.0815245625186
DEMO-G03-1C-0003,9.452389152553698,129.41417483137107
DEMO-G03-1C-0003,9.490896984516844,123.9083939227771
DEMO-G03-1C-0003,9.52940481647999,118.59530683272678
DEMO-G03-1C-0003,9.567912648443137,113.50537580674288
DEMO-G03-1C-0003,9.606420480406284,108.66829234412091
DEMO-G03-1C-0003,9.64492831236943,104.11284740704913
DEMO-G03-1C-0003,9.683436144332576,99.86677938597379
DEMO-G03-1C-0003,9.721943976295723,95.95660008038038
DEMO-G03-1C-0003,9.76045180825887,92.4073996633788
DEMO-G03-1C-0003,9.798959640222016,89.24263229726446
DEMO-G03-1C-0003,9.837467472185162,86.48388474521091
DEMO-G03-1C-0003,9.875975304148309,84.15063097270713
DEMO-G03-1C-0003,9.914483136111455,82.25997634395763
DEMO-G03-1C-0003,9.952990968074602,80.82639558678947
DEMO-G03-1C-0003,9.99149880003775,79.861469218492
DEMO-G03-1C-0003,10.030006632000894,79.37362358787655
DEMO-G03-1C-0003,10.068514463964043,79.36788008791305
DEMO-G03-1C-0003,10.107022295927187,79.84561941896497
DEMO-G03-1C-0003,10.145530127890336,80.80436702311272
DEMO-G03-1C-0003,10.18403795985348,82.23760595115026
DEMO-G03-1C-0003,10.222545791816628,84.13462344929283
DEMO-G03-1C-0003,10.261053623779773,86.4803974447482
DEMO-G03-1C-0003,10.299561455742921,89.25552885001626
DEMO-G03-1C-0003,10.338069287706066,92.43622517810792
DEMO-G03-1C-0003,10.376577119669214,95.99434035073499
DEMO-G03-1C-0003,10.415084951632359,99.89747477958716
DEMO-G03-1C-0003,10.453592783595507,104.10913880463802
DEMO-G03-1C-0003,10.492100615558654,108.5889813890304
DEMO-G03-1C-0003,10.5306084475218,113.29308461386263
DEMO-G03-1C-0003,10.569116279484946,118.17432301526304
DEMO-G03-1C-0003,10.607624111448093,123.18278519921171
DEMO-G03-1C-0003,10.64613194341124,128.26625350575833
DEMO-G03-1C-0003,10.684639775374386,133.37073583192853
DEMO-G03-1C-0003,10.723147607337532,138.4410421267215
DEMO-G03-1C-0003,10.761655439300679,143.42139661026275
DEMO-G03-1C-0003,10.800163271263825,148.25607551034733
DEMO-G03-1C-0003,10.838671103226972,152.89005911593873
DEMO-G03-1C-0003,10.877178935190118,157.2696862725738
DEMO-G03-1C-0003,10.915686767153264,161.34329912981823
DEMO-G03-1C-0003,10.954194599116413,165.06186602029337
DEMO-G03-1C-0003,10.992702431079557,168.37957080953663
DEMO-G03-1C-0003,11.031210263042706,171.25435789267505
DEMO-G03-1C-0003,11.06971809500585,173.64842319527986
DEMO-G03-1C-0003,11.108225926968998,175.52864301254948
DEMO-G03-1C-0003,11.146733758932143,176.86693422943088
DEMO-G03-1C-0003,11.185241590895291,177.64054133096403
DEMO-G03-1C-0003,11.223749422858436,177.83224755760085
DEMO-G03-1C-0003,11.262257254821584,177.43050950473804
DEMO-G03-1C-0003,11.300765086784729,176.42951633307422
DEMO-G03-1C-0003,11.339272918747877,174.82917647874382
DEMO-G03-1C-0003,11.377780750711022,172.63503627284356
DEMO-G03-1C-0003,11.41628858267417,169.85813615590666
DEMO-G03-1C-0003,11.454796414637316,166.51481117595807
DEMO-G03-1C-0003,11.493304246600463,162.6264431755318
DEMO-G03-1C-0003,11.53181207856361,158.21917250434737
DEMO-G03-1C-0003,11.570319910526756,153.32357725312903
DEMO-G03-1C-0003,11.608827742489902,147.97432791359876
DEMO-G03-1C-0003,11.647335574453049,142.20982506072028
DEMO-G03-1C-0003,11.685843406416195,136.07182716160034
DEMO-G03-1C-0003,11.724351238379342,129.60507497892317
DEMO-G03-1C-0003,11.762859070342488,122.85691829385667
DEMO-G03-1C-0003,11.801366902305634,115.87694986008076
DEMO-G03-1C-0003,11.839874734268781,108.71665065020264
DEMO-G03-1C-0003,11.878382566231927,101.42904959714137
DEMO-G03-1C-0003,11.916890398195076,94.06840019004245
DEMO-G03-1C-0003,11.95539823015822,86.68987547619739
DEMO-G03-1C-0003,11.993906062121368,79.3492822615787
DEMO-G03-1C-0003,12.032413894084513,72.10279460323679
DEMO-G03-1C-0003,12.070921726047661,65.00670605343598
DEMO-G03-1C-0003,12.109429558010806,58.11719955181114
DEMO-G03-1C-0003,12.147937389973954,51.49013336953611
DEMO-G03-1C-0003,12.186445221937099,45.180841088950814
DEMO-G03-1C-0003,12.224953053900247,39.243943252587016
DEMO-G03-1C-0003,12.263460885863392,33.73316803693528
DEMO-G03-1C-0003,12.30196871782654,28.7011780978931
DEMO-G03-1C-0003,12.340476549789685,24.199400597273648
DEMO-G03-1C-0003,12.378984381752833,20.277857353719813
DEMO-G03-1C-0003,12.41749221371598,16.984992068620464
DEMO-G03-1C-0003,12.456000045679126,14.367491660112563
DEMO-G03-1C-0003,12.494507877642272,12.470098898542696
DEMO-G03-1C-0003,12.533015709605419,11.335413777010649
DEMO-G03-1C-0003,12.571523541568565,11.003681372990926
DEMO-G03-1C-0003,12.610031373531712,11.512564362653906
DEMO-G03-1C-0003,12.648539205494858,12.896898838524715
DEMO-G03-1C-0003,12.687047037458004,15.188432652097635
DEMO-G03-1C-0003,12.72555486942115,18.415546152661157
DEMO-G03-1C-0003,12.764062701384297,22.602955916417358
DEMO-G03-1C-0003,12.802570533347444,27.771402847913823
DEMO-G03-1C-0003,12.84107836531059,33.93732687812434
DEMO-G03-1C-0003,12.879586197273737,41.11253136631285
DEMO-G03-1C-0003,12.918094029236883,49.30384121912844
DEMO-G03-1C-0003,12.956601861200031,58.51275964990565
DEMO-G03-1C-0003,12.995109693163176,68.73512939015657
DEMO-G03-1C-0003,13.033617525126324,79.9608050072005
DEMO-G03-1C-0003,13.072125357089469,92.17334374678498
DEMO-G03-1C-0003,13.110633189052617,105.34972297576648
DEMO-G03-1C-0003,13.149141021015762,119.4600928135873
DEMO-G03-1C-0003,13.18764885297891,134.4675728784005
DEMO-G03-1C-0003,13.226156684942055,150.32810220089272
DEMO-G03-1C-0003,13.264664516905203,166.990351245193
DEMO-G03-1C-0003,13.303172348868348,184.39570459496326
DEMO-G03-1C-0003,13.341680180831496,202.4783221936243
DEMO-G03-1C-0003,13.38018801279464,221.16528605813846
DEMO-G03-1C-0003,13.418695844757789,240.37683811468253
DEMO-G03-1C-0003,13.457203676720933,260.02671324132115
DEMO-G03-1C-0003,13.495711508684082,280.02256977199556
DEMO-G03-1C-0003,13.534219340647226,300.26651765453505
DEMO-G03-1C-0003,13.572727172610374,320.6557422156146
DEMO-G03-1C-0003,13.611235004573519,341.08321913163326
DEMO-G03-1C-0003,13.649742836536667,361.43851381319035
DEMO-G03-1C-0003,13.688250668499816,381.60865606612157
DEMO-G03-1C-0003,13.72675850046296,401.4790786832218
DEMO-G03-1C-0003,13.765266332426108,420.934606637553
DEMO-G03-1C-0003,13.803774164389253,439.8604818752995
DEMO-G03-1C-0003,13.842281996352401,458.14340741965196
DEMO-G03-1C-0003,13.880789828315546,475.67259365851993
DEMO-G03-1C-0003,13.919297660278694,492.34078934269087
DEMO-G03-1C-0003,13.957805492241839,508.04527998929905
DEMO-G03-1C-0003,13.996313324204987,522.6888370695098
DEMO-G03-1C-0003,14.034821156168132,536.1806025352569
DEMO-G03-1C-0003,14.07332898813128,548.436894863418
DEMO-G03-1C-0003,14.111836820094425,559.3819248019067
DEMO-G03-1C-0003,14.150344652057573,568.9484113103675
DEMO-G03-1C-0003,14.188852484020718,577.0780907065832
DEMO-G03-1C-0003,14.227360315983866,583.7221146600217
DEMO-G03-1C-0003,14.26586814794701,588.8413353174137
DEMO-G03-1C-0003,14.304375979910159,592.4064784070011
DEMO-G03-1C-0003,14.342883811873303,594.398207562478
DEMO-G03-1C-0003,14.381391643836452,594.8070852614599
DEMO-G03-1C-0003,14.419899475799596,593.6334376287772
DEMO-G03-1C-0003,14.458407307762744,590.8871318709902
DEMO-G03-1C-0003,14.496915139725889,586.587276261721
DEMO-G03-1C-0003,14.535422971689037,580.7618533807821
DEMO-G03-1C-0003,14.573930803652182,573.4472977318962
DEMO-G03-1C-0003,14.61243863561533,564.6880289456107
DEMO-G03-1C-0003,14.650946467578478,554.5359515474727
DEMO-G03-1C-0003,14.689454299541623,543.0499317762913
DEMO-G03-1C-0003,14.727962131504771,530.2952612175825
DEMO-G03-1C-0003,14.766469963467916,516.3431161195417
DEMO-G03-1C-0003,14.804977795431064,501.2700202292139
DEMO-G03-1C-0003,14.843485627394209,485.1573178692729
DEMO-G03-1C-0003,14.881993459357357,468.0906628108491
DEMO-G03-1C-0003,14.920501291320502,450.15952732151817
DEMO-G03-1C-0003,14.95900912328365,431.4567346095736
DEMO-G03-1C-0003,14.997516955246795,412.0780167714418
DEMO-G03-1C-0003,15.036024787209943,392.1215992976903
DEMO-G03-1C-0003,15.074532619173088,371.6878122194484
DEMO-G03-1C-0003,15.113040451136236,350.8787270906794
DEMO-G03-1C-0003,15.15154828309938,329.797818209811
DEMO-G03-1C-0003,15.190056115062529,308.5496457894086
DEMO-G03-1C-0003,15.228563947025673,287.23955818682197
DEMO-G03-1C-0003,15.267071778988822,265.97340981119345
DEMO-G03-1C-0003,15.305579610951966,244.8572909226064
DEMO-G03-1C-0003,15.344087442915114,223.99726523526107
DEMO-G03-1C-0003,15.382595274878259,203.4991110281723
DEMO-G03-1C-0003,15.421103106841407,183.46806135247076
DEMO-G03-1C-0003,15.459610938804552,164.0085389044562
DEMO-G03-1C-0003,15.4981187707677,145.22388120826866
DEMO-G03-1C-0003,15.536626602730845,127.21605192312732
DEMO-G03-1C-0003,15.575134434693993,110.08533435874058
DEMO-G03-1C-0003,15.613642266657141,93.93000365137222
DEMO-G03-1C-0003,15.652150098620286,78.84597452328231
DEMO-G03-1C-0003,15.690657930583434,64.92642212191431
DEMO-G03-1C-0003,15.729165762546579,52.26137411214184
DEMO-G03-1C-0003,15.767673594509727,40.93727297412527
DEMO-G03-1C-0003,15.806181426472872,31.036508337675258
DEMO-G03-1C-0003,15.84468925843602,22.636920155284386
DEMO-G03-1C-0003,15.883197090399165,15.81127457129655
DEMO-G03-1C-0003,15.921704922362313,10.626715470668143
DEMO-G03-1C-0003,15.960212754325457,7.144195870610978
DEMO-G03-1C-0003,15.998720586288606,5.417894529908987
DEMO-G03-1C-0003,16.03722841825175,5.494624367630894
DEMO-G03-1C-0003,16.0757362502149,7.413240473786919
DEMO-G03-1C-0003,16.114244082178043,11.20405662371239
DEMO-G03-1C-0003,16.15275191414119,16.888280236036863
DEMO-G03-1C-0003,16.191259746104336,24.477476598779415
DEMO-G03-1C-0003,16.229767578067484,33.973073885614376
DEMO-G03-1C-0003,16.26827541003063,45.36592095107958
DEMO-G03-1C-0003,16.306783241993777,58.63591008798035
DEMO-G03-1C-0003,16.345291073956922,73.75167681552512
DEMO-G03-1C-0003,16.38379890592007,90.6703883125723
DEMO-G03-1C-0003,16.422306737883215,109.33763129583218
DEMO-G03-1C-0003,16.460814569846363,129.68740895862123
DEMO-G03-1C-0003,16.499322401809508,151.64225503578197
DEMO-G03-1C-0003,16.537830233772656,175.1134711639516
DEMO-G03-1C-0003,16.5763380657358,200.0014914981912
DEMO-G03-1C-0003,16.61484589769895,226.19637607696896
DEMO-G03-1C-0003,16.653353729662097,253.57843176286664
DEMO-G03-1C-0003,16.69186156162524,282.01895680497296
DEMO-G03-1C-0003,16.73036939358839,311.3811022588831
DEMO-G03-1C-0003,16.768877225551535,341.5208407567516
DEMO-G03-1C-0003,16.807385057514683,372.2880305399456
DEMO-G03-1C-0003,16.845892889477827,403.5275603447015
DEMO-G03-1C-0003,16.884400721440976,435.0805587542106
DEMO-G03-1C-0003,16.92290855340412,466.78565007287324
DEMO-G03-1C-0003,16.96141638536727,498.48023769993074
DEMO-G03-1C-0003,16.999924217330413,530.0017954188389
DEMO-G03-1C-0003,17.03843204929356,561.1891469948008
DEMO-G03-1C-0003,17.076939881256706,591.8837149809673
DEMO-G03-1C-0003,17.115447713219854,621.93072064916
DEMO-G03-1C-0003,17.153955545183,651.180318436736
DEMO-G03-1C-0003,17.192463377146147,679.4886501752873
DEMO-G03-1C-0003,17.230971209109292,706.718806561523
DEMO-G03-1C-0003,17.26947904107244,732.7416857605178
DEMO-G03-1C-0003,17.307986873035585,757.4367416051007
DEMO-G03-1C-0003,17.346494704998733,780.6926164814834
DEMO-G03-1C-0003,17.385002536961878,802.4076565831892
DEMO-G03-1C-0003,17.423510368925026,822.4903096931558
DEMO-G03-1C-0003,17.46201820088817,840.8594079488673
DEMO-G03-1C-0003,17.50052603285132,857.4443401013644
DEMO-G03-1C-0003,17.539033864814463,872.1851195533952
DEMO-G03-1C-0003,17.57754169677761,885.0323559274299
DEMO-G03-1C-0003,17.61604952874076,895.947139056096
DEMO-G03-1C-0003,17.654557360703905,904.9008451048842
DEMO-G03-1C-0003,17.693065192667053,911.8748750393821
DEMO-G03-1C-0003,17.731573024630197,916.8603358563105
DEMO-G03-1C-0003,17.770080856593346,919.857674935492
DEMO-G03-1C-0003,17.80858868855649,920.8762775702692
DEMO-G03-1C-0003,17.84709652051964,919.9340372317556
DEMO-G03-1C-0003,17.885604352482783,917.056907453393
DEMO-G03-1C-0003,17.92411218444593,912.2784434227453
DEMO-G03-1C-0003,17.962620016409076,905.6393404714319
DEMO-G03-1C-0003,18.001127848372224,897.1869756936437
DEMO-G03-1C-0003,18.03963568033537,886.9749579274217
DEMO-G03-1C-0003,18.078143512298517,875.0626903262154
DEMO-G03-1C-0003,18.116651344261662,861.5149487529889
DEMO-G03-1C-0003,18.15515917622481,846.4014782631527
DEMO-G03-1C-0003,18.193667008187955,829.7966090210106
DEMO-G03-1C-0003,18.232174840151103,811.7788921289211
DEMO-G03-1C-0003,18.270682672114248,792.4307550481544
DEMO-G03-1C-0003,18.309190504077396,771.8381755625799
DEMO-G03-1C-0003,18.34769833604054,750.0903725862665
DEMO-G03-1C-0003,18.38620616800369,727.2795115475417
DEMO-G03-1C-0003,18.424713999966833,703.5004215984675
DEMO-G03-1C-0003,18.46322183192998,678.8503215019822
DEMO-G03-1C-0003,18.501729663893126,653.4285507416774
DEMO-G03-1C-0003,18.540237495856275,627.3363021826848
DEMO-G03-1C-0003,18.578745327819423,600.6763524885635
DEMO-G03-1C-0003,18.617253159782567,573.5527864699683
DEMO-G03-1C-0003,18.655760991745716,546.0707116078885
DEMO-G03-1C-0003,18.69426882370886,518.3359591589601
DEMO-G03-1C-0003,18.73277665567201,490.45476851379436
DEMO-G03-1C-0003,18.771284487635153,462.5334518419864
DEMO-G03-1C-0003,18.8097923195983,434.6780365190109
DEMO-G03-1C-0003,18.848300151561446,406.9938833890011
DEMO-G03-1C-0003,18.886807983524594,379.5852795698256
DEMO-G03-1C-0003,18.92531581548774,352.555005247771
DEMO-G03-1C-0003,18.963823647450887,326.0038747299974
DEMO-G03-1C-0003,19.002331479414032,300.03025291353134
DEMO-G03-1C-0003,19.04083931137718,274.72954927477974
DEMO-G03-1C-0003,19.079347143340325,250.19369246692224
DEMO-G03-1C-0003,19.117854975303473,226.51058961171475
DEMO-G03-1C-0003,19.156362807266618,203.7635753638161
DEMO-G03-1C-0003,19.194870639229766,182.0308567810965
DEMO-G03-1C-0003,19.23337847119291,161.38496092414005
DEMO-G03-1C-0003,19.27188630315606,141.892192899615
DEMO-G03-1C-0003,19.310394135119203,123.61211272351873
DEMO-G03-1C-0003,19.34890196708235,106.5970398787523
DEMO-G03-1C-0003,19.387409799045496,90.89159474767303
DEMO-G03-1C-0003,19.425917631008645,76.5322861874775
DEMO-G03-1C-0003,19.46442546297179,63.54715436374258
DEMO-G03-1C-0003,19.502933294934937,51.955477550620515
DEMO-G03-1C-0003,19.541441126898082,41.767550939404444
DEMO-G03-1C-0003,19.57994895886123,32.984544573238956
DEMO-G03-1C-0003,19.61845679082438,25.59844635838224
DEMO-G03-1C-0003,19.656964622787523,19.59209471472008
DEMO-G03-1C-0003,19.69547245475067,14.939303853787155
DEMO-G03-1C-0003,19.733980286713816,11.605082953758187
DEMO-G03-1C-0003,19.772488118676964,9.545948687592611
DEMO-G03-1C-0003,19.81099595064011,8.710328708468754
DEMO-G03-1C-0003,19.849503782603257,9.039051864537692
DEMO-G03-1C-0003,19.888011614566402,10.465919162366317
DEMO-G03-1C-0003,19.92651944652955,12.9183478824954
DEMO-G03-1C-0003,19.965027278492695,16.318079823742124
DEMO-G03-1C-0003,20.003535110455843,20.581943460447686
DEMO-G03-1C-0003,20.042042942418988,25.622658874525317
DEMO-G03-1C-0003,20.080550774382136,31.349673696903974
DEMO-G03-1C-0003,20.11905860634528,37.670017973674966
DEMO-G03-1C-0003,20.15756643830843,44.489165862069854
DEMO-G03-1C-0003,20.196074270271573,51.711892349309394
DEMO-G03-1C-0003,20.23458210223472,59.24311375199896
DEMO-G03-1C-0003,20.273089934197866,66.98870156413614
DEMO-G03-1C-0003,20.311597766161015,74.85626023995425
DEMO-G03-1C-0003,20.35010559812416,82.75586068014778
DEMO-G03-1C-0003,20.388613430087307,90.60072249038117
DEMO-G03-1C-0003,20.427121262050452,98.30783945199889
DEMO-G03-1C-0003,20.4656290940136,105.79854404089089
DEMO-G03-1C-0003,20.504136925976745,112.99900820846742
DEMO-G03-1C-0003,20.542644757939893,119.8406789605218
DEMO-G03-1C-0003,20.58115258990304,126.26064850239959
DEMO-G03-1C-0003,20.619660421866186,132.2019598359029
DEMO-G03-1C-0003,20.658168253829334,137.61384967449547
DEMO-G03-1C-0003,20.69667608579248,142.45193137504836
DEMO-G03-1C-0003,20.735183917755627,146.6783212590108
DEMO-G03-1C-0003,20.773691749718772,150.26171221153072
DEMO-G03-1C-0003,20.81219958168192,153.17739880671132
DEMO-G03-1C-0003,20.850707413645065,155.40725841764166
DEMO-G03-1C-0003,20.889215245608213,156.93969284172266
DEMO-G03-1C-0003,20.927723077571358,157.76953491750973
DEMO-G03-1C-0003,20.966230909534506,157.89792444352702
DEMO-G03-1C-0003,21.00473874149765,157.33215744775424
DEMO-G03-1C-0003,21.0432465734608,156.08551251470706
DEMO-G03-1C-0003,21.081754405423943,154.17705747153778
DEMO-G03-1C-0003,21.12026223738709,151.63143928098074
DEMO-G03-1C-0003,21.158770069350236,148.47865950277927
DEMO-G03-1C-0003,21.197277901313385,144.7538371809677
DEMO-G03-1C-0003,21.23578573327653,140.4969605059528
DEMO-G03-1C-0003,21.274293565239677,135.75262810077103
DEMO-G03-1C-0003,21.312801397202826,130.5697803024769
DEMO-G03-1C-0003,21.35130922916597,125.00142036363629
DEMO-G03-1C-0003,21.38981706112912,119.10432509615234
DEMO-G03-1C-0003,21.428324893092263,112.93874412977965
DEMO-G03-1C-0003,21.46683272505541,106.5680866698616
DEMO-G03-1C-0003,21.505340557018556,100.05859442114988
DEMO-G03-1C-0003,21.543848388981704,93.47899920429622
DEMO-G03-1C-0003,21.58235622094485,86.90016373513187
DEMO-G03-1C-0003,21.620864052907997,80.39470406905555
DEMO-G03-1C-0003,21.659371884871142,74.03659233780938
DEMO-G03-1C-0003,21.69787971683429,67.90073862572761
DEMO-G03-1C-0003,21.736387548797435,62.06255114788605
DEMO-G03-1C-0003,21.774895380760583,56.597474302005885
DEMO-G03-1C-0003,21.813403212723728,51.580504665924444
DEMO-G03-1C-0003,21.851911044686876,47.08568559681589
DEMO-G03-1C-0003,21.89041887665002,43.18558174844309
DEMO-G03-1C-0003,21.92892670861317,39.950735546891686
DEMO-G03-1C-0003,21.967434540576313,37.449108439043265
DEMO-G03-1C-0003,22.00594237253946,35.745510533761774
DEMO-G03-1C-0003,22.04445020450261,34.9010230731649
DEMO-G03-1C-0003,22.082958036465755,34.972418977155485
DEMO-G03-1C-0003,22.121465868428903,36.01158747330768
DEMO-G03-1C-0003,22.159973700392047,38.06496952915107
DEMO-G03-1C-0003,22.198481532355196,41.17301141676959
DEMO-G03-1C-0003,22.23698936431834,45.36964423241179
DEMO-G03-1C-0003,22.27549719628149,50.68179753934987
DEMO-G03-1C-0003,22.314005028244633,57.12895547578946
DEMO-G03-1C-0003,22.35251286020778,64.72276364976958
DEMO-G03-1C-0003,22.391020692170926,73.46669491319227
DEMO-G03-1C-0003,22.429528524134074,83.35578165682762
DEMO-G03-1C-0003,22.46803635609722,94.37642159355947
DEMO-G03-1C-0003,22.506544188060367,106.50626310290619
DEMO-G03-1C-0003,22.545052020023512,119.71417510820697
DEMO-G03-1C-0003,22.58355985198666,133.96030517027802
DEMO-G03-1C-0003,22.622067683949805,149.19622803691567
DEMO-G03-1C-0003,22.660575515912953,165.36518532331246
DEMO-G03-1C-0003,22.699083347876098,182.40241535713156
DEMO-G03-1C-0003,22.737591179839246,200.2355705516423
DEMO-G03-1C-0003,22.77609901180239,218.78521802116737
DEMO-G03-1C-0003,22.81460684376554,237.96541757656033
DEMO-G03-1C-0003,22.853114675728683,257.6843697837122
DEMO-G03-1C-0003,22.89162250769183,277.84512548113014
DEMO-G03-1C-0003,22.930130339654976,298.34634707276007
DEMO-G03-1C-0003,22.968638171618124,319.0831110718249
DEMO-G03-1C-0003,23.007146003581273,339.9477407928912
DEMO-G03-1C-0003,23.045653835544417,360.83065778628367
DEMO-G03-1C-0003,23.084161667507566,381.62124058287486
DEMO-G03-1C-0003,23.12266949947071,402.20867956166103
DEMO-G03-1C-0003,23.16117733143386,422.48281724923993
DEMO-G03-1C-0003,23.199685163397003,442.33496408452834
DEMO-G03-1C-0003,23.23819299536015,461.65868060106845
DEMO-G03-1C-0003,23.276700827323296,480.3505180555638
DEMO-G03-1C-0003,23.315208659286444,498.3107107245876
DEMO-G03-1C-0003,23.35371649124959,515.4438143589625
DEMO-G03-1C-0003,23.392224323212737,531.6592865865402
DEMO-G03-1C-0003,23.430732155175882,546.8720063488496
DEMO-G03-1C-0003,23.46923998713903,561.0027307101244
DEMO-G03-1C-0003,23.507747819102175,573.9784885569436
DEMO-G03-1C-0003,23.546255651065323,585.73291178762
DEMO-G03-1C-0003,23.584763483028468,596.2065055518101
DEMO-G03-1C-0003,23.623271314991616,605.3468599290344
DEMO-G03-1C-0003,23.66177914695476,613.1088061204644
DEMO-G03-1C-0003,23.70028697891791,619.4545207684522
DEMO-G03-1C-0003,23.738794810881053,624.353582413924
DEMO-G03-1C-0003,23.7773026428442,627.7829843579926
DEMO-G03-1C-0003,23.815810474807346,629.7271083195254
DEMO-G03-1C-0003,23.854318306770494,630.1776632854362
DEMO-G03-1C-0003,23.89282613873364,629.1335938479303
DEMO-G03-1C-0003,23.931333970696787,626.6009621261182
DEMO-G03-1C-0003,23.969841802659932,622.5928070922204
DEMO-G03-1C-0003,24.00834963462308,617.1289847792294
DEMO-G03-1C-0003,24.04685746658623,610.2359924503837
DEMO-G03-1C-0003,24.085365298549373,601.9467793744492
DEMO-G03-1C-0003,24.12387313051252,592.3005463863562
DEMO-G03-1C-0003,24.162380962475666,581.3425359313651
DEMO-G03-1C-0003,24.200888794438814,569.123813803243
DEMO-G03-1C-0003,24.23939662640196,555.7010433020903
DEMO-G03-1C-0003,24.277904458365107,541.136252064643
DEMO-G03-1C-0003,24.316412290328252,525.496591367597
DEMO-G03-1C-0003,24.3549201222914,508.8540872802323
DEMO-G03-1C-0003,24.393427954254545,491.28538265516204
DEMO-G03-1C-0003,24.431935786217693,472.87146860167655
DEMO-G03-1C-0003,24.470443618180838,453.6974037940227
DEMO-G03-1C-0003,24.508951450143986,433.8520197330806
DEMO-G03-1C-0003,24.54745928210713,413.4276099126772
DEMO-G03-1C-0003,24.58596711407028,392.5196007477779
DEMO-G03-1C-0003,24.624474946033423,371.22620210797584
DEMO-G03-1C-0003,24.66298277799657,349.6480353717133
DEMO-G03-1C-0003,24.701490609959716,327.8877370804091
DEMO-G03-1C-0003,24.739998441922864,306.0495365298152
DEMO-G03-1C-0003,24.77850627388601,284.2388059917996
DEMO-G03-1C-0003,24.817014105849157,262.5615827127906
DEMO-G03-1C-0003,24.855521937812302,241.1240623833687
DEMO-G03-1C-0003,24.89402976977545,220.0320644116822
DEMO-G03-1C-0003,24.932537601738595,199.39047005387633
DEMO-G03-1C-0003,24.971045433701743,179.30263524553678
DEMO-G03-1C-0003,25.00955326566489,159.86978082468227
DEMO-G03-1C-0003,25.048061097628036,141.19036372069564
DEMO-G03-1C-0003,25.086568929591184,123.35943358303523
DEMO-G03-1C-0003,25.12507676155433,106.46798021379215
DEMO-G03-1C-0003,25.163584593517477,90.6022780221284
DEMO-G03-1C-0003,25.202092425480622,75.84323450725921
DEMO-G03-1C-0003,25.24060025744377,62.26575047023082
DEMO-G03-1C-0003,25.279108089406915,49.938100223490764
DEMO-G03-1C-0003,25.317615921370063,38.921340482917174
DEMO-G03-1C-0003,25.356123753333208,29.268756864356504
DEMO-G03-1C-0003,25.394631585296356,21.02535694375851
DEMO-G03-1C-0003,25.4331394172595,14.227418660998124
DEMO-G03-1C-0003,25.47164724922265,8.902102442327188
DEMO-G03-1C-0003,25.510155081185793,5.067134782844517
DEMO-G03-1C-0003,25.54866291314894,2.730570173998488
DEMO-G03-1C-0003,25.587170745112086,1.8906371960179726
DEMO-G03-1C-0003,25.625678577075234,2.535673343398326
DEMO-G03-1C-0003,25.66418640903838,4.644151743346668
DEMO-G03-1C-0003,25.702694241001527,8.184801399115587
DEMO-G03-1C-0003,25.741202072964672,13.116820984849701
DEMO-G03-1C-0003,25.77970990492782,19.3901845821701
DEMO-G03-1C-0003,25.818217736890965,26.946036129433686
DEMO-G03-1C-0003,25.856725568854113,35.717167800571175
DEMO-G03-1C-0003,25.895233400817258,45.62857608769205
DEMO-G03-1C-0003,25.933741232780406,56.59808807226512
DEMO-G03-1C-0003,25.972249064743554,68.53704926951559
DEMO-G03-1C-0003,26.0107568967067,81.35106354888788
DEMO-G03-1C-0003,26.049264728669847,94.9407749900702
DEMO-G03-1C-0003,26.08777256063299,109.20268114067105
DEMO-G03-1C-0003,26.12628039259614,124.02996700074675
DEMO-G03-1C-0003,26.164788224559285,139.31334916376775
DEMO-G03-1C-0003,26.203296056522433,154.94191987909107
DEMO-G03-1C-0003,26.241803888485578,170.80398134515946
DEMO-G03-1C-0003,26.280311720448726,186.78786126809865
DEMO-G03-1C-0003,26.31881955241187,202.782701594773
DEMO-G03-1C-0003,26.35732738437502,218.67921331818806
DEMO-G03-1C-0003,26.395835216338163,234.37039132024242
DEMO-G03-1C-0003,26.43434304830131,249.75218432689252
DEMO-G03-1C-0003,26.472850880264456,264.72411616955003
DEMO-G03-1C-0003,26.511358712227604,279.1898556431541
DEMO-G03-1C-0003,26.54986654419075,293.0577332980257
DEMO-G03-1C-0003,26.588374376153897,306.2412044759573
DEMO-G03-1C-0003,26.626882208117042,318.65925878256115
DEMO-G03-1C-0003,26.66539004008019,330.2367769632601
DEMO-G03-1C-0003,26.703897872043335,340.9048368100644
DEMO-G03-1C-0003,26.742405704006483,350.600970265534
DEMO-G03-1C-0003,26.780913535969628,359.2693743073567
DEMO-G03-1C-0003,26.819421367932776,366.8610784944809
DEMO-G03-1C-0003,26.85792919989592,373.3340722383824
DEMO-G03-1C-0003,26.89643703185907,378.65339493864303
DEMO-G03-1C-0003,26.934944863822214,382.7911920992281
DEMO-G03-1C-0003,26.97345269578536,385.72674043176784
DEMO-G03-1C-0003,27.01196052774851,387.4464447654966
DEMO-G03-1C-0003,27.050468359711655,387.9438093323115
DEMO-G03-1C-0003,27.088976191674803,387.2193856913459
DEMO-G03-1C-0003,27.127484023637948,385.28069921233066
DEMO-G03-1C-0003,27.165991855601096,382.1421556620942
DEMO-G03-1C-0003,27.20449968756424,377.82492904503465
DEMO-G03-1C-0003,27.24300751952739,372.35683144671293
DEMO-G03-1C-0003,27.281515351490533,365.77216523000277
DEMO-G03-1C-0003,27.32002318345368,358.11155754539743
DEMO-G03-1C-0003,27.358531015416826,349.42177675009617
DEMO-G03-1C-0003,27.397038847379974,339.755529993631
DEMO-G03-1C-0003,27.43554667934312,329.17124092967686
DEMO-G03-1C-0003,27.474054511306267,317.7328062623582
DEMO-G03-1C-0003,27.512562343269412,305.50932963947855
DEMO-G03-1C-0003,27.55107017523256,292.5748312714826
DEMO-G03-1C-0003,27.589578007195705,279.0079315916316
DEMO-G03-1C-0003,27.628085839158853,264.8915072855557
DEMO-G03-1C-0003,27.666593671121998,250.31231811325551
DEMO-G03-1C-0003,27.705101503085146,235.36060312793015
DEMO-G03-1C-0003,27.74360933504829,220.12964516702135
DEMO-G03-1C-0003,27.78211716701144,204.71530285287093
DEMO-G03-1C-0003,27.820624998974584,189.2155097927856
DEMO-G03-1C-0003,27.85913283093773,173.72974120804358
DEMO-G03-1C-0003,27.897640662900876,158.3584488425755
DEMO-G03-1C-0003,27.936148494864025,143.20246569614875
DEMO-G03-1C-0003,27.974656326827173,128.3623828820554
DEMO-G03-1C-0003,28.013164158790318,113.93790171031529
DEMO-G03-1C-0003,28.051671990753466,100.02716492626361
DEMO-G03-1C-0003,28.09017982271661,86.72607187017691
DEMO-G03-1C-0003,28.12868765467976,74.12758314207039
DEMO-G03-1C-0003,28.167195486642903,62.32102113209678
DEMO-G03-1C-0003,28.20570331860605,51.39137348363343
DEMO-G03-1C-0003,28.244211150569196,41.418607166095434
DEMO-G03-1C-0003,28.282718982532344,32.477001321143575
DEMO-G03-1C-0003,28.32122681449549,24.634507384466136
DEMO-G03-1C-0003,28.359734646458637,17.952145153593246
DEMO-G03-1C-0003,28.398242478421782,12.483443452850521
DEMO-G03-1C-0003,28.43675031038493,8.2739338265134
DEMO-G03-1C-0003,28.475258142348075,5.360705264492364
DEMO-G03-1C-0003,28.513765974311223,3.7720273314266137
DEMO-G03-1C-0003,28.552273806274368,3.5270482377525183
DEMO-G03-1C-0003,28.590781638237516,4.635573375053312
DEMO-G03-1C-0003,28.62928947020066,7.097928659922273
DEMO-G03-1C-0003,28.66779730216381,10.904911719379431
DEMO-G03-1C-0003,28.706305134126954,16.037832540743704
DEMO-G03-1C-0003,28.7448129660901,22.468643738387765
DEMO-G03-1C-0003,28.783320798053246,30.160159100241938
DEMO-G03-1C-0003,28.821828630016395,39.066357610788224
DEMO-G03-1C-0003,28.86033646197954,49.13276874637217
DEMO-G03-1C-0003,28.898844293942688,60.29693354239789
DEMO-G03-1C-0003,28.937352125905836,72.4889347758448
DEMO-G03-1C-0003,28.97585995786898,85.6319886205885
DEMO-G03-1C-0003,29.01436778983213,99.64308934084005
DEMO-G03-1C-0003,29.052875621795273,114.4336980058421
DEMO-G03-1C-0003,29.09138345375842,129.9104658455845
DEMO-G03-1C-0003,29.129891285721566,145.97598272315463
DEMO-G03-1C-0003,29.168399117684714,162.52954126869554
DEMO-G03-1C-0003,29.20690694964786,179.46790748865808
DEMO-G03-1C-0003,29.245414781611007,196.68608911380682
DEMO-G03-1C-0003,29.283922613574152,214.07809355633995
DEMO-G03-1C-0003,29.3224304455373,231.53766808312244
DEMO-G03-1C-0003,29.360938277500445,248.9590156493677
DEMO-G03-1C-0003,29.399446109463593,266.2374807450323
DEMO-G03-1C-0003,29.437953941426738,283.27020055430313
DEMO-G03-1C-0003,29.476461773389886,299.9567176889559
DEMO-G03-1C-0003,29.51496960535303,316.1995517020062
DEMO-G03-1C-0003,29.55347743731618,331.9047274962109
DEMO-G03-1C-0003,29.591985269279323,346.982259591725
DEMO-G03-1C-0003,29.63049310124247,361.34659199274483
DEMO-G03-1C-0003,29.669000933205616,374.9169940814578
DEMO-G03-1C-0003,29.707508765168765,387.61791355956717
DEMO-G03-1C-0003,29.74601659713191,399.37928794841844
DEMO-G03-1C-0003,29.784524429095057,410.1368165453164
DEMO-G03-1C-0003,29.823032261058202,419.8321950167748
DEMO-G03-1C-0003,29.86154009302135,428.41331499247343
DEMO-G03-1C-0003,29.900047924984495,435.8344311112789
DEMO-G03-1C-0003,29.938555756947643,442.0562979695179
DEMO-G03-1C-0003,29.97706358891079,447.04627934027445
DEMO-G03-1C-0003,30.015571420873936,450.77843187867296
DEMO-G03-1C-0003,30.054079252837084,453.2335653123493
DEMO-G03-1C-0003,30.09258708480023,454.3992808477261
DEMO-G03-1C-0003,30.131094916763377,454.26998921168695
DEMO-G03-1C-0003,30.169602748726522,452.84690940459996
DEMO-G03-1C-0003,30.20811058068967,450.1380488747126
DEMO-G03-1C-0003,30.246618412652815,446.15816544520567
DEMO-G03-1C-0003,30.285126244615963,440.92871094386203
DEMO-G03-1C-0003,30.323634076579108,434.4777561107912
DEMO-G03-1C-0003,30.362141908542256,426.8398960016443
DEMO-G03-1C-0003,30.4006497405054,418.05613477143856
DEMO-G03-1C-0003,30.43915757246855,408.1737484270876
DEMO-G03-1C-0003,30.477665404431693,397.24612388381576
DEMO-G03-1C-0003,30.51617323639484,385.3325724606511
DEMO-G03-1C-0003,30.554681068357986,372.4981158120481
DEMO-G03-1C-0003,30.593188900321135,358.81324222367687
DEMO-G03-1C-0003,30.63169673228428,344.3536312086385
DEMO-G03-1C-0003,30.670204564247427,329.1998444316595
DEMO-G03-1C-0003,30.708712396210572,313.43698116853426
DEMO-G03-1C-0003,30.74722022817372,297.1542967802339
DEMO-G03-1C-0003,30.785728060136865,280.4447830470941
DEMO-G03-1C-0003,30.824235892100013,263.4047096682863
DEMO-G03-1C-0003,30.862743724063158,246.13312678274843
DEMO-G03-1C-0003,30.901251556026306,228.7313290037985
DEMO-G03-1C-0003,30.939759387989454,211.30228217282013
DEMO-G03-1C-0003,30.9782672199526,193.95001481520262
DEMO-G03-1C-0003,31.016775051915747,176.77897710973045
DEMO-G03-1C-0003,31.055282883878892,159.89337104210574
DEMO-G03-1C-0003,31.09379071584204,143.39645628366975
DEMO-G03-1C-0003,31.132298547805185,127.38983719354061
DEMO-G03-1C-0003,31.170806379768333,111.97273716123303
DEMO-G03-1C-0003,31.209314211731478,97.2412672604753
DEMO-G03-1C-0003,31.247822043694626,83.28769684612125
DEMO-G03-1C-0003,31.28632987565777,70.19973426904204
DEMO-G03-1C-0003,31.32483770762092,58.05982628354472
DEMO-G03-1C-0003,31.363345539584063,46.94448495713352
DEMO-G03-1C-0003,31.40185337154721,36.92365094533339
DEMO-G03-1C-0003,31.440361203510356,28.060101852906495
DEMO-G03-1C-0003,31.478869035473505,20.4089140597024
DEMO-G03-1C-0003,31.51737686743665,14.016985845315697
DEMO-G03-1C-0003,31.555884699399797,8.922628907811099
DEMO-G03-1C-0003,31.594392531362942,5.155234452176068
DEMO-G03-1C-0003,31.63290036332609,2.7350189439255432
DEMO-G03-1C-0003,31.671408195289235,1.6728534091950142
DEMO-G03-1C-0003,31.709916027252383,1.9701788460292244
DEMO-G03-1C-0003,31.748423859215528,3.6190089282299955
DEMO-G03-1C-0003,31.786931691178676,6.602019771065865
DEMO-G03-1C-0003,31.82543952314182,10.892725126706463
DEMO-G03-1C-0003,31.86394735510497,16.455734025026235
DEMO-G03-1C-0003,31.902455187068117,23.247086609078195
DEMO-G03-1C-0003,31.940963019031262,31.214662767114987
DEMO-G03-1C-0003,31.97947085099441,40.29865716288591
DEMO-G03-1C-0003,32.017978682957555,50.43211343559755
DEMO-G03-1C-0003,32.0564865149207,61.54150969668191
DEMO-G03-1C-0003,32.094994346883844,73.5473870014969
DEMO-G03-1C-0003,32.133502178846996,86.36501222320808
DEMO-G03-1C-0003,32.17201001081014,99.90506669895348
DEMO-G03-1C-0003,32.210517842773285,114.07435214549398
DEMO-G03-1C-0003,32.24902567473643,128.77650563706757
DEMO-G03-1C-0003,32.28753350669958,143.91271588336815
DEMO-G03-1C-0003,32.326041338662726,159.3824336168982
DEMO-G03-1C-0003,32.36454917062587,175.08406957244006
DEMO-G03-1C-0003,32.403057002589016,190.91567429004903
DEMO-G03-1C-0003,32.44156483455217,206.77559477195408
DEMO-G03-1C-0003,32.48007266651531,222.5631038467704
DEMO-G03-1C-0003,32.51858049847846,238.17899891880356
DEMO-G03-1C-0003,32.5570883304416,253.52616758379418
DEMO-G03-1C-0003,32.59559616240475,268.5101183571696
DEMO-G03-1C-0003,32.6341039943679,283.0394754704153
DEMO-G03-1C-0003,32.67261182633104,297.0264373330451
DEMO-G03-1C-0003,32.71111965829419,310.38719882198285
DEMO-G03-1C-0003,32.74962749025734,323.0423380406127
DEMO-G03-1C-0003,32.788135322220484,334.9171685819141
DEMO-G03-1C-0003,32.82664315418363,345.94205863271503
DEMO-G03-1C-0003,32.86515098614678,356.05271847031446
DEMO-G03-1C-0003,32.903658818109925,365.1904580305676
DEMO-G03-1C-0003,32.94216665007307,373.30241627306964
DEMO-G03-1C-0003,32.980674482036214,380.34176403927086
DEMO-G03-1C-0003,33.019182313999366,386.2678820005673
DEMO-G03-1C-0003,33.05769014596251,391.04651513240674
DEMO-G03-1C-0003,33.096197977925655,394.6499049360809
DEMO-G03-1C-0003,33.1347058098888,397.0569003700593
DEMO-G03-1C-0003,33.17321364185195,398.2530481568862
DEMO-G03-1C-0003,33.211721473815096,398.2306628086263
DEMO-G03-1C-0003,33.25022930577824,396.9888763732445
DEMO-G03-1C-0003,33.288737137741386,394.53366755543124
DEMO-G03-1C-0003,33.32724496970454,390.8778695181231
DEMO-G03-1C-0003,33.36575280166768,386.0411553348992
DEMO-G03-1C-0003,33.40426063363083,380.04999974853774
DEMO-G03-1C-0003,33.44276846559397,372.9376156070133
DEMO-G03-1C-0003,33.48127629755712,364.74386310500984
DEMO-G03-1C-0003,33.51978412952027,355.51512976625077
DEMO-G03-1C-0003,33.55829196148341,345.3041789687888
DEMO-G03-1C-0003,33.59679979344656,334.16996475101104
DEMO-G03-1C-0003,33.63530762540971,322.1774106481379
DEMO-G03-1C-0003,33.673815457372854,309.39715040518837
DEMO-G03-1C-0003,33.712323289336,295.9052285977142
DEMO-G03-1C-0003,33.75083112129914,281.7827594713813
DEMO-G03-1C-0003,33.789338953262295,267.11554268647984
DEMO-G03-1C-0003,33.82784678522544,251.99363512500622
DEMO-G03-1C-0003,33.866354617188584,236.51087848195425
DEMO-G03-1C-0003,33.904862449151736,220.7643830140209
DEMO-G03-1C-0003,33.94337028111488,204.85396854858297
DEMO-G03-1C-0003,33.981878113078025,188.8815646515443
DEMO-G03-1C-0003,34.02038594504117,172.95057269887724
DEMO-G03-1C-0003,34.05889377700432,157.16519347472507
DEMO-G03-1C-0003,34.097401608967466,141.6297248071177
DEMO-G03-1C-0003,34.13590944093061,126.44783462706741
DEMO-G03-1C-0003,34.174417272893756,111.72181567187698
DEMO-G03-1C-0003,34.21292510485691,97.55182882261285
DEMO-G03-1C-0003,34.25143293682005,84.03514274195771
DEMO-G03-1C-0003,34.2899407687832,71.26537803607687
DEMO-G03-1C-0003,34.32844860074634,59.33176457943513
DEMO-G03-1C-0003,34.36695643270949,48.318420893411535
DEMO-G03-1C-0003,34.40546426467264,38.30366454211833
DEMO-G03-1C-0003,34.44397209663578,29.359362390464824
DEMO-G03-1C-0003,34.48247992859893,21.55032925461627
DEMO-G03-1C-0003,34.52098776056208,14.933782964465626
DEMO-G03-1C-0003,34.559495592525224,9.558863159065377
DEMO-G03-1C-0003,34.59800342448837,5.466220262997875
DEMO-G03-1C-0003,34.63651125645151,2.6876800648337387
DEMO-G03-1C-0003,34.675019088414665,1.2459881637914607
DEMO-G03-1C-0003,34.71352692037781,1.1546372979098314
DEMO-G03-1C-0003,34.752034752340954,2.4177792505146285
DEMO-G03-1C-0003,34.7905425843041,5.030221687356771
DEMO-G03-1C-0003,34.82905041626725,8.977508941370646
DEMO-G03-1C-0003,34.867558248230395,14.236084471518108
DEMO-G03-1C-0003,34.90606608019354,20.773531510436342
DEMO-G03-1C-0003,34.94457391215669,28.548887313019318
DEMO-G03-1C-0003,34.983081744119836,37.513025450536205
DEMO-G03-1C-0003,35.02158957608298,47.60909978303811
DEMO-G03-1C-0003,35.060097408046126,58.773043101189444
DEMO-G03-1C-0003,35.09860524000928,70.93411296593891
DEMO-G03-1C-0003,35.13711307197242,84.01547699297039
DEMO-G03-1C-0003,35.17562090393557,97.93482972511615
DEMO-G03-1C-0003,35.21412873589871,112.60503330112803
DEMO-G03-1C-0003,35.25263656786186,127.93477435006406
DEMO-G03-1C-0003,35.29114439982501,143.82922989955642
DEMO-G03-1C-0003,35.32965223178815,160.1907355637123
DEMO-G03-1C-0003,35.3681600637513,176.91944984993376
DEMO-G03-1C-0003,35.40666789571445,193.91400907082243
DEMO-G03-1C-0003,35.445175727677594,211.07216804434788
DEMO-G03-1C-0003,35.48368355964074,228.29142249004659
DEMO-G03-1C-0003,35.52219139160388,245.46960976013327
DEMO-G03-1C-0003,35.560699223567035,262.5054852624473
DEMO-G03-1C-0003,35.59920705553018,279.29927262033254
DEMO-G03-1C-0003,35.637714887493324,295.75318625769273
DEMO-G03-1C-0003,35.67622271945647,311.7719256836757
DEMO-G03-1C-0003,35.71473055141962,327.26314127115717
DEMO-G03-1C-0003,35.753238383382765,342.13787176940184
DEMO-G03-1C-0003,35.79174621534591,356.3109541591481
DEMO-G03-1C-0003,35.83025404730906,369.7014067455989
DEMO-G03-1C-0003,35.868761879272206,382.2327865910628
DEMO-G03-1C-0003,35.90726971123535,393.83352251511855
DEMO-G03-1C-0003,35.945777543198496,404.43722493922286
DEMO-G03-1C-0003,35.98428537516165,413.98297382868935
DEMO-G03-1C-0003,36.02279320712479,422.4155858926196
DEMO-G03-1C-0003,36.06130103908794,429.6858620482809
DEMO-G03-1C-0003,36.09980887105108,435.75081594645127
DEMO-G03-1C-0003,36.13831670301423,440.57388409674127
DEMO-G03-1C-0003,36.17682453497738,444.12511783384247
DEMO-G03-1C-0003,36.21533236694052,446.3813570361012
DEMO-G03-1C-0003,36.25384019890367,447.32638515526975
DEMO-G03-1C-0003,36.29234803086682,446.9510647503133
DEMO-G03-1C-0003,36.330855862829964,445.2534523481949
DEMO-G03-1C-0003,36.36936369479311,442.23889109099764
DEMO-G03-1C-0003,36.40787152675625,437.9200792818839
DEMO-G03-1C-0003,36.446379358719405,432.3171126229924
DEMO-G03-1C-0003,36.48488719068255,425.45749765744887
DEMO-G03-1C-0003,36.523395022645694,417.3761336961075
DEMO-G03-1C-0003,36.56190285460884,408.1152603384588
DEMO-G03-1C-0003,36.60041068657199,397.7243675967087
DEMO-G03-1C-0003,36.638918518535135,386.2600656122399
DEMO-G03-1C-0003,36.67742635049828,373.7859110237222
DEMO-G03-1C-0003,36.715934182461424,360.3721872131397
DEMO-G03-1C-0003,36.754442014424576,346.0956359262132
DEMO-G03-1C-0003,36.79294984638772,331.03913814088116
DEMO-G03-1C-0003,36.831457678350866,315.2913425422131
DEMO-G03-1C-0003,36.86996551031402,298.94624055360555
DEMO-G03-1C-0003,36.90847334227716,282.1026875661895
DEMO-G03-1C-0003,36.94698117424031,264.86387079338476
DEMO-G03-1C-0003,36.98548900620345,247.33672504253096
DEMO-G03-1C-0003,37.0239968381666,229.63129862489666
DEMO-G03-1C-0003,37.06250467012975,211.86007259949142
DEMO-G03-1C-0003,37.10101250209289,194.13723754199165
DEMO-G03-1C-0003,37.13952033405604,176.57793302257514
DEMO-G03-1C-0003,37.17802816601919,159.2974559375593
DEMO-G03-1C-0003,37.216535997982334,142.4104447409017
DEMO-G03-1C-0003,37.25504382994548,126.03004743349742
DEMO-G03-1C-0003,37.29355166190862,110.26708186306989
DEMO-G03-1C-0003,37.33205949387177,95.22919743856515
DEMO-G03-1C-0003,37.37056732583492,81.02004774758078
DEMO-G03-1C-0003,37.409075157798064,67.73848376498596
DEMO-G03-1C-0003,37.44758298976121,55.47777734151858
DEMO-G03-1C-0003,37.48609082172435,44.32488445580588
DEMO-G03-1C-0003,37.524598653687505,34.35975730078403
DEMO-G03-1C-0003,37.56310648565065,25.654713662048895
DEMO-G03-1C-0003,37.601614317613794,18.273871243908417
DEMO-G03-1C-0003,37.64012214957694,12.272653628311826
DEMO-G03-1C-0003,37.67862998154009,7.69737343725601
DEMO-G03-1C-0003,37.717137813503236,4.58489704070468
DEMO-G03-1C-0003,37.75564564546638,2.962393843310645
DEMO-G03-1C-0003,37.79415347742953,2.847171830033812
DEMO-G03-1C-0003,37.83266130939268,4.246599690231802
DEMO-G03-1C-0003,37.87116914135582,7.158114508354078
DEMO-G03-1C-0003,37.909676973318966,11.569312741523605
DEMO-G03-1C-0003,37.94818480528212,17.45812103146898
DEMO-G03-1C-0003,37.98669263724526,24.793042347611845
DEMO-G03-1C-0003,38.02520046920841,33.53347205185963
DEMO-G03-1C-0003,38.06370830117155,43.63007773009174
DEMO-G03-1C-0003,38.102216133134704,55.02523606133229
DEMO-G03-1C-0003,38.14072396509785,67.65351959757702
DEMO-G03-1C-0003,38.17923179706099,81.44222610435584
DEMO-G03-1C-0003,38.21773962902414,96.31194305775952
DEMO-G03-1C-0003,38.25624746098729,112.17713999756789
DEMO-G03-1C-0003,38.294755292950434,128.9467816825233
DEMO-G03-1C-0003,38.33326312491358,146.52495536616618
DEMO-G03-1C-0003,38.37177095687672,164.81150598886785
DEMO-G03-1C-0003,38.410278788839875,183.70267364349536
DEMO-G03-1C-0003,38.44878662080302,203.09172829632078
DEMO-G03-1C-0003,38.487294452766164,222.86959741016446
DEMO-G03-1C-0003,38.52580228472931,242.9254828026845
DEMO-G03-1C-0003,38.56431011669246,263.14746375998413
DEMO-G03-1C-0003,38.602817948655606,283.4230840971942
DEMO-G03-1C-0003,38.64132578061875,303.6399214975375
DEMO-G03-1C-0003,38.679833612581895,323.68613805673544
DEMO-G03-1C-0003,38.71834144454505,343.45101149952546
DEMO-G03-1C-0003,38.75684927650819,362.82544701039456
DEMO-G03-1C-0003,38.795357108471336,381.7024700253792
DEMO-G03-1C-0003,38.83386494043449,399.9777006604201
DEMO-G03-1C-0003,38.87237277239763,417.5498107024757
DEMO-G03-1C-0003,38.91088060436078,434.32096426022355
DEMO-G03-1C-0003,38.94938843632392,450.1972432625028
DEMO-G03-1C-0003,38.987896268287074,465.089059006094
DEMO-G03-1C-0003,39.02640410025022,478.9115508924564
DEMO-G03-1C-0003,39.06491193221336,491.5849733595586
DEMO-G03-1C-0003,39.10341976417651,503.0350718141044
DEMO-G03-1C-0003,39.14192759613966,513.1934481073422
DEMO-G03-1C-0003,39.180435428102804,521.9979157794635
DEMO-G03-1C-0003,39.21894326006595,529.3928449315729
DEMO-G03-1C-0003,39.25745109202909,535.3294961770631
DEMO-G03-1C-0003,39.295958923992245,539.766342685249
DEMO-G03-1C-0003,39.33446675595539,542.6693788689626
DEMO-G03-1C-0003,39.372974587918534,544.0124137940463
DEMO-G03-1C-0003,39.41148241988168,543.7773469147796
DEMO-G03-1C-0003,39.44999025184483,541.9544232763315
DEMO-G03-1C-0003,39.488498083807976,538.5424648867215
DEMO-G03-1C-0003,39.52700591577112,533.5490745603173
DEMO-G03-1C-0003,39.565513747734265,526.9908081857328
DEMO-G03-1C-0003,39.60402157969742,518.8933110885449
DEMO-G03-1C-0003,39.64252941166056,509.2914139566092
DEMO-G03-1C-0003,39.681037243623706,498.2291836871926
DEMO-G03-1C-0003,39.71954507558685,485.7599245131993
DEMO-G03-1C-0003,39.75805290755,471.946124881575
DEMO-G03-1C-0003,39.79656073951315,456.85934579998246
DEMO-G03-1C-0003,39.83506857147629,440.580046744322
DEMO-G03-1C-0003,39.87357640343944,423.1973457337522
DEMO-G03-1C-0003,39.91208423540259,404.8087108304633
DEMO-G03-1C-0003,39.95059206736573,385.51958110533275
DEMO-G03-1C-0003,39.98909989932888,365.4429160179708
DEMO-G03-1C-0003,40.02760773129203,344.6986731778051
DEMO-G03-1C-0003,40.066115563255174,323.41321556357343
DEMO-G03-1C-0003,40.10462339521832,301.718650458465
DEMO-G03-1C-0003,40.14313122718146,279.7521035819521
DEMO-G03-1C-0003,40.181639059144615,257.6549331351654
DEMO-G03-1C-0003,40.22014689110776,235.5718896928483
DEMO-G03-1C-0003,40.258654723070904,213.65022903644686
DEMO-G03-1C-0003,40.29716255503405,192.03878609500637
DEMO-G03-1C-0003,40.3356703869972,170.88701910953398
DEMO-G03-1C-0003,40.374178218960346,150.34403392999377
DEMO-G03-1C-0003,40.41268605092349,130.55759896529622
DEMO-G03-1C-0003,40.451193882886635,111.67316171152521
DEMO-G03-1C-0003,40.48970171484979,93.83287796491356
DEMO-G03-1C-0003,40.52820954681293,77.17466477523968
DEMO-G03-1C-0003,40.566717378776076,61.831287906875716
DEMO-G03-1C-0003,40.60522521073922,47.92949405653058
DEMO-G03-1C-0003,40.64373304270237,35.58919733907681
DEMO-G03-1C-0003,40.68224087466552,24.922728616820695
DEMO-G03-1C-0003,40.72074870662866,16.034155138651265
DEMO-G03-1C-0003,40.75925653859181,9.018676705549655
DEMO-G03-1C-0003,40.79776437055496,3.962103223294104
DEMO-G03-1C-0003,40.8362722025181,0.9404170798133548
DEMO-G03-1C-0003,40.87478003448125,0.01942233360729355
DEMO-G03-1C-0003,40.9132878664444,1.2544812586961416
DEMO-G03-1C-0003,40.951795698407544,4.690337398792102
DEMO-G03-1C-0003,40.99030353037069,10.361022972038963
DEMO-G03-1C-0003,41.02881136233383,18.289847267809225
DEMO-G03-1C-0003,41.067319194296985,28.489461613280636
DEMO-G03-1C-0003,41.10582702626013,40.96199557898831
DEMO-G03-1C-0003,41.144334858223274,55.699258352711915
DEMO-G03-1C-0003,41.18284269018642,72.68299864698419
DEMO-G03-1C-0003,41.22135052214957,91.88521611936446
DEMO-G03-1C-0003,41.259858354112716,113.26851707285671
DEMO-G03-1C-0003,41.29836618607586,136.7865071583245
DEMO-G03-1C-0003,41.336874018039005,162.3842139097311
DEMO-G03-1C-0003,41.37538185000216,189.99853219173957
DEMO-G03-1C-0003,41.4138896819653,219.55868600963154
DEMO-G03-1C-0003,41.452397513928446,250.98670060640157
DEMO-G03-1C-0003,41.49090534589159,284.19787932977226
DEMO-G03-1C-0003,41.52941317785474,319.1012803755669
DEMO-G03-1C-0003,41.56792100981789,355.60018918201246
DEMO-G03-1C-0003,41.60642884178103,393.5925829468212
DEMO-G03-1C-0003,41.644936673744176,432.9715844452222
DEMO-G03-1C-0003,41.68344450570733,473.62590303132913
DEMO-G03-1C-0003,41.72195233767047,515.4402613903609
DEMO-G03-1C-0003,41.76046016963362,558.2958072659504
DEMO-G03-1C-0003,41.79896800159677,602.0705100042436
DEMO-G03-1C-0003,41.837475833559914,646.6395423266032
DEMO-G03-1C-0003,41.87598366552306,691.8756482586629
DEMO-G03-1C-0003,41.9144914974862,737.6494986000706
DEMO-G03-1C-0003,41.952999329449355,783.8300357116755
DEMO-G03-1C-0003,41.9915071614125,830.2848097226616
DEMO-G03-1C-0003,42.030014993375644,876.8803085163281
DEMO-G03-1C-0003,42.06852282533879,923.4822840372376
DEMO-G03-1C-0003,42.10703065730194,969.9560775752809
DEMO-G03-1C-0003,42.145538489265086,1016.1669467202912
DEMO-G03-1C-0003,42.18404632122823,1061.9803966462362
DEMO-G03-1C-0003,42.222554153191375,1107.2625182747006
DEMO-G03-1C-0003,42.26106198515453,1151.8803356861679
DEMO-G03-1C-0003,42.29956981711767,1195.7021648932755
DEMO-G03-1C-0003,42.338077649080816,1238.5979857663167
DEMO-G03-1C-0003,42.37658548104396,1280.4398285095788
DEMO-G03-1C-0003,42.41509331300711,1321.1021756311452
DEMO-G03-1C-0003,42.45360114497026,1360.4623798339344
DEMO-G03-1C-0003,42.4921089769334,1398.4010976875225
DEMO-G03-1C-0003,42.530616808896546,1434.8027383262165
DEMO-G03-1C-0003,42.5691246408597,1469.555925769576
DEMO-G03-1C-0003,42.60763247282284,1502.5539727854125
DEMO-G03-1C-0003,42.64614030478599,1533.695363528247
DEMO-G03-1C-0003,42.68464813674913,1562.8842415004176
DEMO-G03-1C-0003,42.723155968712284,1590.0308987153107
DEMO-G03-1C-0003,42.76166380067543,1615.0522613100322
DEMO-G03-1C-0003,42.80017163263857,1637.8723662770167
DEMO-G03-1C-0003,42.838679464601725,1658.4228234781099
DEMO-G03-1C-0003,42.87718729656487,1676.643256690967
DEMO-G03-1C-0003,42.915695128528014,1692.4817171337438
DEMO-G03-1C-0003,42.95420296049116,1705.8950627361571
DEMO-G03-1C-0003,42.99271079245431,1716.8492963887554
DEMO-G03-1C-0003,43.031218624417455,1725.3198565189655
DEMO-G03-1C-0003,43.0697264563806,1731.2918536197622
DEMO-G03-1C-0003,43.108234288343745,1734.7602467988754
DEMO-G03-1C-0003,43.1467421203069,1735.72995502218
DEMO-G03-1C-0003,43.18524995227004,1734.215898488081
DEMO-G03-1C-0003,43.223757784233186,1730.2429664776182
DEMO-G03-1C-0003,43.26226561619633,1723.8459090626463
DEMO-G03-1C-0003,43.30077344815948,1715.0691511973444
DEMO-G03-1C-0003,43.33928128012263,1703.9665289421348
DEMO-G03-1C-0003,43.37778911208577,1690.600948841877
DEMO-G03-1C-0003,43.416296944048916,1675.0439727702494
DEMO-G03-1C-0003,43.45480477601207,1657.3753318249164
DEMO-G03-1C-0003,43.49331260797521,1637.682374077754
DEMO-G03-1C-0003,43.53182043993836,1616.0594521193102
DEMO-G03-1C-0003,43.5703282719015,1592.6072573539673
DEMO-G03-1C-0003,43.608836103864654,1567.4321088755532
DEMO-G03-1C-0003,43.6473439358278,1540.6452054591296
DEMO-G03-1C-0003,43.68585176779094,1512.3618497260327
DEMO-G03-1C-0003,43.724359599754095,1482.7006538652417
DEMO-G03-1C-0003,43.76286743171724,1451.7827364197851
DEMO-G03-1C-0003,43.801375263680384,1419.7309195736657
DEMO-G03-1C-0003,43.83988309564353,1386.668936111639
DEMO-G03-1C-0003,43.87839092760668,1352.7206547836715
DEMO-G03-1C-0003,43.916898759569825,1318.0093322070556
DEMO-G03-1C-0003,43.95540659153297,1282.6568987044855
DEMO-G03-1C-0003,43.993914423496115,1246.783284631382
DEMO-G03-1C-0003,44.03242225545927,1210.5057928169201
DEMO-G03-1C-0003,44.07093008742241,1173.9385217595025
DEMO-G03-1C-0003,44.109437919385556,1137.1918432054163
DEMO-G03-1C-0003,44.1479457513487,1100.3719367258757
DEMO-G03-1C-0003,44.18645358331185,1063.5803829164824
DEMO-G03-1C-0003,44.224961415275,1026.913815896209
DEMO-G03-1C-0003,44.26346924723814,990.4636348973004
DEMO-G03-1C-0003,44.301977079201286,954.3157739293085
DEMO-G03-1C-0003,44.34048491116444,918.5505277800112
DEMO-G03-1C-0003,44.37899274312758,883.24243198981
DEMO-G03-1C-0003,44.41750057509073,848.4601939111387
DEMO-G03-1C-0003,44.45600840705387,814.2666715383106
DEMO-G03-1C-0003,44.494516239017024,780.7188964666758
DEMO-G03-1C-0003,44.53302407098017,747.8681371078726
DEMO-G03-1C-0003,44.57153190294331,715.7599981445107
DEMO-G03-1C-0003,44.61003973490646,684.4345521453508
DEMO-G03-1C-0003,44.64854756686961,653.9264992730774
DEMO-G03-1C-0003,44.687055398832754,624.2653510912103
DEMO-G03-1C-0003,44.7255632307959,595.4756346054683
DEMO-G03-1C-0003,44.76407106275905,567.577112849706
DEMO-G03-1C-0003,44.802578894722195,540.585018536325
DEMO-G03-1C-0003,44.84108672668534,514.5102975292098
DEMO-G03-1C-0003,44.879594558648485,489.35985915515835
DEMO-G03-1C-0003,44.91810239061164,465.1368306390471
DEMO-G03-1C-0003,44.95661022257478,441.8408132246521
DEMO-G03-1C-0003,44.995118054537926,419.4681378186172
DEMO-G03-1C-0003,45.03362588650107,398.0121182670826
DEMO-G03-1C-0003,45.07213371846422,377.4633006369244
DEMO-G03-1C-0003,45.11064155042737,357.8097071245469
DEMO-G03-1C-0003,45.14914938239051,339.0370734505017
DEMO-G03-1C-0003,45.187657214353656,321.12907881728825
DEMO-G03-1C-0003,45.22616504631681,304.0675677076078
DEMO-G03-1C-0003,45.26467287827995,287.8327629806604
DEMO-G03-1C-0003,45.3031807102431,272.40346988437375
DEMO-G03-1C-0003,45.34168854220624,257.7572707409576
DEMO-G03-1C-0003,45.380196374169394,243.87071018248722
DEMO-G03-1C-0003,45.41870420613254,230.71947091242882
DEMO-G03-1C-0003,45.45721203809568,218.2785400494975
DEMO-G03-1C-0003,45.49571987005883,206.52236617213555
DEMO-G03-1C-0003,45.53422770202198,195.42500722746323
DEMO-G03-1C-0003,45.572735533985124,184.96026949839154
DEMO-G03-1C-0003,45.61124336594827,175.10183783892938
DEMO-G03-1C-0003,45.649751197911414,165.82339739229624
DEMO-G03-1C-0003,45.688259029874565,157.09874700081303
DEMO-G03-1C-0003,45.72676686183771,148.9019045033221
DEMO-G03-1C-0003,45.765274693800855,141.20720409662465
DEMO-G03-1C-0003,45.80378252576401,133.9893859147636
DEMO-G03-1C-0003,45.84229035772715,127.22367795514349
DEMO-G03-1C-0003,45.880798189690296,120.88587045672176
DEMO-G03-1C-0003,45.91930602165344,114.95238281326809
DEMO-G03-1C-0003,45.95781385361659,109.4003230868016
DEMO-G03-1C-0003,45.99632168557974,104.20754017358394
DEMO-G03-1C-0003,46.03482951754288,99.35266866888203
DEMO-G03-1C-0003,46.073337349506026,94.81516647802492
DEMO-G03-1C-0003,46.11184518146918,90.57534523054392
DEMO-G03-1C-0003,46.15035301343232,86.6143935715535
DEMO-G03-1C-0003,46.18886084539547,82.91439342995159
DEMO-G03-1C-0003,46.22736867735861,79.45832939600112
DEMO-G03-1C-0003,46.265876509321764,76.23009138007322
DEMO-G03-1C-0003,46.30438434128491,73.2144707694361
DEMO-G03-1C-0003,46.34289217324805,70.39715034866441
DEMO-G03-1C-0003,46.3814000052112,67.76468830047307
DEMO-G03-1C-0003,46.41990783717435,65.3044966556226
DEMO-G03-1C-0003,46.458415669137494,63.00481461106926
DEMO-G03-1C-0003,46.49692350110064,60.854677183125304
DEMO-G03-1C-0003,46.535431333063784,58.843879705371165
DEMO-G03-1C-0003,46.573939165026935,56.96293871779707
DEMO-G03-1C-0003,46.61244699699008,55.20304982289279
DEMO-G03-1C-0003,46.650954828953225,53.55604310546144
DEMO-G03-1C-0003,46.68946266091638,52.01433672455703
DEMO-G03-1C-0003,46.72797049287952,50.570889288475406
DEMO-G03-1C-0003,46.766478324842666,49.219151616707094
DEMO-G03-1C-0003,46.80498615680581,47.953018476748944
DEMO-G03-1C-0003,46.84349398876896,46.76678085929686
DEMO-G03-1C-0003,46.88200182073211,45.65507932346388
DEMO-G03-1C-0003,46.92050965269525,44.612858905494846
DEMO-G03-1C-0003,46.959017484658396,43.63532604103639
DEMO-G03-1C-0003,46.99752531662155,42.71790790408914
DEMO-G03-1C-0003,47.03603314858469,41.8562145161568
DEMO-G03-1C-0003,47.07454098054784,41.04600392870487
DEMO-G03-1C-0003,47.11304881251098,40.283150731561406
DEMO-G03-1C-0003,47.151556644474134,39.563618090883175
DEMO-G03-1C-0003,47.19006447643728,38.88343347328326
DEMO-G03-1C-0003,47.22857230840042,38.238668168739075
DEMO-G03-1C-0003,47.26708014036357,37.625420684202055
DEMO-G03-1C-0003,47.30558797232672,37.03980404288678
DEMO-G03-1C-0003,47.344095804289864,36.47793699093313
DEMO-G03-1C-0003,47.38260363625301,35.93593908361709
DEMO-G03-1C-0003,47.421111468216154,35.40992959687157
DEMO-G03-1C-0003,47.459619300179305,34.89603018658181
DEMO-G03-1C-0003,47.49812713214245,34.39037119695616
DEMO-G03-1C-0003,47.536634964105595,33.88910149989088
DEMO-G03-1C-0003,47.57514279606874,33.38840172889351
DEMO-G03-1C-0003,47.61365062803189,32.88450075307495
DEMO-G03-1C-0003,47.652158459995036,32.37369521845578
DEMO-G03-1C-0003,47.69066629195818,31.85237196469065
DEMO-G03-1C-0003,47.72917412392133,31.317033104853433
DEMO-G03-1C-0003,47.76768195588448,30.76432353381121
DEMO-G03-1C-0003,47.80618978784762,30.191060606657324
DEMO-G03-1C-0003,47.844697619810766,29.59426570271173
DEMO-G03-1C-0003,47.88320545177392,28.971197362623656
DEMO-G03-1C-0003,47.92171328373706,28.319385656589947
DEMO-G03-1C-0003,47.96022111570021,27.6366674107756
DEMO-G03-1C-0003,47.99872894766335,26.92122188738954
DEMO-G03-1C-0003,48.037236779626504,26.171606482172603
DEMO-G03-1C-0003,48.07574461158965,25.38679197194127
DEMO-G03-1C-0003,48.11425244355279,24.566196815413925
DEMO-G03-1C-0003,48.15276027551594,23.709719983641456
DEMO-G03-1C-0003,48.19126810747909,22.817771773095977
DEMO-G03-1C-0003,48.229775939442234,21.891302035936057
DEMO-G03-1C-0003,48.26828377140538,20.93182524930482
DEMO-G03-1C-0003,48.306791603368524,19.941441839864495
DEMO-G03-1C-0003,48.345299435331675,18.92285518217124
DEMO-G03-1C-0003,48.38380726729482,17.879383701162265
DEMO-G03-1C-0003,48.422315099257965,16.814967530670106
DEMO-G03-1C-0003,48.46082293122111,15.734169212656923
DEMO-G03-1C-0003,48.49933076318426,14.642167966071344
DEMO-G03-1C-0003,48.537838595147406,13.544747110712962
DEMO-G03-1C-0003,48.57634642711055,12.448274300107666
DEMO-G03-1C-0003,48.614854259073695,11.359674298331402
DEMO-G03-1C-0003,48.65336209103685,10.286394128391768
DEMO-G03-1C-0003,48.69186992299999,9.236360523449362
DEMO-G03-1C-0003,48.730377754963136,8.217929725632342
DEMO-G03-1C-0003,48.76888558692629,7.239829798953153
DEMO-G03-1C-0003,48.80739341888943,6.3110957506449115
DEMO-G03-1C-0003,48.84590125085258,5.440997887023729
DEMO-G03-1C-0003,48.88440908281572,4.638963962620961
DEMO-G03-1C-0003,48.922916914778874,3.9144958120538393
DEMO-G03-1C-0003,48.96142474674202,3.277081279360225
DEMO-G03-1C-0003,48.99993257870516,2.7361023760636414
DEMO-G03-1C-0003,49.03844041066831,2.3007407034772043
DEMO-G03-1C-0003,49.07694824263146,1.9798812633974479
DEMO-G03-1C-0003,49.115456074594604,1.7820158512811612
DEMO-G03-1C-0003,49.15396390655775,1.7151472744866831
DEMO-G03-1C-0003,49.192471738520894,1.7866956629879827
DEMO-G03-1C-0003,49.230979570484045,2.003408139567967
DEMO-G03-1C-0003,49.26948740244719,2.3712730899513006
DEMO-G03-1C-0003,49.307995234410335,2.8954402206689362
DEMO-G03-1C-0003,49.34650306637348,3.580147514302901
DEMO-G03-1C-0003,49.38501089833663,4.428656089898512
DEMO-G03-1C-0003,49.423518730299776,5.443193852971209
DEMO-G03-1C-0003,49.46202656226292,6.624908678004982
DEMO-G03-1C-0003,49.500534394226065,7.973831710164361
DEMO-G03-1C-0003,49.53904222618922,9.488851206511043
DEMO-G03-1C-0003,49.57755005815236,11.167697164740959
DEMO-G03-1C-0003,49.616057890115506,13.006936814062751
DEMO-G03-1C-0003,49.65456572207866,15.001980872886074
DEMO-G03-1C-0003,49.6930735540418,17.147100315954034
DEMO-G03-1C-0003,49.73158138600495,19.435453243440765
DEMO-G03-1C-0003,49.77008921796809,21.85912130982407
DEMO-G03-1C-0003,49.808597049931244,24.409155053933812
DEMO-G03-1C-0003,49.84710488189439,27.075627375814822
DEMO-G03-1C-0003,49.88561271385753,29.84769433194505
DEMO-G03-1C-0003,49.92412054582068,32.71366236919328
DEMO-G03-1C-0003,49.96262837778383,35.66106108895439
DEMO-G03-1C-0003,50.001136209746974,38.676720625968365
DEMO-G03-1C-0003,50.03964404171012,41.74685273959312
DEMO-G03-1C-0003,50.078151873673264,44.85713474716045
DEMO-G03-1C-0003,50.116659705636415,47.9927954769297
DEMO-G03-1C-0003,50.15516753759956,51.138702479576196
DEMO-G03-1C-0003,50.193675369562705,54.279449809186595
DEMO-G03-1C-0003,50.23218320152585,57.39944576436581
DEMO-G03-1C-0003,50.270691033489,60.483000064531694
DEMO-G03-1C-0003,50.309198865452146,63.514410022631644
DEMO-G03-1C-0003,50.34770669741529,66.47804536097046
DEMO-G03-1C-0003,50.386214529378435,69.35843139876141
DEMO-G03-1C-0003,50.42472236134159,72.14033041658293
DEMO-G03-1C-0003,50.46323019330473,74.80882107167336
DEMO-G03-1C-0003,50.501738025267876,77.34937579793831
DEMO-G03-1C-0003,50.54024585723102,79.74793617378911
DEMO-G03-1C-0003,50.57875368919417,81.9909862789509
DEMO-G03-1C-0003,50.61726152115732,84.06562408718425
DEMO-G03-1C-0003,50.65576935312046,85.95963095542945
DEMO-G03-1C-0003,50.694277185083614,87.66153927074654
DEMO-G03-1C-0003,50.73278501704676,89.16069830522653
DEMO-G03-1C-0003,50.7712928490099,90.44733830586534
DEMO-G03-1C-0003,50.80980068097305,91.51263281213961
DEMO-G03-1C-0003,50.8483085129362,92.34875914968944
DEMO-G03-1C-0003,50.886816344899344,92.94895699477496
DEMO-G03-1C-0003,50.92532417686249,93.3075848431112
DEMO-G03-1C-0003,50.963832008825634,93.42017414894534
DEMO-G03-1C-0003,51.002339840788785,93.28348082813896
DEMO-G03-1C-0003,51.04084767275193,92.89553374406923
DEMO-G03-1C-0003,51.079355504715075,92.25567971941676
DEMO-G03-1C-0003,51.11786333667822,91.36462454241246
DEMO-G03-1C-0003,51.15637116864137,90.22446936523194
DEMO-G03-1C-0003,51.194879000604516,88.83874182716166
DEMO-G03-1C-0003,51.23338683256766,87.2124211783167
DEMO-G03-1C-0003,51.271894664530805,85.35195663357011
DEMO-G03-1C-0003,51.31040249649396,83.26527815334383
DEMO-G03-1C-0003,51.3489103284571,80.96179883042338
DEMO-G03-1C-0003,51.387418160420246,78.45240806210943
DEMO-G03-1C-0003,51.42592599238339,75.74945470715944
DEMO-G03-1C-0003,51.46443382434654,72.86671946857973
DEMO-G03-1C-0003,51.50294165630969,69.81937580806994
DEMO-G03-1C-0003,51.54144948827283,66.62393878658413
DEMO-G03-1C-0003,51.57995732023598,63.29820133883681
DEMO-G03-1C-0003,51.61846515219913,59.861157626799944
DEMO-G03-1C-0003,51.65697298416227,56.33291327822294
DEMO-G03-1C-0003,51.69548081612542,52.73458249842543
DEMO-G03-1C-0003,51.73398864808857,49.088172245175926
DEMO-G03-1C-0003,51.772496480051714,45.41645387350112
DEMO-G03-1C-0003,51.81100431201486,41.74282288584206
DEMO-G03-1C-0003,51.849512143978004,38.09114765803505
DEMO-G03-1C-0003,51.888019975941155,34.485608247333886
DEMO-G03-1C-0003,51.9265278079043,30.950526619146434
DEMO-G03-1C-0003,51.965035639867445,27.510189847505487
DEMO-G03-1C-0003,52.00354347183059,24.188668044168406
DEMO-G03-1C-0003,52.04205130379374,21.009628945695177
DEMO-G03-1C-0003,52.080559135756886,17.99615123096273
DEMO-G03-1C-0003,52.11906696772003,15.170538747675087
DEMO-G03-1C-0003,52.157574799683175,12.554137890721998
DEMO-G03-1C-0003,52.19608263164633,10.167160394431077
DEMO-G03-1C-0003,52.23459046360947,8.028513772384473
DEMO-G03-1C-0003,52.273098295572616,6.155641561980707
DEMO-G03-1C-0003,52.31160612753576,4.564375407093463
DEMO-G03-1C-0003,52.35011395949891,3.268800843468755
DEMO-G03-1C-0003,52.38862179146206,2.281138441772075
DEMO-G03-1C-0003,52.4271296234252,1.6116417180026645
DEMO-G03-1C-0003,52.46563745538835,1.2685129467074214
DEMO-G03-1C-0003,52.5041452873515,1.2578377166657837
DEMO-G03-1C-0003,52.54265311931464,1.583538759694971
DEMO-G03-1C-0003,52.58116095127779,2.247349269378544
DEMO-G03-1C-0003,52.61966878324094,3.2488056164235664
DEMO-G03-1C-0003,52.658176615204084,4.585259069210387
DEMO-G03-1C-0003,52.69668444716723,6.251905849395088
DEMO-G03-1C-0003,52.73519227913037,8.24183459993669
DEMO-G03-1C-0003,52.773700111093525,10.54609012210388
DEMO-G03-1C-0003,52.81220794305667,13.153752053221412
DEMO-G03-1C-0003,52.850715775019815,16.052027011089567
DEMO-G03-1C-0003,52.88922360698296,19.226352625620894
DEMO-G03-1C-0003,52.92773143894611,22.66051181363444
DEMO-G03-1C-0003,52.966239270909256,26.336755627740576
DEMO-G03-1C-0003,53.0047471028724,30.235933022655377
DEMO-G03-1C-0003,53.043254934835545,34.337625929088475
DEMO-G03-1C-0003,53.0817627667987,38.62028810240603
DEMO-G03-1C-0003,53.12027059876184,43.06138631610161
DEMO-G03-1C-0003,53.158778430724986,47.63754259407118
DEMO-G03-1C-0003,53.19728626268813,52.32467631521085
DEMO-G03-1C-0003,53.23579409465128,57.09814517425286
DEMO-G03-1C-0003,53.27430192661443,61.93288413893819
DEMO-G03-1C-0003,53.31280975857757,66.80354170078894
DEMO-G03-1C-0003,53.35131759054072,71.68461287077976
DEMO-G03-1C-0003,53.38982542250387,76.55056851811254
DEMO-G03-1C-0003,53.42833325446701,81.37598078693368
DEMO-G03-1C-0003,53.46684108643016,86.13564444907816
DEMO-G03-1C-0003,53.5053489183933,90.80469415895234
DEMO-G03-1C-0003,53.543856750356454,95.3587176673009
DEMO-G03-1C-0003,53.5823645823196,99.77386512309788
DEMO-G03-1C-0003,53.62087241428274,104.02695464598106
DEMO-G03-1C-0003,53.659380246245895,108.09557438562636
DEMO-G03-1C-0003,53.69788807820904,111.95818129901237
DEMO-G03-1C-0003,53.736395910172185,115.59419687251517
DEMO-G03-1C-0003,53.77490374213533,118.98409999352438
DEMO-G03-1C-0003,53.81341157409848,122.1095171373405
DEMO-G03-1C-0003,53.851919406061626,124.95330998056576
DEMO-G03-1C-0003,53.89042723802477,127.49966048360454
DEMO-G03-1C-0003,53.928935069987915,129.7341534042562
DEMO-G03-1C-0003,53.96744290195107,131.64385611330127
DEMO-G03-1C-0003,54.00595073391421,133.21739548412347
DEMO-G03-1C-0003,54.044458565877356,134.4450315235675
DEMO-G03-1C-0003,54.0829663978405,135.318727303329
DEMO-G03-1C-0003,54.12147422980365,135.83221464277145
DEMO-G03-1C-0003,54.1599820617668,135.98105488783105
DEMO-G03-1C-0003,54.19848989372994,135.76269402997656
DEMO-G03-1C-0003,54.23699772569309,135.17651131663692
DEMO-G03-1C-0003,54.27550555765624,134.22386042396926
DEMO-G03-1C-0003,54.31401338961938,132.90810219671243
DEMO-G03-1C-0003,54.35252122158253,131.23462791243585
DEMO-G03-1C-0003,54.39102905354567,129.21087200082135
DEMO-G03-1C-0003,54.429536885508824,126.84631314662406
DEMO-G03-1C-0003,54.46804471747197,124.15246272968163
DEMO-G03-1C-0003,54.50655254943511,121.14283960940264
DEMO-G03-1C-0003,54.54506038139826,117.83293034614577
DEMO-G03-1C-0003,54.58356821336141,114.2401340690525
DEMO-G03-1C-0003,54.622076045324555,110.38369134908798
DEMO-G03-1C-0003,54.6605838772877,106.28459661722275
DEMO-G03-1C-0003,54.69909170925085,101.96549387852971
DEMO-G03-1C-0003,54.737599541213996,97.45055571129345
DEMO-G03-1C-0003,54.77610737317714,92.7653458015561
DEMO-G03-1C-0003,54.814615205140285,87.9366655434327
DEMO-G03-1C-0003,54.85312303710344,82.9923855274536
DEMO-G03-1C-0003,54.89163086906658,77.96126303643898
DEMO-G03-1C-0003,54.930138701029726,72.8727469631334
DEMO-G03-1C-0003,54.96864653299287,67.75677184765354
DEMO-G03-1C-0003,55.00715436495602,62.64354299753188
DEMO-G03-1C-0003,55.04566219691917,57.56331488968848
DEMO-G03-1C-0003,55.08417002888231,52.54616525481522
DEMO-G03-1C-0003,55.12267786084546,47.62176740230975
DEMO-G03-1C-0003,55.16118569280861,42.81916345243195
DEMO-G03-1C-0003,55.19969352477175,38.166541196419004
DEMO-G03-1C-0003,55.2382013567349,33.69101730254848
DEMO-G03-1C-0003,55.27670918869804,29.41842952388032
DEMO-G03-1C-0003,55.315217020661194,25.373140443957503
DEMO-G03-1C-0003,55.35372485262434,21.577855120976228
DEMO-G03-1C-0003,55.39223268458748,18.053454764721685
DEMO-G03-1C-0003,55.43074051655063,14.81884830896943
DEMO-G03-1C-0003,55.46924834851378,11.890843433692714
DEMO-G03-1C-0003,55.507756180476925,9.284038254378626
DEMO-G03-1C-0003,55.54626401244007,7.010734540271705
DEMO-G03-1C-0003,55.58477184440322,5.080872959228351
DEMO-G03-1C-0003,55.623279676366366,3.501990484240512
DEMO-G03-1C-0003,55.66178750832951,2.279199745413192
DEMO-G03-1C-0003,55.700295340292655,1.4151897800770084
DEMO-G03-1C-0003,55.73880317225581,0.9102473308917299
DEMO-G03-1C-0003,55.77731100421895,0.7622975737922941
DEMO-G03-1C-0003,55.815818836182096,0.966962929665764
DEMO-G03-1C-0003,55.85432666814524,1.5176384293238565
DEMO-G03-1C-0003,55.89283450010839,2.4055819626582284
DEMO-G03-1C-0003,55.93134233207154,3.620017650236556
DEMO-G03-1C-0003,55.96985016403468,5.14825052807599
DEMO-G03-1C-0003,56.00835799599783,6.975790731528751
DEMO-G03-1C-0003,56.04686582796098,9.086485398719526
DEMO-G03-1C-0003,56.08537365992412,11.462656583550267
DEMO-G03-1C-0003,56.12388149188727,14.08524356777121
DEMO-G03-1C-0003,56.16238932385041,16.93394808577305
DEMO-G03-1C-0003,56.200897155813564,19.987381118785173
DEMO-G03-1C-0003,56.23940498777671,23.223210071442004
DEMO-G03-1C-0003,56.27791281973985,26.618305307747363
DEMO-G03-1C-0003,56.316420651703,30.1488851898702
DEMO-G03-1C-0003,56.35492848366615,33.790658927496
DEMO-G03-1C-0003,56.393436315629295,37.51896670290275
DEMO-G03-1C-0003,56.43194414759244,41.30891668416367
DEMO-G03-1C-0003,56.470451979555584,45.13551867241551
DEMO-G03-1C-0003,56.508959811518736,48.973814246700755
DEMO-G03-1C-0003,56.54746764348188,52.79900336940499
DEMO-G03-1C-0003,56.585975475445025,56.58656749529841
DEMO-G03-1C-0003,56.62448330740818,60.31238928710814
DEMO-G03-1C-0003,56.66299113937132,63.95286907985618
DEMO-G03-1C-0003,56.701498971334466,67.4850382549093
DEMO-G03-1C-0003,56.74000680329761,70.88666968379079
DEMO-G03-1C-0003,56.77851463526076,74.13638538163315
DEMO-G03-1C-0003,56.81702246722391,77.2137614723693
DEMO-G03-1C-0003,56.85553029918705,80.09943051365069
DEMO-G03-1C-0003,56.8940381311502,82.77518116080097
DEMO-G03-1C-0003,56.93254596311335,85.22405506804199
DEMO-G03-1C-0003,56.97105379507649,87.43044083358932
DEMO-G03-1C-0003,57.00956162703964,89.38016469579598
DEMO-G03-1C-0003,57.04806945900278,91.06057758263123
DEMO-G03-1C-0003,57.086577290965934,92.46063800914891
DEMO-G03-1C-0003,57.12508512292908,93.57099021028274
DEMO-G03-1C-0003,57.16359295489222,94.38403679228377
DEMO-G03-1C-0003,57.20210078685537,94.89400508852708
DEMO-G03-1C-0003,57.24060861881852,95.09700631757354
DEMO-G03-1C-0003,57.279116450781665,94.99108656688342
DEMO-G03-1C-0003,57.31762428274481,94.57626856744045
DEMO-G03-1C-0003,57.356132114707954,93.854583186431
DEMO-G03-1C-0003,57.394639946671106,92.83008955014337
DEMO-G03-1C-0003,57.43314777863425,91.50888272019871
DEMO-G03-1C-0003,57.471655610597395,89.89908788611127
DEMO-G03-1C-0003,57.51016344256055,88.01084010741648
DEMO-G03-1C-0003,57.54867127452369,85.85624874153731
DEMO-G03-1C-0003,57.587179106486836,83.44934582886951
DEMO-G03-1C-0003,57.62568693844998,80.80601787508034
DEMO-G03-1C-0003,57.66419477041313,77.94392066985729
DEMO-G03-1C-0003,57.70270260237628,74.88237701035129
DEMO-G03-1C-0003,57.74121043433942,71.64225745125077
DEMO-G03-1C-0003,57.77971826630257,68.24584447851912
DEMO-G03-1C-0003,57.81822609826572,64.71668079336303
DEMO-G03-1C-0003,57.85673393022886,61.07940269086334
DEMO-G03-1C-0003,57.89524176219201,57.35955981570952
DEMO-G03-1C-0003,57.93374959415515,53.583422867702836
DEMO-G03-1C-0003,57.972257426118304,49.77778110302424
DEMO-G03-1C-0003,58.01076525808145,45.96973172548699
DEMO-G03-1C-0003,58.04927309004459,42.186463476282796
DEMO-G03-1C-0003,58.08778092200774,38.4550369037585
DEMO-G03-1C-0003,58.12628875397089,34.80216391966796
DEMO-G03-1C-0003,58.164796585934035,31.253989320005427
DEMO-G03-1C-0003,58.20330441789718,27.835876963097526
DEMO-G03-1C-0003,58.241812249860324,24.57220325360759
DEMO-G03-1C-0003,58.280320081823476,21.48616047839894
DEMO-G03-1C-0003,58.31882791378662,18.599572381116754
DEMO-G03-1C-0003,58.357335745749765,15.932724151132673
DEMO-G03-1C-0003,58.39584357771291,13.504208744798941
DEMO-G03-1C-0003,58.43435140967606,11.330791160616032
DEMO-G03-1C-0003,58.472859241639206,9.42729196339352
DEMO-G03-1C-0003,58.51136707360235,7.806491005527915
DEMO-G03-1C-0003,58.5498749055655,6.4790519362309285
DEMO-G03-1C-0003,58.58838273752865,5.453467731991506
DEMO-G03-1C-0003,58.62689056949179,4.736027133647973
DEMO-G03-1C-0003,58.66539840145494,4.330801546306828
DEMO-G03-1C-0003,58.70390623341809,4.239651655969213
DEMO-G03-1C-0003,58.74241406538123,4.462252748113205
DEMO-G03-1C-0003,58.78092189734438,4.996137483811703
DEMO-G03-1C-0003,58.81942972930752,5.8367547022106905
DEMO-G03-1C-0003,58.857937561270674,6.977542676394906
DEMO-G03-1C-0003,58.89644539323382,8.410015153640188
DEMO-G03-1C-0003,58.93495322519696,10.123858459824424
DEMO-G03-1C-0003,58.97346105716011,12.107037939336974
DEMO-G03-1C-0003,59.01196888912326,14.345912032879085
DEMO-G03-1C-0003,59.050476721086405,16.82535236195004
DEMO-G03-1C-0003,59.08898455304955,19.528868285757138
DEMO-G03-1C-0003,59.127492385012694,22.43873451832807
DEMO-G03-1C-0003,59.166000216975846,25.536120535413808
DEMO-G03-1C-0003,59.20450804893899,28.8012206564193
DEMO-G03-1C-0003,59.243015880902135,32.213383850825686
DEMO-G03-1C-0003,59.28152371286528,35.75124248597906
DEMO-G03-1C-0003,59.32003154482843,39.39283939882934
DEMO-G03-1C-0003,59.358539376791576,43.115752833820764
DEMO-G03-1C-0003,59.39704720875472,46.89721893872304
DEMO-G03-1C-0003,59.435555040717865,50.714251646426675
DEMO-G03-1C-0003,59.47406287268102,54.54375989080593
DEMO-G03-1C-0003,59.51257070464416,58.36266220654247
DEMO-G03-1C-0003,59.55107853660731,62.14799884464134
DEMO-G03-1C-0003,59.58958636857046,65.87704159617348
DEMO-G03-1C-0003,59.6280942005336,69.5274015560979
DEMO-G03-1C-0003,59.66660203249675,73.07713507652655
DEMO-G03-1C-0003,59.70510986445989,76.50484815504481
DEMO-G03-1C-0003,59.743617696423044,79.7897994794648
DEMO-G03-1C-0003,59.78212552838619,82.91200230633368
DEMO-G03-1C-0003,59.82063336034933,85.85232528881258
DEMO-G03-1C-0003,59.85914119231248,88.59259229097407
DEMO-G03-1C-0003,59.89764902427563,91.1156811330614
DEMO-G03-1C-0003,59.936156856238775,93.40562110705771
DEMO-G03-1C-0003,59.97466468820192,95.4476889875082
DEMO-G03-1C-0003,60.013172520165064,97.22850314059878
DEMO-G03-1C-0003,60.051680352128216,98.73611520865701
DEMO-G03-1C-0003,60.09018818409136,99.96009872025971
DEMO-G03-1C-0003,60.128696016054505,100.89163385131246
DEMO-G03-1C-0003,60.16720384801765,101.52358744337208
DEMO-G03-1C-0003,60.2057116799808,101.85058727562001
DEMO-G03-1C-0003,60.244219511943946,101.86908949016653
DEMO-G03-1C-0003,60.28272734390709,101.57743799040954
DEMO-G03-1C-0003,60.321235175870235,100.97591457274962
DEMO-G03-1C-0003,60.35974300783339,100.06677851716971
DEMO-G03-1C-0003,60.39825083979653,98.85429435482779
DEMO-G03-1C-0003,60.43675867175968,97.34474655472333
DEMO-G03-1C-0003,60.47526650372283,95.5464399288141
DEMO-G03-1C-0003,60.51377433568597,93.46968464805364
DEMO-G03-1C-0003,60.55228216764912,91.12676489159513
DEMO-G03-1C-0003,60.59078999961226,88.53189031822826
DEMO-G03-1C-0003,60.629297831575414,85.7011297522359
DEMO-G03-1C-0003,60.66780566353856,82.65232671273367
DEMO-G03-1C-0003,60.7063134955017,79.40499668318475
DEMO-G03-1C-0003,60.74482132746485,75.98020631133363
DEMO-G03-1C-0003,60.783329159428,72.40043504274594
DEMO-G03-1C-0003,60.821836991391145,68.68942001715044
DEMO-G03-1C-0003,60.86034482335429,64.87198538626238
DEMO-G03-1C-0003,60.898852655317434,60.973857537135444
DEMO-G03-1C-0003,60.937360487280586,57.02146801524293
DEMO-G03-1C-0003,60.97586831924373,53.041746227838985
DEMO-G03-1C-0003,61.014376151206875,49.06190426063685
DEMO-G03-1C-0003,61.05288398317002,45.109216350725305
DEMO-G03-1C-0003,61.09139181513317,41.21079571822855
DEMO-G03-1C-0003,61.129899647096316,37.39337156215651
DEMO-G03-1C-0003,61.16840747905946,33.68306906755719
DEMO-G03-1C-0003,61.206915311022605,30.105195249045302
DEMO-G03-1C-0003,61.24542314298576,26.68403336944334
DEMO-G03-1C-0003,61.2839309749489,23.4426485238729
DEMO-G03-1C-0003,61.32243880691205,20.40270677273321
DEMO-G03-1C-0003,61.36094663887519,17.58430994818406
DEMO-G03-1C-0003,61.39945447083834,15.005847955428424
DEMO-G03-1C-0003,61.43796230280149,12.683870051906222
DEMO-G03-1C-0003,61.47647013476463,10.632976224483425
DEMO-G03-1C-0003,61.514977966727784,8.86572940796125
DEMO-G03-1C-0003,61.55348579869093,7.392588908795618
DEMO-G03-1C-0003,61.59199363065407,6.2218650262460224
DEMO-G03-1C-0003,61.63050146261722,5.359694509754633
DEMO-G03-1C-0003,61.66900929458037,4.810036164612846
DEMO-G03-1C-0003,61.707517126543515,4.57468562593732
DEMO-G03-1C-0003,61.74602495850666,4.653308069302207
DEMO-G03-1C-0003,61.784532790469804,5.043487419666991
DEMO-G03-1C-0003,61.823040622432956,5.740790460956368
DEMO-G03-1C-0003,61.8615484543961,6.7388441378124915
DEMO-G03-1C-0003,61.900056286359245,8.029424278023278
DEMO-G03-1C-0003,61.93856411832239,9.602553946863502
DEMO-G03-1C-0003,61.97707195028554,11.446609669931954
DEMO-G03-1C-0003,62.015579782248686,13.548433824680233
DEMO-G03-1C-0003,62.05408761421183,15.89345159787154
DEMO-G03-1C-0003,62.092595446174975,18.465791031132333
DEMO-G03-1C-0003,62.13110327813813,21.248404823838804
DEMO-G03-1C-0003,62.16961111010127,24.223192725925713
DEMO-G03-1C-0003,62.20811894206442,27.371123527160417
DEMO-G03-1C-0003,62.24662677402756,30.672355828272707
DEMO-G03-1C-0003,62.28513460599071,34.10635695816887
DEMO-G03-1C-0003,62.32364243795386,37.65201957529493
DEMO-G03-1C-0003,62.362150269917,41.28777565609912
DEMO-G03-1C-0003,62.40065810188015,44.991707725539136
DEMO-G03-1C-0003,62.4391659338433,48.741657320958346
DEMO-G03-1C-0003,62.47767376580644,52.515330798453384
DEMO-G03-1C-0003,62.51618159776959,56.290402688605575
DEMO-G03-1C-0003,62.55468942973274,60.04461688428264
DEMO-G03-1C-0003,62.593197261695884,63.75588599656844
DEMO-G03-1C-0003,62.63170509365903,67.40238924525394
DEMO-G03-1C-0003,62.670212925622174,70.96266925750027
DEMO-G03-1C-0003,62.708720757585326,74.41572813318042
DEMO-G03-1C-0003,62.74722858954847,77.74112309839042
DEMO-G03-1C-0003,62.785736421511615,80.9190620111325
DEMO-G03-1C-0003,62.82424425347476,83.93049890660973
DEMO-G03-1C-0003,62.86275208543791,86.75722967575692
DEMO-G03-1C-0003,62.901259917401056,89.38198786157845
DEMO-G03-1C-0003,62.9397677493642,91.78854043604821
DEMO-G03-1C-0003,62.978275581327345,93.96178328811587
DEMO-G03-1C-0003,63.0167834132905,95.88783601401829
DEMO-G03-1C-0003,63.05529124525364,97.55413545710765
DEMO-G03-1C-0003,63.09379907721679,98.9495272999388
DEMO-G03-1C-0003,63.13230690917993,100.06435486920999
DEMO-G03-1C-0003,63.17081474114308,100.89054417880757
DEMO-G03-1C-0003,63.20932257310623,101.42168411124362
DEMO-G03-1C-0003,63.24783040506937,101.65310052757307
DEMO-G03-1C-0003,63.28633823703252,101.58192300479276
DEMO-G03-1C-0003,63.32484606899567,101.20714283158215
DEMO-G03-1C-0003,63.36335390095881,100.5296608528549
DEMO-G03-1C-0003,63.40186173292196,99.55232374400612
DEMO-G03-1C-0003,63.44036956488511,98.27994732138902
DEMO-G03-1C-0003,63.478877396848254,96.71932555824998
DEMO-G03-1C-0003,63.5173852288114,94.87922407809188
DEMO-G03-1C-0003,63.555893060774544,92.77035704093451
DEMO-G03-1C-0003,63.594400892737696,90.40534652193625
DEMO-G03-1C-0003,63.63290872470084,87.79866370563663
DEMO-G03-1C-0003,63.671416556663985,84.96655147921217
DEMO-G03-1C-0003,63.70992438862713,81.92692830092821
DEMO-G03-1C-0003,63.74843222059028,78.69927353909316
DEMO-G03-1C-0003,63.786940052553426,75.30449481577405
DEMO-G03-1C-0003,63.82544788451657,71.76477823909265
DEMO-G03-1C-0003,63.863955716479715,68.1034227592571
DEMO-G03-1C-0003,63.90246354844287,64.3446602257026
DEMO-G03-1C-0003,63.94097138040601,60.51346304587024
DEMO-G03-1C-0003,63.97947921236916,56.6353416389045
DEMO-G03-1C-0003,64.0179870443323,52.73613413059693
DEMO-G03-1C-0003,64.05649487629546,48.84179093945473
DEMO-G03-1C-0003,64.0950027082586,44.978157050791765
DEMO-G03-1C-0003,64.13351054022175,41.170754859667134
DEMO-G03-1C-0003,64.1720183721849,37.44457048130505
DEMO-G03-1C-0003,64.21052620414804,33.8238463770364
DEMO-G03-1C-0003,64.24903403611118,30.331883026648804
DEMO-G03-1C-0003,64.28754186807433,26.990852196810163
DEMO-G03-1C-0003,64.32604970003747,23.821624116459837
DEMO-G03-1C-0003,64.36455753200063,20.84361058066336
DEMO-G03-1C-0003,64.40306536396378,18.074625674328015
DEMO-G03-1C-0003,64.44157319592692,15.530765446460304
DEMO-G03-1C-0003,64.48008102789007,13.226307486135859
DEMO-G03-1C-0003,64.51858885985321,11.173630964252906
DEMO-G03-1C-0003,64.55709669181635,9.383157322170653
DEMO-G03-1C-0003,64.5956045237795,7.863311419984347
DEMO-G03-1C-0003,64.63411235574266,6.620502613463101
DEMO-G03-1C-0003,64.6726201877058,5.659124917494281
DEMO-G03-1C-0003,64.71112801966895,4.981575142355382
DEMO-G03-1C-0003,64.74963585163209,4.5882876619758575
DEMO-G03-1C-0003,64.78814368359524,4.477784293826518
DEMO-G03-1C-0003,64.82665151555838,4.646737639731944
DEMO-G03-1C-0003,64.86515934752153,5.090046155297111
DEMO-G03-1C-0003,64.90366717948467,5.800919181386427
DEMO-G03-1C-0003,64.94217501144783,6.770970180934297
DEMO-G03-1C-0003,64.98068284341097,7.990316474545303
DEMO-G03-1C-0003,65.01919067537412,9.447683853910451
DEMO-G03-1C-0003,65.05769850733726,11.1305145677079
DEMO-G03-1C-0003,65.09620633930041,13.025077314740525
DEMO-G03-1C-0003,65.13471417126355,15.116578037656227
DEMO-G03-1C-0003,65.1732220032267,17.389270482095377
DEMO-G03-1C-0003,65.21172983518984,19.826565664810385
DEMO-G03-1C-0003,65.250237667153,22.41113957506737
DEMO-G03-1C-0003,65.28874549911615,25.125038611583435
DEMO-G03-1C-0003,65.32725333107929,27.94978242810056
DEMO-G03-1C-0003,65.36576116304244,30.86646402045037
DEMO-G03-1C-0003,65.40426899500558,33.855847033515026
DEMO-G03-1C-0003,65.44277682696872,36.898460394935604
DEMO-G03-1C-0003,65.48128465893187,39.97469049150494
DEMO-G03-1C-0003,65.51979249089503,43.064871192382775
DEMO-G03-1C-0003,65.55830032285817,46.14937208907875
DEMO-G03-1C-0003,65.59680815482132,49.20868536512877
DEMO-G03-1C-0003,65.63531598678446,52.223511727996105
DEMO-G03-1C-0003,65.67382381874761,55.17484583231298
DEMO-G03-1C-0003,65.71233165071075,58.04406159739635
DEMO-G03-1C-0003,65.7508394826739,60.81299777424572
DEMO-G03-1C-0003,65.78934731463704,63.4640440488535
DEMO-G03-1C-0003,65.8278551466002,65.98022788145602
DEMO-G03-1C-0003,65.86636297856334,68.3453021770154
DEMO-G03-1C-0003,65.90487081052649,70.5438337630916
DEMO-G03-1C-0003,65.94337864248963,72.56129251945238
DEMO-G03-1C-0003,65.98188647445278,74.38414086265787
DEMO-G03-1C-0003,66.02039430641592,75.99992314061525
DEMO-G03-1C-0003,66.05890213837907,77.39735434089252
DEMO-G03-1C-0003,66.09740997034221,78.56640736546504
DEMO-G03-1C-0003,66.13591780230537,79.49839797753104
DEMO-G03-1C-0003,66.17442563426852,80.18606638742465
DEMO-G03-1C-0003,66.21293346623166,80.62365431849942
DEMO-G03-1C-0003,66.2514412981948,80.80697628476823
DEMO-G03-1C-0003,66.28994913015795,80.73348372479948
DEMO-G03-1C-0003,66.3284569621211,80.40232057489555
DEMO-G03-1C-0003,66.36696479408424,79.81436883391409
DEMO-G03-1C-0003,66.4054726260474,78.97228267557422
DEMO-G03-1C-0003,66.44398045801054,77.88050970543196
DEMO-G03-1C-0003,66.48248828997369,76.54529804182378
DEMO-G03-1C-0003,66.52099612193683,74.97468802394928
DEMO-G03-1C-0003,66.55950395389998,73.17848751747177
DEMO-G03-1C-0003,66.59801178586312,71.1682299965758
DEMO-G03-1C-0003,66.63651961782627,68.9571148302469
DEMO-G03-1C-0003,66.67502744978941,66.5599294845318
DEMO-G03-1C-0003,66.71353528175257,63.99295366719027
DEMO-G03-1C-0003,66.75204311371571,61.27384577846706
DEMO-G03-1C-0003,66.79055094567886,58.421512383916806
DEMO-G03-1C-0003,66.829058777642,55.45596178182196
DEMO-G03-1C-0003,66.86756660960515,52.39814308856605
DEMO-G03-1C-0003,66.9060744415683,49.26977259917331
DEMO-G03-1C-0003,66.94458227353144,46.0931494855196
DEMO-G03-1C-0003,66.98309010549458,42.89096316128096
DEMO-G03-1C-0003,67.02159793745774,39.68609486031825
DEMO-G03-1C-0003,67.06010576942089,36.50141613581269
DEMO-G03-1C-0003,67.09861360138403,33.35958708449374
DEMO-G03-1C-0003,67.13712143334718,30.282857129667544
DEMO-G03-1C-0003,67.17562926531032,27.292871156524736
DEMO-G03-1C-0003,67.21413709727346,24.410483684367644
DEMO-G03-1C-0003,67.25264492923661,21.6555835862784
DEMO-G03-1C-0003,67.29115276119975,19.04693163310693
DEMO-G03-1C-0003,67.32966059316291,16.60201285352678
DEMO-G03-1C-0003,67.36816842512606,14.336905374878468
DEMO-G03-1C-0003,67.4066762570892,12.266167051585349
DEMO-G03-1C-0003,67.44518408905235,10.402740810931013
DEMO-G03-1C-0003,67.48369192101549,8.757879261676496
DEMO-G03-1C-0003,67.52219975297864,7.341088731371012
DEMO-G03-1C-0003,67.56070758494178,6.160092533993576
DEMO-G03-1C-0003,67.59921541690494,5.220812930667881
DEMO-G03-1C-0003,67.63772324886808,4.527370940904559
DEMO-G03-1C-0003,67.67623108083123,4.0821028968281485
DEMO-G03-1C-0003,67.71473891279437,3.885592412853089
DEMO-G03-1C-0003,67.75324674475752,3.9367162713755244
DEMO-G03-1C-0003,67.79175457672066,4.232702602293296
DEMO-G03-1C-0003,67.83026240868381,4.769199660243499
DEMO-G03-1C-0003,67.86877024064695,5.54035347625696
DEMO-G03-1C-0003,67.90727807261011,6.538892677077717
DEMO-G03-1C-0003,67.94578590457326,7.756218821385296
DEMO-G03-1C-0003,67.9842937365364,9.182500692863071
DEMO-G03-1C-0003,68.02280156849955,10.806771109910013
DEMO-G03-1C-0003,68.06130940046269,12.617024955430548
DEMO-G03-1C-0003,68.09981723242583,14.600317291505144
DEMO-G03-1C-0003,68.13832506438898,16.74286059758909
DEMO-G03-1C-0003,68.17683289635212,19.03012035150757
DEMO-G03-1C-0003,68.21534072831528,21.446908355069993
DEMO-G03-1C-0003,68.25384856027843,23.977473385834006
DEMO-G03-1C-0003,68.29235639224157,26.605588929211798
DEMO-G03-1C-0003,68.33086422420472,29.314637907076296
DEMO-G03-1C-0003,68.36937205616786,32.087694466877785
DEMO-G03-1C-0003,68.407879888131,34.907603026469104
DEMO-G03-1C-0003,68.44638772009415,37.7570548819234
DEMO-G03-1C-0003,68.48489555205731,40.61866277687175
DEMO-G03-1C-0003,68.52340338402045,43.47503390101278
DEMO-G03-1C-0003,68.5619112159836,46.308841831387426
DEMO-G03-1C-0003,68.60041904794674,49.10289795251666
DEMO-G03-1C-0003,68.63892687990989,51.840222890235886
DEMO-G03-1C-0003,68.67743471187303,54.50411846956837
DEMO-G03-1C-0003,68.71594254383618,57.0782406597811
DEMO-G03-1C-0003,68.75445037579932,59.546673900928965
DEMO-G03-1C-0003,68.79295820776248,61.89400711708318
DEMO-G03-1C-0003,68.83146603972563,64.10541161371454
DEMO-G03-1C-0003,68.86997387168877,66.16672093241243
DEMO-G03-1C-0003,68.90848170365192,68.0645125974294
DEMO-G03-1C-0003,68.94698953561506,69.78619153824233
DEMO-G03-1C-0003,68.9854973675782,71.3200748133187
DEMO-G03-1C-0003,69.02400519954135,72.65547709570602
DEMO-G03-1C-0003,69.0625130315045,73.78279621474117
DEMO-G03-1C-0003,69.10102086346765,74.69359788400118
DEMO-G03-1C-0003,69.1395286954308,75.38069858770086
DEMO-G03-1C-0003,69.17803652739394,75.83824545106025
DEMO-G03-1C-0003,69.21654435935709,76.06179178904142
DEMO-G03-1C-0003,69.25505219132023,76.0483669178155
DEMO-G03-1C-0003,69.29356002328338,75.7965387291202
DEMO-G03-1C-0003,69.33206785524652,75.30646747439884
DEMO-G03-1C-0003,69.37057568720967,74.5799491880151
DEMO-G03-1C-0003,69.40908351917281,73.62044720113882
DEMO-G03-1C-0003,69.44759135113597,72.43311026362284
DEMO-G03-1C-0003,69.48609918309911,71.02477590285596
DEMO-G03-1C-0003,69.52460701506226,69.40395780743792
DEMO-G03-1C-0003,69.5631148470254,67.58081622951062
DEMO-G03-1C-0003,69.60162267898855,65.56711065063821
DEMO-G03-1C-0003,69.64013051095169,63.376134248662
DEMO-G03-1C-0003,69.67863834291484,61.0226300314153
DEMO-G03-1C-0003,69.71714617487798,58.5226888598103
DEMO-G03-1C-0003,69.75565400684114,55.89362995880702
DEMO-G03-1C-0003,69.79416183880429,53.15386489895436
DEMO-G03-1C-0003,69.83266967076743,50.32274641213782
DEMO-G03-1C-0003,69.87117750273057,47.420403769925
DEMO-G03-1C-0003,69.90968533469372,44.467566789238205
DEMO-G03-1C-0003,69.94819316665686,41.48538082520902
DEMO-G03-1C-0003,69.98670099862001,38.495215354415365
DEMO-G03-1C-0003,70.02520883058315,35.518468932966606
DEMO-G03-1C-0003,70.06371666254631,32.57637342635207
DEMO-G03-1C-0003,70.10222449450946,29.68980044600636
DEMO-G03-1C-0003,70.1407323264726,26.87907288972264
DEMO-G03-1C-0003,70.17924015843575,24.16378436974958
DEMO-G03-1C-0003,70.21774799039889,21.562629127879273
DEMO-G03-1C-0003,70.25625582236204,19.09324478737941
DEMO-G03-1C-0003,70.29476365432518,16.772069986466533
DEMO-G03-1C-0003,70.33327148628834,14.61421858803113
DEMO-G03-1C-0003,70.37177931825148,12.633371777790913
DEMO-G03-1C-0003,70.41028715021463,10.84168896126753
DEMO-G03-1C-0003,70.44879498217777,9.249737962066469
DEMO-G03-1C-0003,70.48730281414092,7.866444622895506
DEMO-G03-1C-0003,70.52581064610406,6.699061528282887
DEMO-G03-1C-0003,70.56431847806721,5.753155214731283
DEMO-G03-1C-0003,70.60282631003035,5.032610918574962
DEMO-G03-1C-0003,70.64133414199351,4.539653640995491
DEMO-G03-1C-0003,70.67984197395666,4.274884088053418
DEMO-G03-1C-0003,70.7183498059198,4.237327873991848
DEMO-G03-1C-0003,70.75685763788294,4.424496259013113
DEMO-G03-1C-0003,70.79536546984609,4.83245662730603
DEMO-G03-1C-0003,70.83387330180923,5.4559108947134956
DEMO-G03-1C-0003,70.87238113377238,6.288280064308789
DEMO-G03-1C-0003,70.91088896573552,7.321793217649503
DEMO-G03-1C-0003,70.94939679769868,8.547579334188997
DEMO-G03-1C-0003,70.98790462966183,9.95576046558144
DEMO-G03-1C-0003,71.02641246162497,11.535544949455883
DEMO-G03-1C-0003,71.06492029358812,13.275319522836886
DEMO-G03-1C-0003,71.10342812555126,15.162739383024695
DEMO-G03-1C-0003,71.1419359575144,17.184815438060614
DEMO-G03-1C-0003,71.18044378947755,19.327998184815055
DEMO-G03-1C-0003,71.2189516214407,21.57825784564779
DEMO-G03-1C-0003,71.25745945340385,23.921160580367726
DEMO-G03-1C-0003,71.295967285367,26.341940765020443
DEMO-G03-1C-0003,71.33447511733014,28.825569489778115
DEMO-G03-1C-0003,71.37298294929329,31.356819571760507
DEMO-G03-1C-0003,71.41149078125643,33.92032750296108
DEMO-G03-1C-0003,71.44999861321958,36.500652856248124
DEMO-G03-1C-0003,71.48850644518272,39.08233575233087
DEMO-G03-1C-0003,71.52701427714588,41.649953046420634
DEMO-G03-1C-0003,71.56552210910903,44.18817392434073
DEMO-G03-1C-0003,71.60402994107217,46.681815603700514
DEMO-G03-1C-0003,71.64253777303531,49.11589981656294
DEMO-G03-1C-0003,71.68104560499846,51.47571070624724
DEMO-G03-1C-0003,71.7195534369616,53.74685470324703
DEMO-G03-1C-0003,71.75806126892475,55.91532285505953
DEMO-G03-1C-0003,71.7965691008879,57.96755597340003
DEMO-G03-1C-0003,71.83507693285105,59.89051283170075
DEMO-G03-1C-0003,71.8735847648142,61.67174149831333
DEMO-G03-1C-0003,71.91209259677734,63.29945372875204
DEMO-G03-1C-0003,71.95060042874049,64.76260216673268
DEMO-G03-1C-0003,71.98910826070363,66.0509599218295
DEMO-G03-1C-0003,72.02761609266678,67.15520190493953
DEMO-G03-1C-0003,72.06612392462992,68.06698711550858
DEMO-G03-1C-0003,72.10463175659307,68.77904089097122
DEMO-G03-1C-0003,72.14313958855622,69.28523595414106
DEMO-G03-1C-0003,72.18164742051937,69.58067093342463
DEMO-G03-1C-0003,72.22015525248251,69.66174488939473
DEMO-G03-1C-0003,72.25866308444566,69.52622626523788
DEMO-G03-1C-0003,72.2971709164088,69.17331459374094
DEMO-G03-1C-0003,72.33567874837195,68.60369324548758
DEMO-G03-1C-0003,72.37418658033509,67.81957149732564
DEMO-G03-1C-0003,72.41269441229825,66.82471424151565
DEMO-G03-1C-0003,72.4512022442614,65.62445774807193
DEMO-G03-1C-0003,72.48971007622454,64.22571003823093
DEMO-G03-1C-0003,72.52821790818768,62.63693462631271
DEMO-G03-1C-0003,72.56672574015083,60.86811663957978
DEMO-G03-1C-0003,72.60523357211397,58.93071062770769
DEMO-G03-1C-0003,72.64374140407712,56.83756971957335
DEMO-G03-1C-0003,72.68224923604026,54.60285616743174
DEMO-G03-1C-0003,72.72075706800342,52.24193372715954
DEMO-G03-1C-0003,72.75926489996657,49.771242745817304
DEMO-G03-1C-0003,72.79777273192971,47.20815925120161
DEMO-G03-1C-0003,72.83628056389286,44.57083974714688
DEMO-G03-1C-0003,72.874788395856,41.8780537988216
DEMO-G03-1C-0003,72.91329622781915,39.149006828813526
DEMO-G03-1C-0003,72.95180405978229,36.40315582475551
DEMO-G03-1C-0003,72.99031189174543,33.660020870315876
DEMO-G03-1C-0003,73.0288197237086,30.93899554503103
DEMO-G03-1C-0003,73.06732755567174,28.25915928826478
DEMO-G03-1C-0003,73.10583538763488,25.6390947863595
DEMO-G03-1C-0003,73.14434321959803,23.096713320331858
DEMO-G03-1C-0003,73.18285105156117,20.64909080943409
DEMO-G03-1C-0003,73.22135888352432,18.31231701059542
DEMO-G03-1C-0003,73.25986671548746,16.10135999683294
DEMO-G03-1C-0003,73.29837454745062,14.02994765126112
DEMO-G03-1C-0003,73.33688237941377,12.110467492544407
DEMO-G03-1C-0003,73.37539021137691,10.353885707267453
DEMO-G03-1C-0003,73.41389804334005,8.769685820591997
DEMO-G03-1C-0003,73.4524058753032,7.365827002792541
DEMO-G03-1C-0003,73.49091370726634,6.148721599490906
DEMO-G03-1C-0003,73.52942153922949,5.123231098839445
DEMO-G03-1C-0003,73.56792937119263,4.292679418850758
DEMO-G03-1C-0003,73.60643720315579,3.6588821193680037
DEMO-G03-1C-0003,73.64494503511894,3.2221899202440607
DEMO-G03-1C-0003,73.68345286708208,2.9815447421851653
DEMO-G03-1C-0003,73.72196069904523,2.9345463793898956
DEMO-G03-1C-0003,73.76046853100837,3.0775278615842305
DEMO-G03-1C-0003,73.79897636297152,3.4056375638479106
DEMO-G03-1C-0003,73.83748419493466,3.9129261710972134
DEMO-G03-1C-0003,73.8759920268978,4.592436694707805
DEMO-G03-1C-0003,73.91449985886096,5.4362958655072475
DEMO-G03-1C-0003,73.95300769082411,6.4358053839878835
DEMO-G03-1C-0003,73.99151552278725,7.581531688820567
DEMO-G03-1C-0003,74.0300233547504,8.863393102448079
DEMO-G03-1C-0003,74.06853118671354,10.270743421916363
DEMO-G03-1C-0003,74.10703901867669,11.792451238623869
DEMO-G03-1C-0003,74.14554685063983,13.416974487313503
DEMO-G03-1C-0003,74.18405468260298,15.132429937638976
DEMO-G03-1C-0003,74.22256251456614,16.92665754675157
DEMO-G03-1C-0003,74.26107034652928,18.78727978466511
DEMO-G03-1C-0003,74.29957817849242,20.701756222063374
DEMO-G03-1C-0003,74.33808601045557,22.657433829606248
DEMO-G03-1C-0003,74.37659384241871,24.641593575831
DEMO-G03-1C-0003,74.41510167438186,26.641494025055675
DEMO-G03-1C-0003,74.453609506345,28.64441272523379
DEMO-G03-1C-0003,74.49211733830816,30.637686237058634
DEMO-G03-1C-0003,74.5306251702713,32.60874968857691
DEMO-G03-1C-0003,74.56913300223445,34.54517674370699
DEMO-G03-1C-0003,74.6076408341976,36.43472084824273
DEMO-G03-1C-0003,74.64614866616074,38.26535856356354
DEMO-G03-1C-0003,74.68465649812389,40.02533571747223
DEMO-G03-1C-0003,74.72316433008703,41.70321699451862
DEMO-G03-1C-0003,74.76167216205017,43.28793945677609
DEMO-G03-1C-0003,74.80017999401333,44.76887033260094
DEMO-G03-1C-0003,74.83868782597648,46.1358692378893
DEMO-G03-1C-0003,74.87719565793962,47.37935480471374
DEMO-G03-1C-0003,74.91570348990277,48.490375489428494
DEMO-G03-1C-0003,74.95421132186591,49.460684119715964
DEMO-G03-1C-0003,74.99271915382906,50.28281552201015
DEMO-G03-1C-0003,75.0312269857922,50.95016635144293
DEMO-G03-1C-0003,75.06973481775535,51.45707603102267
DEMO-G03-1C-0003,75.1082426497185,51.7989075005965
DEMO-G03-1C-0003,75.14675048168165,51.97212628513069
DEMO-G03-1C-0003,75.1852583136448,51.974376222443865
DEMO-G03-1C-0003,75.22376614560794,51.80455004961475
DEMO-G03-1C-0003,75.26227397757108,51.462852941800335
DEMO-G03-1C-0003,75.30078180953423,50.95085703426503
DEMO-G03-1C-0003,75.33928964149737,50.27154494499993
DEMO-G03-1C-0003,75.37779747346053,49.42934035721495
DEMO-G03-1C-0003,75.41630530542368,48.43012382379088
DEMO-G03-1C-0003,75.45481313738682,47.281232122507234
DEMO-G03-1C-0003,75.49332096934997,45.99143972362292
DEMO-G03-1C-0003,75.53182880131311,44.57092122875883
DEMO-G03-1C-0003,75.57033663327626,43.03119399880391
DEMO-G03-1C-0003,75.6088444652394,41.385040601655774
DEMO-G03-1C-0003,75.64735229720254,39.646411168467296
DEMO-G03-1C-0003,75.6858601291657,37.830306236606305
DEMO-G03-1C-0003,75.72436796112885,35.95264116357306
DEMO-G03-1C-0003,75.762875793092,34.03009370074851
DEMO-G03-1C-0003,75.80138362505514,32.07993680048922
DEMO-G03-1C-0003,75.83989145701828,30.119859175066352
DEMO-G03-1C-0003,75.87839928898143,28.16777651293713
DEMO-G03-1C-0003,75.91690712094457,26.241636569438242
DEMO-G03-1C-0003,75.95541495290772,24.359221571378125
DEMO-G03-1C-0003,75.99392278487088,22.537951497151923
DEMO-G03-1C-0003,76.03243061683402,20.794691810036664
DEMO-G03-1C-0003,76.07093844879716,19.145569130444752
DEMO-G03-1C-0003,76.10944628076031,17.60579813676076
DEMO-G03-1C-0003,76.14795411272345,16.189522692066436
DEMO-G03-1C-0003,76.1864619446866,14.909673817812147
DEMO-G03-1C-0003,76.22496977664974,13.777846691250167
DEMO-G03-1C-0003,76.2634776086129,12.80419834933258
DEMO-G03-1C-0003,76.30198544057605,11.997367257529497
DEMO-G03-1C-0003,76.34049327253919,11.364415367292201
DEMO-G03-1C-0003,76.37900110450234,10.910792760027046
DEMO-G03-1C-0003,76.41750893646548,10.64032447538832
DEMO-G03-1C-0003,76.45601676842863,10.55521866245383
DEMO-G03-1C-0003,76.49452460039177,10.65609478552217
DEMO-G03-1C-0003,76.53303243235491,10.942030270320943
DEMO-G03-1C-0003,76.57154026431807,11.410623696461519
DEMO-G03-1C-0003,76.61004809628122,12.058072429903975
DEMO-G03-1C-0003,76.64855592824436,12.879262444196131
DEMO-G03-1C-0003,76.68706376020751,13.867867998184124
DEMO-G03-1C-0003,76.72557159217065,15.016458815789296
DEMO-G03-1C-0003,76.7640794241338,16.31661244434678
DEMO-G03-1C-0003,76.80258725609694,17.759029545077
DEMO-G03-1C-0003,76.84109508806009,19.333649985900582
DEMO-G03-1C-0003,76.87960292002325,21.029767756247438
DEMO-G03-1C-0003,76.91811075198639,22.83614289990568
DEMO-G03-1C-0003,76.95661858394953,24.741108859917308
DEMO-G03-1C-0003,76.99512641591268,26.732673844554895
DEMO-G03-1C-0003,77.03363424787582,28.798615051490135
DEMO-G03-1C-0003,77.07214207983897,30.926564825318614
DEMO-G03-1C-0003,77.11064991180211,33.10408806842127
DEMO-G03-1C-0003,77.14915774376526,35.31875047404908
DEMO-G03-1C-0003,77.18766557572842,37.558177400650706
DEMO-G03-1C-0003,77.22617340769156,39.81010345469959
DEMO-G03-1C-0003,77.2646812396547,42.062413092048764
DEMO-G03-1C-0003,77.30318907161785,44.30317278134083
DEMO-G03-1C-0003,77.341696903581,46.52065549291302
DEMO-G03-1C-0003,77.38020473554414,48.70335847822396
DEMO-G03-1C-0003,77.41871256750728,50.84001548317693
DEMO-G03-1C-0003,77.45722039947044,52.919604689464414
DEMO-G03-1C-0003,77.49572823143359,54.93135379604125
DEMO-G03-1C-0003,77.53423606339673,56.8647437346753
DEMO-G03-1C-0003,77.57274389535988,58.70951255543805
DEMO-G03-1C-0003,77.61125172732302,60.455661018014936
DEMO-G03-1C-0003,77.64975955928617,62.093461381090336
DEMO-G03-1C-0003,77.68826739124931,63.613470794797266
DEMO-G03-1C-0003,77.72677522321246,65.00655057087539
DEMO-G03-1C-0003,77.76528305517562,66.26389243364738
DEMO-G03-1C-0003,77.80379088713876,67.37705264483283
DEMO-G03-1C-0003,77.8422987191019,68.33799464997753
DEMO-G03-1C-0003,77.88080655106505,69.13914061807856
DEMO-G03-1C-0003,77.9193143830282,69.7734319436186
DEMO-G03-1C-0003,77.95782221499134,70.23439845684838
DEMO-G03-1C-0003,77.99633004695448,70.51623574963519
DEMO-G03-1C-0003,78.03483787891763,70.61388967722876
DEMO-G03-1C-0003,78.07334571088079,70.52314674759569
DEMO-G03-1C-0003,78.11185354284393,70.24072876809605
DEMO-G03-1C-0003,78.15036137480708,69.76438979258836
DEMO-G03-1C-0003,78.18886920677022,69.09301311088143
DEMO-G03-1C-0003,78.22737703873337,68.2267057573469
DEMO-G03-1C-0003,78.26588487069651,67.16688779819413
DEMO-G03-1C-0003,78.30439270265965,65.91637349955214
DEMO-G03-1C-0003,78.34290053462281,64.47944139321618
DEMO-G03-1C-0003,78.38140836658596,62.86189025523012
DEMO-G03-1C-0003,78.4199161985491,61.07107810474167
DEMO-G03-1C-0003,78.45842403051225,59.11594152460319
DEMO-G03-1C-0003,78.49693186247539,57.00699290577744
DEMO-G03-1C-0003,78.53543969443854,54.75629362534436
DEMO-G03-1C-0003,78.57394752640168,52.377401678437806
DEMO-G03-1C-0003,78.61245535836483,49.88529288799585
DEMO-G03-1C-0003,78.65096319032799,47.29625549700623
DEMO-G03-1C-0003,78.68947102229113,44.62775868507171
DEMO-G03-1C-0003,78.72797885425427,41.89829631787051
DEMO-G03-1C-0003,78.76648668621742,39.12720800502194
DEMO-G03-1C-0003,78.80499451818056,36.33448027555393
DEMO-G03-1C-0003,78.84350235014371,33.54053134825282
DEMO-G03-1C-0003,78.88201018210685,30.765983544376084
DEMO-G03-1C-0003,78.92051801407,28.03142783505325
DEMO-G03-1C-0003,78.95902584603316,25.35718531216092
DEMO-G03-1C-0003,78.9975336779963,22.763070505050997
DEMO-G03-1C-0003,79.03604150995945,20.268161428569762
DEMO-G03-1C-0003,79.07454934192259,17.89058104350535
DEMO-G03-1C-0003,79.11305717388574,15.647294448777423
DEMO-G03-1C-0003,79.15156500584888,13.553925625350269
DEMO-G03-1C-0003,79.19007283781202,11.624596939767004
DEMO-G03-1C-0003,79.22858066977518,9.871793921431065
DEMO-G03-1C-0003,79.26708850173833,8.306257084847823
DEMO-G03-1C-0003,79.30559633370147,6.936901809961222
DEMO-G03-1C-0003,79.34410416566462,5.770766552055375
DEMO-G03-1C-0003,79.38261199762776,4.81298895592868
DEMO-G03-1C-0003,79.4211198295909,4.066808820763325
DEMO-G03-1C-0003,79.45962766155405,3.533596319643751
DEMO-G03-1C-0003,79.4981354935172,3.212903432615693
DEMO-G03-1C-0003,79.53664332548036,3.102536209247951
DEMO-G03-1C-0003,79.5751511574435,3.198645235413946
DEMO-G03-1C-0003,79.61365898940664,3.495831533668974
DEMO-G03-1C-0003,79.65216682136979,3.9872650677790142
DEMO-G03-1C-0003,79.69067465333293,4.664813037589444
DEMO-G03-1C-0003,79.72918248529608,5.51917522703199
DEMO-G03-1C-0003,79.76769031725922,6.540023791956722
DEMO-G03-1C-0003,79.80619814922237,7.716145032611516
DEMO-G03-1C-0003,79.84470598118553,9.035580876709734
DEMO-G03-1C-0003,79.88321381314867,10.485767993644894
DEMO-G03-1C-0003,79.92172164511182,12.053672661916021
DEMO-G03-1C-0003,79.96022947707496,13.725919715668148
DEMO-G03-1C-0003,79.9987373090381,15.488914100703381
DEMO-G03-1C-0003,80.03724514100125,17.328953775318347
DEMO-G03-1C-0003,80.0757529729644,19.232332898394077
DEMO-G03-1C-0003,80.11426080492754,21.185434459032454
DEMO-G03-1C-0003,80.1527686368907,23.17481172103636
DEMO-G03-1C-0003,80.19127646885384,25.187258084265434
DEMO-G03-1C-0003,80.22978430081699,27.209865204376754
DEMO-G03-1C-0003,80.26829213278013,29.230069462510034
DEMO-G03-1C-0003,80.30679996474328,31.23568713504891
DEMO-G03-1C-0003,80.34530779670642,33.214938876633106
DEMO-G03-1C-0003,80.38381562866957,35.156464391373994
DEMO-G03-1C-0003,80.42232346063273,37.04932842035536
DEMO-G03-1C-0003,80.46083129259587,38.88301940969939
DEMO-G03-1C-0003,80.49933912455901,40.647442433584686
DEMO-G03-1C-0003,80.53784695652216,42.332908122212544
DEMO-G03-1C-0003,80.5763547884853,43.93011947729548
DEMO-G03-1C-0003,80.61486262044845,45.43015854082928
DEMO-G03-1C-0003,80.6533704524116,46.82447491097477
DEMO-G03-1C-0003,80.69187828437474,48.104878069060284
DEMO-G03-1C-0003,80.7303861163379,49.263535391815495
DEMO-G03-1C-0003,80.76889394830104,50.29297757407969
DEMO-G03-1C-0003,80.80740178026419,51.18611298051966
DEMO-G03-1C-0003,80.84590961222733,51.9362521840061
DEMO-G03-1C-0003,80.88441744419048,52.53714363697114
DEMO-G03-1C-0003,80.92292527615362,52.98302106506827
DEMO-G03-1C-0003,80.96143310811676,53.268662775240834
DEMO-G03-1C-0003,80.99994094007991,53.389462638152146
DEMO-G03-1C-0003,81.03844877204307,53.34151204490245
DEMO-G03-1C-0003,81.07695660400621,53.1216916568145
DEMO-G03-1C-0003,81.11546443596936,52.72777127415579
DEMO-G03-1C-0003,81.1539722679325,52.158515655333375
DEMO-G03-1C-0003,81.19248009989565,51.41379363569189
DEMO-G03-1C-0003,81.23098793185879,50.49468744038671
DEMO-G03-1C-0003,81.26949576382194,49.40359867744206
DEMO-G03-1C-0003,81.3080035957851,48.14434715707347
DEMO-G03-1C-0003,81.34651142774824,46.722258434637986
DEMO-G03-1C-0003,81.38501925971138,45.144235842547744
DEMO-G03-1C-0003,81.42352709167453,43.41881278517993
DEMO-G03-1C-0003,81.46203492363767,41.5561812421336
DEMO-G03-1C-0003,81.50054275560082,39.568192776713566
DEMO-G03-1C-0003,81.53905058756396,37.468328887716005
DEMO-G03-1C-0003,81.57755841952711,35.27163827433946
DEMO-G03-1C-0003,81.61606625149027,32.99463949482716
DEMO-G03-1C-0003,81.65457408345341,30.65518856505388
DEMO-G03-1C-0003,81.69308191541656,28.27231222645258
DEMO-G03-1C-0003,81.7315897473797,25.866008863392246
DEMO-G03-1C-0003,81.77009757934285,23.457020308301498
DEMO-G03-1C-0003,81.80860541130599,21.066578972371556
DEMO-G03-1C-0003,81.84711324326913,18.71613581132106
DEMO-G03-1C-0003,81.88562107523228,16.427075515008287
DEMO-G03-1C-0003,81.92412890719544,14.22042593974425
DEMO-G03-1C-0003,81.96263673915858,12.116569141037953
DEMO-G03-1C-0003,82.00114457112173,10.134961387480603
DEMO-G03-1C-0003,82.03965240308487,8.293869240101742
DEMO-G03-1C-0003,82.07816023504802,6.610128182638212
DEMO-G03-1C-0003,82.11666806701116,5.098929424445646
DEMO-G03-1C-0003,82.1551758989743,3.773639422718288
DEMO-G03-1C-0003,82.19368373093747,2.645655450361906
DEMO-G03-1C-0003,82.23219156290061,1.7242992424649433
DEMO-G03-1C-0003,82.27069939486375,1.0167494606787226
DEMO-G03-1C-0003,82.3092072268269,0.5280124885002178
DEMO-G03-1C-0003,82.34771505879004,0.26092996929528167
DEMO-G03-1C-0003,82.38622289075319,0.21622056715809856
DEMO-G03-1C-0003,82.42473072271633,0.39255269751443567
DEMO-G03-1C-0003,82.46323855467948,0.7866444527060625
DEMO-G03-1C-0003,82.50174638664264,1.393386635815545
DEMO-G03-1C-0003,82.54025421860578,2.2059846986777667
DEMO-G03-1C-0003,82.57876205056893,3.2161154320557133
DEMO-G03-1C-0003,82.61726988253207,4.414094444785296
DEMO-G03-1C-0003,82.65577771449522,5.789050757891948
DEMO-G03-1C-0003,82.69428554645836,7.329105191734745
DEMO-G03-1C-0003,82.7327933784215,9.021549603687516
DEMO-G03-1C-0003,82.77130121038465,10.85302440908752
DEMO-G03-1C-0003,82.80980904234781,12.809692163388624
DEMO-G03-1C-0003,82.84831687431095,14.877405279761474
DEMO-G03-1C-0003,82.8868247062741,17.041866192645436
DEMO-G03-1C-0003,82.92533253823724,19.288778450240827
DEMO-G03-1C-0003,82.96384037020039,21.603987332105476
DEMO-G03-1C-0003,83.00234820216353,23.97360865245433
DEMO-G03-1C-0003,83.04085603412668,26.384144442471737
DEMO-G03-1C-0003,83.07936386608982,28.82258422670783
DEMO-G03-1C-0003,83.11787169805298,31.276490642754137
DEMO-G03-1C-0003,83.15637953001612,33.73406822337337
DEMO-G03-1C-0003,83.19488736197927,36.18421428749298
DEMO-G03-1C-0003,83.23339519394241,38.616551087323344
DEMO-G03-1C-0003,83.27190302590556,41.02143864403883
DEMO-G03-1C-0003,83.3104108578687,43.38996807536694
DEMO-G03-1C-0003,83.34891868983185,45.71393566820754
DEMO-G03-1C-0003,83.387426521795,47.98579846174581
DEMO-G03-1C-0003,83.42593435375815,50.19861265743198
DEMO-G03-1C-0003,83.4644421857213,52.34595673155357
DEMO-G03-1C-0003,83.50295001768444,54.42184166127302
DEMO-G03-1C-0003,83.54145784964759,56.42061115304218
DEMO-G03-1C-0003,83.57996568161073,58.33683515466222
DEMO-G03-1C-0003,83.61847351357387,60.16520021666566
DEMO-G03-1C-0003,83.65698134553702,61.90040043189895
DEMO-G03-1C-0003,83.69548917750018,63.537032721175265
DEMO-G03-1C-0003,83.73399700946332,65.06950015430529
DEMO-G03-1C-0003,83.77250484142647,66.49192681473761
DEMO-G03-1C-0003,83.81101267338961,67.7980874546235
DEMO-G03-1C-0003,83.84952050535276,68.98135486943609
DEMO-G03-1C-0003,83.8880283373159,70.034667573165
DEMO-G03-1C-0003,83.92653616927905,70.95051999747066
DEMO-G03-1C-0003,83.96504400124219,71.72097708808371
DEMO-G03-1C-0003,84.00355183320535,72.3377148367898
DEMO-G03-1C-0003,84.0420596651685,72.79208796745507
DEMO-G03-1C-0003,84.08056749713164,73.0752256797628
DEMO-E04-5Q-0004,3.9242147979586597,568.5111390018811
DEMO-E04-5Q-0004,3.9529706465025676,587.6098999109424
DEMO-E04-5Q-0004,3.981726495046476,606.9712588483221
DEMO-E04-5Q-0004,4.010482343590384,626.5683308974715
DEMO-E04-5Q-0004,4.039238192134292,646.3715132985157
DEMO-E04-5Q-0004,4.0679940406782,666.3484197497273
DEMO-E04-5Q-0004,4.096749889222108,686.4638331064099
DEMO-E04-5Q-0004,4.125505737766017,706.6796797421281
DEMO-E04-5Q-0004,4.154261586309924,726.955028897779
DEMO-E04-5Q-0004,4.1830174348538325,747.2461203282122
DEMO-E04-5Q-0004,4.211773283397741,767.5064234522863
DEMO-E04-5Q-0004,4.240529131941649,787.6867310098389
DEMO-E04-5Q-0004,4.269284980485557,807.7352899189199
DEMO-E04-5Q-0004,4.298040829029465,827.5979716020802
DEMO-E04-5Q-0004,4.326796677573373,847.2184835079479
DEMO-E04-5Q-0004,4.355552526117282,866.5386228937333
DEMO-E04-5Q-0004,4.384308374661189,885.4985731606517
DEMO-E04-5Q-0004,4.413064223205097,904.037242157136
DEMO-E04-5Q-0004,4.441820071749006,922.0926408998546
DEMO-E04-5Q-0004,4.470575920292914,939.6023001311082
DEMO-E04-5Q-0004,4.4993317688368215,956.503721060061
DEMO-E04-5Q-0004,4.52808761738073,972.7348555568753
DEMO-E04-5Q-0004,4.556843465924638,988.2346100193486
DEMO-E04-5Q-0004,4.5855993144685465,1002.9433661511205
DEMO-E04-5Q-0004,4.614355163012454,1016.8035110196505
DEMO-E04-5Q-0004,4.643111011556362,1029.7599680417811
DEMO-E04-5Q-0004,4.671866860100271,1041.7607200126333
DEMO-E04-5Q-0004,4.700622708644179,1052.757314982963
DEMO-E04-5Q-0004,4.729378557188086,1062.7053457267089
DEMO-E04-5Q-0004,4.758134405731995,1071.564893741574
DEMO-E04-5Q-0004,4.786890254275903,1079.3009291971248
DEMO-E04-5Q-0004,4.8156461028198105,1085.883658982178
DEMO-E04-5Q-0004,4.844401951363719,1091.2888159890585
DEMO-E04-5Q-0004,4.873157799907627,1095.4978839779178
DEMO-E04-5Q-0004,4.9019136484515355,1098.4982537510562
DEMO-E04-5Q-0004,4.930669496995444,1100.2833078872472
DEMO-E04-5Q-0004,4.959425345539351,1100.8524328858668
DEMO-E04-5Q-0004,4.98818119408326,1100.2109591928875
DEMO-E04-5Q-0004,5.016937042627168,1098.3700311679415
DEMO-E04-5Q-0004,5.0456928911710754,1095.3464105485161
DEMO-E04-5Q-0004,5.074448739714984,1091.1622183242273
DEMO-E04-5Q-0004,5.103204588258892,1085.8446211089295
DEMO-E04-5Q-0004,5.1319604368028005,1079.4254690585606
DEMO-E04-5Q-0004,5.160716285346709,1071.9408931061869
DEMO-E04-5Q-0004,5.189472133890616,1063.4308697620154
DEMO-E04-5Q-0004,5.218227982434525,1053.9387619551346
DEMO-E04-5Q-0004,5.246983830978433,1043.5108443857857
DEMO-E04-5Q-0004,5.27573967952234,1032.195821630934
DEMO-E04-5Q-0004,5.304495528066249,1020.0443468276825
DEMO-E04-5Q-0004,5.333251376610157,1007.1085481798706
DEMO-E04-5Q-0004,5.3620072251540645,993.4415698269526
DEMO-E04-5Q-0004,5.390763073697973,979.0971328164627
DEMO-E04-5Q-0004,5.419518922241881,964.1291210665917
DEMO-E04-5Q-0004,5.4482747707857895,948.591196326285
DEMO-E04-5Q-0004,5.477030619329698,932.5364452660679
DEMO-E04-5Q-0004,5.505786467873605,916.017060988779
DEMO-E04-5Q-0004,5.534542316417514,899.084060455833
DEMO-E04-5Q-0004,5.563298164961422,881.7870385974048
DEMO-E04-5Q-0004,5.592054013505329,864.1739592247064
DEMO-E04-5Q-0004,5.620809862049238,846.2909822957029
DEMO-E04-5Q-0004,5.649565710593146,828.1823266044325
DEMO-E04-5Q-0004,5.678321559137054,809.8901665673693
DEMO-E04-5Q-0004,5.707077407680963,791.4545614638034
DEMO-E04-5Q-0004,5.73583325622487,772.9134152448191
DEMO-E04-5Q-0004,5.7645891047687785,754.3024648491009
DEMO-E04-5Q-0004,5.793344953312687,735.655294844755
DEMO-E04-5Q-0004,5.822100801856594,717.0033761450374
DEMO-E04-5Q-0004,5.850856650400503,698.3761265132507
DEMO-E04-5Q-0004,5.879612498944411,679.8009905690458
DEMO-E04-5Q-0004,5.908368347488319,661.303537026717
DEMO-E04-5Q-0004,5.937124196032228,642.9075709287383
DEMO-E04-5Q-0004,5.965880044576135,624.6352586785364
DEMO-E04-5Q-0004,5.994635893120043,606.5072637205133
DEMO-E04-5Q-0004,6.023391741663952,588.5428907591287
DEMO-E04-5Q-0004,6.052147590207859,570.7602364501502
DEMO-E04-5Q-0004,6.0809034387517675,553.176344534953
DEMO-E04-5Q-0004,6.109659287295676,535.8073634231897
DEMO-E04-5Q-0004,6.138415135839583,518.6687042613206
DEMO-E04-5Q-0004,6.1671709843834925,501.77519755659
DEMO-E04-5Q-0004,6.1959268329274,485.1412464603506
DEMO-E04-5Q-0004,6.224682681471308,468.7809748547072
DEMO-E04-5Q-0004,6.253438530015217,452.7083684351636
DEMO-E04-5Q-0004,6.282194378559124,436.9374070427827
DEMO-E04-5Q-0004,6.310950227103032,421.4821865752486
DEMO-E04-5Q-0004,6.339706075646941,406.357028899641
DEMO-E04-5Q-0004,6.368461924190848,391.576578302541
DEMO-E04-5Q-0004,6.3972177727347574,377.1558831463412
DEMO-E04-5Q-0004,6.425973621278665,363.1104615544178
DEMO-E04-5Q-0004,6.454729469822573,349.4563501212409
DEMO-E04-5Q-0004,6.483485318366482,336.2101348347781
DEMO-E04-5Q-0004,6.512241166910389,323.3889636049431
DEMO-E04-5Q-0004,6.540997015454297,311.01054000980577
DEMO-E04-5Q-0004,6.569752863998206,299.09309809678507
DEMO-E04-5Q-0004,6.598508712542113,287.65535830455906
DEMO-E04-5Q-0004,6.627264561086022,276.7164647983837
DEMO-E04-5Q-0004,6.65602040962993,266.2959047322214
DEMO-E04-5Q-0004,6.684776258173837,256.41341016159225
DEMO-E04-5Q-0004,6.7135321067177465,247.0888435275003
DEMO-E04-5Q-0004,6.742287955261654,238.34206781137945
DEMO-E04-5Q-0004,6.771043803805562,230.19280262176434
DEMO-E04-5Q-0004,6.799799652349471,222.6604676140346
DEMO-E04-5Q-0004,6.828555500893378,215.76401476519263
DEMO-E04-5Q-0004,6.857311349437286,209.52175112675044
DEMO-E04-5Q-0004,6.886067197981195,203.95115376213104
DEMO-E04-5Q-0004,6.914823046525102,199.06867864241715
DEMO-E04-5Q-0004,6.943578895069011,194.8895653286916
DEMO-E04-5Q-0004,6.972334743612919,191.42763931298308
DEMO-E04-5Q-0004,7.001090592156827,188.69511392591014
DEMO-E04-5Q-0004,7.0298464407007355,186.70239374976308
DEMO-E04-5Q-0004,7.058602289244643,185.45788150289178
DEMO-E04-5Q-0004,7.087358137788551,184.96779038607542
DEMO-E04-5Q-0004,7.11611398633246,185.2359639043567
DEMO-E04-5Q-0004,7.144869834876367,186.26370519808304
DEMO-E04-5Q-0004,7.173625683420276,188.04961793293492
DEMO-E04-5Q-0004,7.202381531964184,190.5894608080928
DEMO-E04-5Q-0004,7.231137380508092,193.87601774080053
DEMO-E04-5Q-0004,7.259893229052,197.89898577033665
DEMO-E04-5Q-0004,7.288649077595908,202.64488268984462
DEMO-E04-5Q-0004,7.317404926139816,208.0969763555611
DEMO-E04-5Q-0004,7.3461607746837245,214.23523753431644
DEMO-E04-5Q-0004,7.374916623227632,221.0363180269137
DEMO-E04-5Q-0004,7.403672471771541,228.47355564246706
DEMO-E04-5Q-0004,7.432428320315449,236.5170073935063
DEMO-E04-5Q-0004,7.461184168859357,245.13351203121948
DEMO-E04-5Q-0004,7.489940017403265,254.2867827435685
DEMO-E04-5Q-0004,7.518695865947173,263.93753049717355
DEMO-E04-5Q-0004,7.547451714491081,274.0436181192902
DEMO-E04-5Q-0004,7.576207563034989,284.5602447938968
DEMO-E04-5Q-0004,7.604963411578897,295.44016019244054
DEMO-E04-5Q-0004,7.633719260122805,306.63390698402054
DEMO-E04-5Q-0004,7.6624751086667136,318.0900899822853
DEMO-E04-5Q-0004,7.691230957210621,329.75566969898665
DEMO-E04-5Q-0004,7.71998680575453,341.57627760023576
DEMO-E04-5Q-0004,7.748742654298438,353.49654991479287
DEMO-E04-5Q-0004,7.777498502842346,365.4604764380322
DEMO-E04-5Q-0004,7.806254351386254,377.4117604239726
DEMO-E04-5Q-0004,7.835010199930162,389.29418537342747
DEMO-E04-5Q-0004,7.86376604847407,401.0519843192964
DEMO-E04-5Q-0004,7.8925218970179785,412.63020708921334
DEMO-E04-5Q-0004,7.921277745561886,423.9750809967943
DEMO-E04-5Q-0004,7.950033594105795,435.03436047882
DEMO-E04-5Q-0004,7.978789442649703,445.7576613566298
DEMO-E04-5Q-0004,8.00754529119361,456.09677565266577
DEMO-E04-5Q-0004,8.03630113973752,466.00596323097034
DEMO-E04-5Q-0004,8.065056988281427,475.44221694460174
DEMO-E04-5Q-0004,8.093812836825336,484.3654984517191
DEMO-E04-5Q-0004,8.122568685369243,492.738942391888
DEMO-E04-5Q-0004,8.15132453391315,500.52902718038456
DEMO-E04-5Q-0004,8.18008038245706,507.7057112649603
DEMO-E04-5Q-0004,8.208836231000967,514.2425342811663
DEMO-E04-5Q-0004,8.237592079544875,520.1166831235325
DEMO-E04-5Q-0004,8.266347928088784,525.3090235064541
DEMO-E04-5Q-0004,8.295103776632692,529.8040981079167
DEMO-E04-5Q-0004,8.3238596251766,533.5900928603323
DEMO-E04-5Q-0004,8.352615473720508,536.6587733671964
DEMO-E04-5Q-0004,8.381371322264416,539.0053937757848
DEMO-E04-5Q-0004,8.410127170808325,540.6285807206676
DEMO-E04-5Q-0004,8.438883019352232,541.5301951689926
DEMO-E04-5Q-0004,8.46763886789614,541.7151751467245
DEMO-E04-5Q-0004,8.496394716440049,541.1913624077445
DEMO-E04-5Q-0004,8.525150564983957,539.9693161291958
DEMO-E04-5Q-0004,8.553906413527864,538.0621166817774
DEMO-E04-5Q-0004,8.582662262071773,535.4851624394364
DEMO-E04-5Q-0004,8.61141811061568,532.2559624658869
DEMO-E04-5Q-0004,8.64017395915959,528.3939277527512
DEMO-E04-5Q-0004,8.668929807703497,523.9201634933349
DEMO-E04-5Q-0004,8.697685656247405,518.8572646638117
DEMO-E04-5Q-0004,8.726441504791314,513.2291169566738
DEMO-E04-5Q-0004,8.755197353335221,507.06070487547834
DEMO-E04-5Q-0004,8.783953201879129,500.3779285604478
DEMO-E04-5Q-0004,8.812709050423038,493.2074306758917
DEMO-E04-5Q-0004,8.841464898966946,485.57643445615497
DEMO-E04-5Q-0004,8.870220747510855,477.51259377997303
DEMO-E04-5Q-0004,8.898976596054762,469.04385592573516
DEMO-E04-5Q-0004,8.92773244459867,460.19833745370937
DEMO-E04-5Q-0004,8.956488293142579,451.00421346687665
DEMO-E04-5Q-0004,8.985244141686486,441.4896203198411
DEMO-E04-5Q-0004,9.013999990230394,431.68257167575644
DEMO-E04-5Q-0004,9.042755838774303,421.6108876539306
DEMO-E04-5Q-0004,9.07151168731821,411.30213666563947
DEMO-E04-5Q-0004,9.10026753586212,400.7835894021455
DEMO-E04-5Q-0004,9.129023384406027,390.08218431685435
DEMO-E04-5Q-0004,9.157779232949935,379.2245038324012
DEMO-E04-5Q-0004,9.186535081493844,368.23676040330565
DEMO-E04-5Q-0004,9.215290930037751,357.14479147546785
DEMO-E04-5Q-0004,9.244046778581659,345.9740623054797
DEMO-E04-5Q-0004,9.272802627125568,334.749675535603
DEMO-E04-5Q-0004,9.301558475669475,323.4963863648942
DEMO-E04-5Q-0004,9.330314324213385,312.2386221137258
DEMO-E04-5Q-0004,9.359070172757292,301.00050494844214
DEMO-E04-5Q-0004,9.3878260213012,289.80587651568624
DEMO-E04-5Q-0004,9.416581869845109,278.67832323257034
DEMO-E04-5Q-0004,9.445337718389016,267.64120098963406
DEMO-E04-5Q-0004,9.474093566932924,256.7176580489293
DEMO-E04-5Q-0004,9.502849415476833,245.9306549594945
DEMO-E04-5Q-0004,9.53160526402074,235.30298036693577
DEMO-E04-5Q-0004,9.560361112564648,224.85726166239024
DEMO-E04-5Q-0004,9.589116961108557,214.61596949839665
DEMO-E04-5Q-0004,9.617872809652464,204.60141529408472
DEMO-E04-5Q-0004,9.646628658196374,194.8357409588417
DEMO-E04-5Q-0004,9.675384506740281,185.34090018095648
DEMO-E04-5Q-0004,9.704140355284189,176.1386307542053
DEMO-E04-5Q-0004,9.732896203828098,167.25041754975763
DEMO-E04-5Q-0004,9.761652052372005,158.6974458813735
DEMO-E04-5Q-0004,9.790407900915913,150.50054515728263
DEMO-E04-5Q-0004,9.819163749459822,142.68012286080906
DEMO-E04-5Q-0004,9.84791959800373,135.25608905226397
DEMO-E04-5Q-0004,9.876675446547639,128.2477717354695
DEMO-E04-5Q-0004,9.905431295091546,121.67382358221968
DEMO-E04-5Q-0004,9.934187143635453,115.55212065566435
DEMO-E04-5Q-0004,9.962942992179363,109.89965391794888
DEMO-E04-5Q-0004,9.99169884072327,104.73241444715335
DEMO-E04-5Q-0004,10.020454689267178,100.06527342260898
DEMO-E04-5Q-0004,10.049210537811087,95.91185806475826
DEMO-E04-5Q-0004,10.077966386354994,92.28442483465713
DEMO-E04-5Q-0004,10.106722234898903,89.19373130762524
DEMO-E04-5Q-0004,10.13547808344281,86.64890823399435
DEMO-E04-5Q-0004,10.164233931986718,84.6573333857272
DEMO-E04-5Q-0004,10.192989780530628,83.22450885917395
DEMO-E04-5Q-0004,10.221745629074535,82.35394355946872
DEMO-E04-5Q-0004,10.250501477618442,82.04704262902875
DEMO-E04-5Q-0004,10.279257326162352,82.3030055992797
DEMO-E04-5Q-0004,10.308013174706259,83.11873503892919
DEMO-E04-5Q-0004,10.336769023250168,84.4887574419246
DEMO-E04-5Q-0004,10.365524871794076,86.40515804173829
DEMO-E04-5Q-0004,10.394280720337983,88.85753115433708
DEMO-E04-5Q-0004,10.423036568881892,91.83294753885052
DEMO-E04-5Q-0004,10.4517924174258,95.31594012197067
DEMO-E04-5Q-0004,10.480548265969707,99.28850925933945
DEMO-E04-5Q-0004,10.509304114513617,103.73014850533579
DEMO-E04-5Q-0004,10.538059963057524,108.6178916331775
DEMO-E04-5Q-0004,10.566815811601431,113.92638139240978
DEMO-E04-5Q-0004,10.59557166014534,119.6279602138456
DEMO-E04-5Q-0004,10.624327508689248,125.69278277699499
DEMO-E04-5Q-0004,10.653083357233157,132.0889500467356
DEMO-E04-5Q-0004,10.681839205777065,138.78266407025092
DEMO-E04-5Q-0004,10.710595054320972,145.73840250826245
DEMO-E04-5Q-0004,10.739350902864881,152.9191115631162
DEMO-E04-5Q-0004,10.768106751408789,160.2864156673306
DEMO-E04-5Q-0004,10.796862599952696,167.80084201686208
DEMO-E04-5Q-0004,10.825618448496606,175.42205778049401
DEMO-E04-5Q-0004,10.854374297040513,183.10911759675864
DEMO-E04-5Q-0004,10.883130145584422,190.82071878862232
DEMO-E04-5Q-0004,10.91188599412833,198.51546158845
DEMO-E04-5Q-0004,10.940641842672237,206.1521115756179
DEMO-E04-5Q-0004,10.969397691216146,213.6898614888365
DEMO-E04-5Q-0004,10.998153539760054,221.08858958633525
DEMO-E04-5Q-0004,11.026909388303961,228.30911178905131
DEMO-E04-5Q-0004,11.05566523684787,235.31342495362776
DEMO-E04-5Q-0004,11.084421085391778,242.06493878016454
DEMO-E04-5Q-0004,11.113176933935687,248.52869406033903
DEMO-E04-5Q-0004,11.141932782479595,254.67156520938687
DEMO-E04-5Q-0004,11.170688631023502,260.46244529448313
DEMO-E04-5Q-0004,11.199444479567411,265.87241206541177
DEMO-E04-5Q-0004,11.228200328111319,270.8748738039547
DEMO-E04-5Q-0004,11.256956176655226,275.445694128837
DEMO-E04-5Q-0004,11.285712025199135,279.5632952158575
DEMO-E04-5Q-0004,11.314467873743043,283.20873921127753
DEMO-E04-5Q-0004,11.34322372228695,286.3657879239503
DEMO-E04-5Q-0004,11.37197957083086,289.020941172287
DEMO-E04-5Q-0004,11.400735419374767,291.1634544310404
DEMO-E04-5Q-0004,11.429491267918676,292.78533666575623
DEMO-E04-5Q-0004,11.458247116462584,293.88132945665717
DEMO-E04-5Q-0004,11.487002965006491,294.4488686962139
DEMO-E04-5Q-0004,11.5157588135504,294.4880302947121
DEMO-E04-5Q-0004,11.544514662094308,294.0014614451985
DEMO-E04-5Q-0004,11.573270510638215,292.9942990836483
DEMO-E04-5Q-0004,11.602026359182124,291.47407723335533
DEMO-E04-5Q-0004,11.630782207726032,289.45062494584636
DEMO-E04-5Q-0004,11.659538056269941,286.935956546391
DEMO-E04-5Q-0004,11.688293904813849,283.9441558627414
DEMO-E04-5Q-0004,11.717049753357756,280.49125606401526
DEMO-E04-5Q-0004,11.745805601901665,276.59511666516397
DEMO-E04-5Q-0004,11.774561450445573,272.2752991643655
DEMO-E04-5Q-0004,11.80331729898948,267.55294267848166
DEMO-E04-5Q-0004,11.83207314753339,262.4506408282823
DEMO-E04-5Q-0004,11.860828996077297,256.9923210026972
DEMO-E04-5Q-0004,11.889584844621206,251.2031270023807
DEMO-E04-5Q-0004,11.918340693165113,245.1093059292848
DEMO-E04-5Q-0004,11.947096541709023,238.73810005250448
DEMO-E04-5Q-0004,11.97585239025293,232.1176442431196
DEMO-E04-5Q-0004,12.004608238796838,225.27686943327842
DEMO-E04-5Q-0004,12.033364087340747,218.2454124187693
DEMO-E04-5Q-0004,12.062119935884654,211.05353219070145
DEMO-E04-5Q-0004,12.090875784428562,203.73203285169006
DEMO-E04-5Q-0004,12.119631632972471,196.312193045996
DEMO-E04-5Q-0004,12.148387481516378,188.82570171206947
DEMO-E04-5Q-0004,12.177143330060288,181.30459985086523
DEMO-E04-5Q-0004,12.205899178604195,173.7812278947628
DEMO-E04-5Q-0004,12.234655027148102,166.28817816066646
DEMO-E04-5Q-0004,12.263410875692012,158.85825177788797
DEMO-E04-5Q-0004,12.29216672423592,151.52441939720254
DEMO-E04-5Q-0004,12.320922572779827,144.31978491312137
DEMO-E04-5Q-0004,12.349678421323736,137.27755136754672
DEMO-E04-5Q-0004,12.378434269867643,130.43098815045815
DEMO-E04-5Q-0004,12.40719011841155,123.81339857282646
DEMO-E04-5Q-0004,12.43594596695546,117.45808685929592
DEMO-E04-5Q-0004,12.464701815499367,111.39832359393594
DEMO-E04-5Q-0004,12.493457664043277,105.66730865195392
DEMO-E04-5Q-0004,12.522213512587184,100.29813066436938
DEMO-E04-5Q-0004,12.550969361131092,95.32372209112316
DEMO-E04-5Q-0004,12.579725209675,90.77680902147415
DEMO-E04-5Q-0004,12.608481058218908,86.6898548785136
DEMO-E04-5Q-0004,12.637236906762816,83.09499727708511
DEMO-E04-5Q-0004,12.665992755306725,80.02397737103507
DEMO-E04-5Q-0004,12.694748603850632,77.50806112588428
DEMO-E04-5Q-0004,12.723504452394542,75.5779520661582
DEMO-E04-5Q-0004,12.752260300938449,74.26369517177727
DEMO-E04-5Q-0004,12.781016149482356,73.59457173416959
DEMO-E04-5Q-0004,12.809771998026266,73.59898512903533
DEMO-E04-5Q-0004,12.838527846570173,74.30433761751515
DEMO-E04-5Q-0004,12.86728369511408,75.73689844975313
DEMO-E04-5Q-0004,12.89603954365799,77.92166371265019
DEMO-E04-5Q-0004,12.924795392201897,80.8822085355601
DEMO-E04-5Q-0004,12.953551240745806,84.64053244170775
DEMO-E04-5Q-0004,12.982307089289714,89.21689880743212
DEMO-E04-5Q-0004,13.011062937833621,94.62966956362582
DEMO-E04-5Q-0004,13.03981878637753,100.89513644186516
DEMO-E04-5Q-0004,13.068574634921438,108.02735022901847
DEMO-E04-5Q-0004,13.097330483465345,116.03794964616772
DEMO-E04-5Q-0004,13.126086332009255,124.93599160759237
DEMO-E04-5Q-0004,13.154842180553162,134.72778474048357
DEMO-E04-5Q-0004,13.18359802909707,145.41672815317466
DEMO-E04-5Q-0004,13.212353877640979,157.0031575256771
DEMO-E04-5Q-0004,13.241109726184886,169.48420065868717
DEMO-E04-5Q-0004,13.269865574728795,182.85364465257243
DEMO-E04-5Q-0004,13.298621423272703,197.10181689393252
DEMO-E04-5Q-0004,13.32737727181661,212.2154820013299
DEMO-E04-5Q-0004,13.35613312036052,228.17775682194795
DEMO-E04-5Q-0004,13.384888968904427,244.96804547529786
DEMO-E04-5Q-0004,13.413644817448334,262.5619963080742
DEMO-E04-5Q-0004,13.442400665992244,280.9314824550262
DEMO-E04-5Q-0004,13.471156514536151,300.0446074950506
DEMO-E04-5Q-0004,13.49991236308006,319.8657374507565
DEMO-E04-5Q-0004,13.528668211623968,340.3555601054783
DEMO-E04-5Q-0004,13.557424060167875,361.4711723076514
DEMO-E04-5Q-0004,13.586179908711784,383.16619560200775
DEMO-E04-5Q-0004,13.614935757255692,405.39092017578827
DEMO-E04-5Q-0004,13.6436916057996,428.09247674122645
DEMO-E04-5Q-0004,13.672447454343509,451.2150355997683
DEMO-E04-5Q-0004,13.701203302887416,474.7000317557296
DEMO-E04-5Q-0004,13.729959151431325,498.4864145750277
DEMO-E04-5Q-0004,13.758714999975233,522.5109201253579
DEMO-E04-5Q-0004,13.78747084851914,546.7083639962793
DEMO-E04-5Q-0004,13.81622669706305,571.0119520876835
DEMO-E04-5Q-0004,13.844982545606957,595.3536065806527
DEMO-E04-5Q-0004,13.873738394150864,619.66430407173
DEMO-E04-5Q-0004,13.902494242694774,643.8744226657623
DEMO-E04-5Q-0004,13.931250091238681,667.9140946878861
DEMO-E04-5Q-0004,13.96000593978259,691.7135615953306
DEMO-E04-5Q-0004,13.988761788326498,715.2035276457901
DEMO-E04-5Q-0004,14.017517636870405,738.3155089124486
DEMO-E04-5Q-0004,14.046273485414314,760.9821743241934
DEMO-E04-5Q-0004,14.075029333958222,783.1376755521583
DEMO-E04-5Q-0004,14.10378518250213,804.717962755458
DEMO-E04-5Q-0004,14.132541031046038,825.6610834363426
DEMO-E04-5Q-0004,14.161296879589946,845.9074619312007
DEMO-E04-5Q-0004,14.190052728133853,865.4001573733682
DEMO-E04-5Q-0004,14.218808576677763,884.0850982982753
DEMO-E04-5Q-0004,14.24756442522167,901.9112924149811
DEMO-E04-5Q-0004,14.27632027376558,918.8310104317376
DEMO-E04-5Q-0004,14.305076122309487,934.7999431905052
DEMO-E04-5Q-0004,14.333831970853394,949.777331728493
DEMO-E04-5Q-0004,14.362587819397303,963.7260702372682
DEMO-E04-5Q-0004,14.39134366794121,976.6127822262254
DEMO-E04-5Q-0004,14.420099516485118,988.4078705112006
DEMO-E04-5Q-0004,14.448855365029027,999.085541936926
DEMO-E04-5Q-0004,14.477611213572935,1008.6238080002281
DEMO-E04-5Q-0004,14.506367062116844,1017.0044627666392
DEMO-E04-5Q-0004,14.535122910660752,1024.2130396646285
DEMO-E04-5Q-0004,14.563878759204659,1030.2387488987356
DEMO-E04-5Q-0004,14.592634607748568,1035.0743973444019
DEMO-E04-5Q-0004,14.621390456292476,1038.7162928750872
DEMO-E04-5Q-0004,14.650146304836383,1041.164135126606
DEMO-E04-5Q-0004,14.678902153380292,1042.4208947268683
DEMO-E04-5Q-0004,14.7076580019242,1042.4926830134757
DEMO-E04-5Q-0004,14.736413850468109,1041.388614228952
DEMO-E04-5Q-0004,14.765169699012016,1039.1206621272245
DEMO-E04-5Q-0004,14.793925547555924,1035.7035128471548
DEMO-E04-5Q-0004,14.822681396099833,1031.1544158131694
DEMO-E04-5Q-0004,14.85143724464374,1025.4930343112592
DEMO-E04-5Q-0004,14.880193093187648,1018.7412972642335
DEMO-E04-5Q-0004,14.908948941731557,1010.9232535949793
DEMO-E04-5Q-0004,14.937704790275465,1002.0649304234684
DEMO-E04-5Q-0004,14.966460638819372,992.1941961941423
DEMO-E04-5Q-0004,14.995216487363281,981.340629677361
DEMO-E04-5Q-0004,15.023972335907189,969.5353956334053
DEMO-E04-5Q-0004,15.052728184451098,956.8111277717329
DEMO-E04-5Q-0004,15.081484032995006,943.2018194834568
DEMO-E04-5Q-0004,15.110239881538913,928.7427226721245
DEMO-E04-5Q-0004,15.138995730082822,913.4702548587386
DEMO-E04-5Q-0004,15.16775157862673,897.4219145918722
DEMO-E04-5Q-0004,15.196507427170637,880.6362050542813
DEMO-E04-5Q-0004,15.225263275714546,863.1525656241267
DEMO-E04-5Q-0004,15.254019124258454,845.0113110228951
DEMO-E04-5Q-0004,15.282774972802363,826.2535775639575
DEMO-E04-5Q-0004,15.31153082134627,806.9212759062879
DEMO-E04-5Q-0004,15.340286669890178,787.0570496180112
DEMO-E04-5Q-0004,15.369042518434087,766.7042387645873
DEMO-E04-5Q-0004,15.397798366977995,745.9068476575084
DEMO-E04-5Q-0004,15.426554215521902,724.7095158317579
DEMO-E04-5Q-0004,15.455310064065811,703.1574912646258
DEMO-E04-5Q-0004,15.484065912609719,681.2966048053564
DEMO-E04-5Q-0004,15.512821761153628,659.1732447545642
DEMO-E04-5Q-0004,15.541577609697535,636.8343305153592
DEMO-E04-5Q-0004,15.570333458241443,614.3272842342473
DEMO-E04-5Q-0004,15.599089306785352,591.6999993598005
DEMO-E04-5Q-0004,15.62784515532926,569.0008050706185
DEMO-E04-5Q-0004,15.656601003873167,546.2784255613736
DEMO-E04-5Q-0004,15.685356852417076,523.5819332264504
DEMO-E04-5Q-0004,15.714112700960984,500.96069484486657
DEMO-E04-5Q-0004,15.742868549504893,478.4643099473492
DEMO-E04-5Q-0004,15.7716243980488,456.1425406362307
DEMO-E04-5Q-0004,15.800380246592708,434.04523223091394
DEMO-E04-5Q-0004,15.829136095136617,412.2222242251762
DEMO-E04-5Q-0004,15.857891943680524,390.72325116702973
DEMO-E04-5Q-0004,15.886647792224432,369.5978332063956
DEMO-E04-5Q-0004,15.915403640768341,348.8951561995715
DEMO-E04-5Q-0004,15.944159489312248,328.6639414110726
DEMO-E04-5Q-0004,15.972915337856156,308.95230501224216
DEMO-E04-5Q-0004,16.001671186400063,289.80760774011424
DEMO-E04-5Q-0004,16.030427034943973,271.2762952482085
DEMO-E04-5Q-0004,16.059182883487882,253.40372985152402
DEMO-E04-5Q-0004,16.087938732031787,236.23401453881877
DEMO-E04-5Q-0004,16.116694580575697,219.80981029477303
DEMO-E04-5Q-0004,16.145450429119606,204.17214793991715
DEMO-E04-5Q-0004,16.17420627766351,189.36023585540633
DEMO-E04-5Q-0004,16.20296212620742,175.41126510985453
DEMO-E04-5Q-0004,16.23171797475133,162.3602136442054
DEMO-E04-5Q-0004,16.260473823295236,150.23965129462067
DEMO-E04-5Q-0004,16.289229671839145,139.0795475404043
DEMO-E04-5Q-0004,16.317985520383054,128.90708395090815
DEMO-E04-5Q-0004,16.34674136892696,119.74647336928925
DEMO-E04-5Q-0004,16.37549721747087,111.61878790995483
DEMO-E04-5Q-0004,16.40425306601478,104.54179785752319
DEMO-E04-5Q-0004,16.433008914558684,98.52982353671837
DEMO-E04-5Q-0004,16.461764763102593,93.59360217307876
DEMO-E04-5Q-0004,16.490520611646502,89.74017168264851
DEMO-E04-5Q-0004,16.51927646019041,86.97277321455663
DEMO-E04-5Q-0004,16.548032308734317,85.29077412382802
DEMO-E04-5Q-0004,16.576788157278227,84.6896128737293
DEMO-E04-5Q-0004,16.605544005822136,85.16076715919992
DEMO-E04-5Q-0004,16.63429985436604,86.69174630773664
DEMO-E04-5Q-0004,16.66305570290995,89.26610875470436
DEMO-E04-5Q-0004,16.69181155145386,92.86350511018227
DEMO-E04-5Q-0004,16.720567399997766,97.45974703858195
DEMO-E04-5Q-0004,16.749323248541675,103.02690186532911
DEMO-E04-5Q-0004,16.778079097085584,109.53341251234339
DEMO-E04-5Q-0004,16.80683494562949,116.94424205145762
DEMO-E04-5Q-0004,16.8355907941734,125.2210418582544
DEMO-E04-5Q-0004,16.864346642717308,134.3223420537199
DEMO-E04-5Q-0004,16.893102491261214,144.20376264354712
DEMO-E04-5Q-0004,16.921858339805123,154.81824350984826
DEMO-E04-5Q-0004,16.950614188349032,166.11629118270855
DEMO-E04-5Q-0004,16.979370036892938,178.04624012338414
DEMO-E04-5Q-0004,17.008125885436847,190.55452609077568
DEMO-E04-5Q-0004,17.036881733980756,203.5859690406215
DEMO-E04-5Q-0004,17.065637582524666,217.08406292476383
DEMO-E04-5Q-0004,17.09439343106857,230.9912697163999
DEMO-E04-5Q-0004,17.12314927961248,245.24931498681428
DEMO-E04-5Q-0004,17.15190512815639,259.79948239853286
DEMO-E04-5Q-0004,17.180660976700295,274.5829045574768
DEMO-E04-5Q-0004,17.209416825244205,289.54084778002976
DEMO-E04-5Q-0004,17.238172673788114,304.61498847661244
DEMO-E04-5Q-0004,17.26692852233202,319.74767902786175
DEMO-E04-5Q-0004,17.29568437087593,334.8822012282773
DEMO-E04-5Q-0004,17.324440219419838,349.96300559096824
DEMO-E04-5Q-0004,17.353196067963744,364.9359350411915
DEMO-E04-5Q-0004,17.381951916507653,379.7484317706716
DEMO-E04-5Q-0004,17.410707765051562,394.3497262750009
DEMO-E04-5Q-0004,17.439463613595468,408.6910078478332
DEMO-E04-5Q-0004,17.468219462139377,422.72557605419166
DEMO-E04-5Q-0004,17.496975310683286,436.408972946807
DEMO-E04-5Q-0004,17.525731159227195,449.6990960209869
DEMO-E04-5Q-0004,17.5544870077711,462.5562921215712
DEMO-E04-5Q-0004,17.58324285631501,474.9434327179502
DEMO-E04-5Q-0004,17.61199870485892,486.82597114756766
DEMO-E04-5Q-0004,17.640754553402825,498.1719825935154
DEMO-E04-5Q-0004,17.669510401946734,508.952187706362
DEMO-E04-5Q-0004,17.698266250490644,519.1399609037753
DEMO-E04-5Q-0004,17.72702209903455,528.7113244834528
DEMO-E04-5Q-0004,17.75577794757846,537.6449297654437
DEMO-E04-5Q-0004,17.784533796122368,545.9220265394002
DEMO-E04-5Q-0004,17.813289644666273,553.5264221315055
DEMO-E04-5Q-0004,17.842045493210183,560.444431425375
DEMO-E04-5Q-0004,17.870801341754092,566.6648191722333
DEMO-E04-5Q-0004,17.899557190297998,572.1787359094183
DEMO-E04-5Q-0004,17.928313038841907,576.9796487736986
DEMO-E04-5Q-0004,17.957068887385816,581.0632684486762
DEMO-E04-5Q-0004,17.98582473592972,584.4274734248014
DEMO-E04-5Q-0004,18.01458058447363,587.0722326777246
DEMO-E04-5Q-0004,18.04333643301754,588.9995277873837
DEMO-E04-5Q-0004,18.07209228156145,590.2132754275362
DEMO-E04-5Q-0004,18.100848130105355,590.7192510552599
DEMO-E04-5Q-0004,18.129603978649264,590.5250145230118
DEMO-E04-5Q-0004,18.158359827193173,589.6398382244054
DEMO-E04-5Q-0004,18.18711567573708,588.0746382696213
DEMO-E04-5Q-0004,18.21587152428099,585.8419090690784
DEMO-E04-5Q-0004,18.244627372824898,582.9556615860783
DEMO-E04-5Q-0004,18.273383221368803,579.4313654016739
DEMO-E04-5Q-0004,18.302139069912712,575.2858946196873
DEMO-E04-5Q-0004,18.33089491845662,570.5374775277246
DEMO-E04-5Q-0004,18.359650767000527,565.205649822452
DEMO-E04-5Q-0004,18.388406615544437,559.3112111057599
DEMO-E04-5Q-0004,18.417162464088346,552.8761842636594
DEMO-E04-5Q-0004,18.44591831263225,545.9237772530525
DEMO-E04-5Q-0004,18.47467416117616,538.4783467439283
DEMO-E04-5Q-0004,18.50343000972007,530.5653629969433
DEMO-E04-5Q-0004,18.53218585826398,522.2113752994676
DEMO-E04-5Q-0004,18.560941706807885,513.4439772379568
DEMO-E04-5Q-0004,18.589697555351794,504.2917710512629
DEMO-E04-5Q-0004,18.618453403895703,494.7843302888498
DEMO-E04-5Q-0004,18.64720925243961,484.95215999007735
DEMO-E04-5Q-0004,18.675965100983518,474.8266536060014
DEMO-E04-5Q-0004,18.704720949527427,464.44004590352324
DEMO-E04-5Q-0004,18.733476798071333,453.8253611231191
DEMO-E04-5Q-0004,18.762232646615242,443.01635570569147
DEMO-E04-5Q-0004,18.79098849515915,432.04745496078715
DEMO-E04-5Q-0004,18.819744343703057,420.9536831172532
DEMO-E04-5Q-0004,18.848500192246966,409.77058627761033
DEMO-E04-5Q-0004,18.877256040790876,398.53414788839984
DEMO-E04-5Q-0004,18.90601188933478,387.2806964395746
DEMO-E04-5Q-0004,18.93476773787869,376.0468052157943
DEMO-E04-5Q-0004,18.9635235864226,364.86918404010993
DEMO-E04-5Q-0004,18.992279434966505,353.78456307469537
DEMO-E04-5Q-0004,19.021035283510415,342.8295688728953
DEMO-E04-5Q-0004,19.049791132054324,332.0405930101438
DEMO-E04-5Q-0004,19.078546980598233,321.45365375694826
DEMO-E04-5Q-0004,19.10730282914214,311.1042513932279
DEMO-E04-5Q-0004,19.136058677686048,301.02721789820794
DEMO-E04-5Q-0004,19.164814526229957,291.2565618816854
DEMO-E04-5Q-0004,19.193570374773863,281.8253097489478
DEMO-E04-5Q-0004,19.222326223317772,272.7653442108403
DEMO-E04-5Q-0004,19.25108207186168,264.1072413602764
DEMO-E04-5Q-0004,19.279837920405587,255.88010763486008
DEMO-E04-5Q-0004,19.308593768949496,248.11141807003307
DEMO-E04-5Q-0004,19.337349617493405,240.82685731647476
DEMO-E04-5Q-0004,19.36610546603731,234.0501649472448
DEMO-E04-5Q-0004,19.39486131458122,227.80298661291704
DEMO-E04-5Q-0004,19.42361716312513,222.10473261509136
DEMO-E04-5Q-0004,19.452373011669035,216.97244545901904
DEMO-E04-5Q-0004,19.481128860212944,212.4206779138986
DEMO-E04-5Q-0004,19.509884708756854,208.46138305403085
DEMO-E04-5Q-0004,19.538640557300763,205.10381767562103
DEMO-E04-5Q-0004,19.56739640584467,202.35446038275356
DEMO-E04-5Q-0004,19.596152254388578,200.21694551304213
DEMO-E04-5Q-0004,19.624908102932487,198.6920139297444
DEMO-E04-5Q-0004,19.653663951476393,197.77748154477192
DEMO-E04-5Q-0004,19.682419800020302,197.4682262581037
DEMO-E04-5Q-0004,19.71117564856421,197.75619380639301
DEMO-E04-5Q-0004,19.739931497108117,198.6304228099986
DEMO-E04-5Q-0004,19.768687345652026,200.07708909664132
DEMO-E04-5Q-0004,19.797443194195935,202.0795691649474
DEMO-E04-5Q-0004,19.82619904273984,204.61852243594436
DEMO-E04-5Q-0004,19.85495489128375,207.6719917289125
DEMO-E04-5Q-0004,19.88371073982766,211.21552119354374
DEMO-E04-5Q-0004,19.912466588371565,215.2222907367047
DEMO-E04-5Q-0004,19.941222436915474,219.66326580259968
DEMO-E04-5Q-0004,19.969978285459383,224.50736120272168
DEMO-E04-5Q-0004,19.99873413400329,229.72161754952182
DEMO-E04-5Q-0004,20.0274899825472,235.27138872709423
DEMO-E04-5Q-0004,20.056245831091108,241.12053873539926
DEMO-E04-5Q-0004,20.085001679635013,247.231646172581
DEMO-E04-5Q-0004,20.113757528178922,253.56621457343203
DEMO-E04-5Q-0004,20.14251337672283,260.08488680120564
DEMO-E04-5Q-0004,20.171269225266737,266.74766169414875
DEMO-E04-5Q-0004,20.200025073810647,273.51411119656956
DEMO-E04-5Q-0004,20.228780922354556,280.3435962553307
DEMO-E04-5Q-0004,20.25753677089846,287.1954798348596
DEMO-E04-5Q-0004,20.28629261944237,294.02933549465405
DEMO-E04-5Q-0004,20.31504846798628,300.8051500807064
DEMO-E04-5Q-0004,20.343804316530186,307.48351920353207
DEMO-E04-5Q-0004,20.372560165074095,314.02583430792487
DEMO-E04-5Q-0004,20.401316013618004,320.3944602804892
DEMO-E04-5Q-0004,20.430071862161913,326.55290268758216
DEMO-E04-5Q-0004,20.45882771070582,332.4659638860813
DEMO-E04-5Q-0004,20.487583559249728,338.09988739968594
DEMO-E04-5Q-0004,20.516339407793637,343.42249010216324
DEMO-E04-5Q-0004,20.545095256337543,348.4032818937913
DEMO-E04-5Q-0004,20.573851104881452,353.0135726964694
DEMO-E04-5Q-0004,20.60260695342536,357.22656672498573
DEMO-E04-5Q-0004,20.631362801969267,361.0174441152574
DEMO-E04-5Q-0004,20.660118650513176,364.363430104185
DEMO-E04-5Q-0004,20.688874499057086,367.2438520589184
DEMO-E04-5Q-0004,20.71763034760099,369.640184745503
DEMO-E04-5Q-0004,20.7463861961449,371.53608430759925
DEMO-E04-5Q-0004,20.77514204468881,372.91741149490355
DEMO-E04-5Q-0004,20.803897893232715,373.77224473836054
DEMO-E04-5Q-0004,20.832653741776625,374.090883715044
DEMO-E04-5Q-0004,20.861409590320534,373.86584408020155
DEMO-E04-5Q-0004,20.89016543886444,373.09184406759954
DEMO-E04-5Q-0004,20.91892128740835,371.7657836726188
DEMO-E04-5Q-0004,20.947677135952258,369.88671713574973
DEMO-E04-5Q-0004,20.976432984496167,367.45581943809117
DEMO-E04-5Q-0004,21.005188833040073,364.4763475055432
DEMO-E04-5Q-0004,21.033944681583982,360.95359679529
DEMO-E04-5Q-0004,21.06270053012789,356.89485390754567
DEMO-E04-5Q-0004,21.091456378671797,352.30934582806157
DEMO-E04-5Q-0004,21.120212227215706,347.20818636317836
DEMO-E04-5Q-0004,21.148968075759615,341.6043202799566
DEMO-E04-5Q-0004,21.17772392430352,335.51246561000136
DEMO-E04-5Q-0004,21.20647977284743,328.9490545174315
DEMO-E04-5Q-0004,21.23523562139134,321.9321730701614
DEMO-E04-5Q-0004,21.263991469935245,314.48150018974155
DEMO-E04-5Q-0004,21.292747318479154,306.61824598945407
DEMO-E04-5Q-0004,21.321503167023064,298.3650896439131
DEMO-E04-5Q-0004,21.35025901556697,289.74611686705725
DEMO-E04-5Q-0004,21.37901486411088,280.7867570098192
DEMO-E04-5Q-0004,21.407770712654788,271.5137197251946
DEMO-E04-5Q-0004,21.436526561198693,261.9549310873801
DEMO-E04-5Q-0004,21.465282409742603,252.13946899441535
DEMO-E04-5Q-0004,21.494038258286512,242.0974976310939
DEMO-E04-5Q-0004,21.52279410683042,231.86020072164695
DEMO-E04-5Q-0004,21.551549955374327,221.45971326091154
DEMO-E04-5Q-0004,21.580305803918236,210.929051378986
DEMO-E04-5Q-0004,21.609061652462145,200.30203996877094
DEMO-E04-5Q-0004,21.63781750100605,189.61323768862516
DEMO-E04-5Q-0004,21.66657334954996,178.8978589447024
DEMO-E04-5Q-0004,21.69532919809387,168.19169245947683
DEMO-E04-5Q-0004,21.724085046637775,157.53101604516905
DEMO-E04-5Q-0004,21.752840895181684,146.9525072233749
DEMO-E04-5Q-0004,21.781596743725594,136.49314936542828
DEMO-E04-5Q-0004,21.8103525922695,126.19013307173313
DEMO-E04-5Q-0004,21.83910844081341,116.08075256239958
DEMO-E04-5Q-0004,21.867864289357318,106.20229691566448
DEMO-E04-5Q-0004,21.896620137901223,96.59193606413993
DEMO-E04-5Q-0004,21.925375986445133,87.28660154132484
DEMO-E04-5Q-0004,21.95413183498904,78.32286206109788
DEMO-E04-5Q-0004,21.98288768353295,69.73679410992902
DEMO-E04-5Q-0004,22.011643532076857,61.56384783426161
DEMO-E04-5Q-0004,22.040399380620766,53.83870861227784
DEMO-E04-5Q-0004,22.069155229164675,46.595154808621004
DEMO-E04-5Q-0004,22.09791107770858,39.86591232082448
DEMO-E04-5Q-0004,22.12666692625249,33.682506635477495
DEMO-E04-5Q-0004,22.1554227747964,28.075113218302914
DEMO-E04-5Q-0004,22.184178623340305,23.072407163655672
DEMO-E04-5Q-0004,22.212934471884214,18.701413123130205
DEMO-E04-5Q-0004,22.241690320428123,14.987356618158316
DEMO-E04-5Q-0004,22.27044616897203,11.953517915410433
DEMO-E04-5Q-0004,22.299202017515938,9.621089704840621
DEMO-E04-5Q-0004,22.327957866059847,8.009039866299595
DEMO-E04-5Q-0004,22.356713714603753,7.13398064026467
DEMO-E04-5Q-0004,22.385469563147662,7.010045530031027
DEMO-E04-5Q-0004,22.41422541169157,7.648775255483013
DEMO-E04-5Q-0004,22.442981260235477,9.059014051584322
DEMO-E04-5Q-0004,22.471737108779386,11.246817557501709
DEMO-E04-5Q-0004,22.500492957323296,14.215373474776666
DEMO-E04-5Q-0004,22.529248805867205,17.964936085504196
DEMO-E04-5Q-0004,22.55800465441111,22.492775614857813
DEMO-E04-5Q-0004,22.58676050295502,27.79314329766712
DEMO-E04-5Q-0004,22.61551635149893,33.857252867743256
DEMO-E04-5Q-0004,22.644272200042835,40.673279033205894
DEMO-E04-5Q-0004,22.673028048586744,48.22637333356641
DEMO-E04-5Q-0004,22.701783897130653,56.49869759735766
DEMO-E04-5Q-0004,22.73053974567456,65.46947503567573
DEMO-E04-5Q-0004,22.759295594218468,75.11505882005184
DEMO-E04-5Q-0004,22.788051442762377,85.40901780593553
DEMO-E04-5Q-0004,22.816807291306283,96.32223887898088
DEMO-E04-5Q-0004,22.845563139850192,107.82304522334037
DEMO-E04-5Q-0004,22.8743189883941,119.8773296425626
DEMO-E04-5Q-0004,22.903074836938007,132.44870190730867
DEMO-E04-5Q-0004,22.931830685481916,145.4986489624285
DEMO-E04-5Q-0004,22.960586534025826,158.986706701435
DEMO-E04-5Q-0004,22.989342382569735,172.87064191101717
DEMO-E04-5Q-0004,23.01809823111364,187.10664290324857
DEMO-E04-5Q-0004,23.04685407965755,201.6495172899096
DEMO-E04-5Q-0004,23.07560992820146,216.45289531208653
DEMO-E04-5Q-0004,23.104365776745365,231.4694371195543
DEMO-E04-5Q-0004,23.133121625289274,246.65104239743079
DEMO-E04-5Q-0004,23.161877473833183,261.94906076218086
DEMO-E04-5Q-0004,23.19063332237709,277.31450139332554
DEMO-E04-5Q-0004,23.219389170920998,292.6982404304635
DEMO-E04-5Q-0004,23.248145019464907,308.0512247449563
DEMO-E04-5Q-0004,23.276900868008813,323.32467079029266
DEMO-E04-5Q-0004,23.305656716552722,338.4702573423499
DEMO-E04-5Q-0004,23.33441256509663,353.4403110581096
DEMO-E04-5Q-0004,23.363168413640537,368.187983906651
DEMO-E04-5Q-0004,23.391924262184446,382.66742165688805
DEMO-E04-5Q-0004,23.420680110728355,396.8339227402439
DEMO-E04-5Q-0004,23.44943595927226,410.6440869411007
DEMO-E04-5Q-0004,23.47819180781617,424.0559535011333
DEMO-E04-5Q-0004,23.50694765636008,437.0291283538197
DEMO-E04-5Q-0004,23.53570350490399,449.5249003305814
DEMO-E04-5Q-0004,23.564459353447894,461.50634629879613
DEMO-E04-5Q-0004,23.593215201991804,472.9384253027835
DEMO-E04-5Q-0004,23.621971050535713,483.78806188099236
DEMO-E04-5Q-0004,23.65072689907962,494.0242188251164
DEMO-E04-5Q-0004,23.679482747623528,503.6179597287448
DEMO-E04-5Q-0004,23.708238596167437,512.5425017445534
DEMO-E04-5Q-0004,23.736994444711343,520.7732590293552
DEMO-E04-5Q-0004,23.765750293255252,528.2878774054022
DEMO-E04-5Q-0004,23.79450614179916,535.0662608047187
DEMO-E04-5Q-0004,23.823261990343067,541.0905900906321
DEMO-E04-5Q-0004,23.852017838886976,546.3453348678069
DEMO-E04-5Q-0004,23.880773687430885,550.8172588991345
DEMO-E04-5Q-0004,23.90952953597479,554.4954197455493
DEMO-E04-5Q-0004,23.9382853845187,557.3711632335821
DEMO-E04-5Q-0004,23.96704123306261,559.4381133360555
DEMO-E04-5Q-0004,23.99579708160652,560.692158024299
DEMO-E04-5Q-0004,24.024552930150424,561.131431616413
DEMO-E04-5Q-0004,24.053308778694333,560.7562941060673
DEMO-E04-5Q-0004,24.082064627238243,559.5693079109335
DEMO-E04-5Q-0004,24.11082047578215,557.575212429715
DEMO-E04-5Q-0004,24.139576324326057,554.7808967427694
DEMO-E04-5Q-0004,24.168332172869967,551.1953707340367
DEMO-E04-5Q-0004,24.197088021413872,546.829734852472
DEMO-E04-5Q-0004,24.22584386995778,541.697148669797
DEMO-E04-5Q-0004,24.25459971850169,535.8127983292434
DEMO-E04-5Q-0004,24.283355567045597,529.1938629175543
DEMO-E04-5Q-0004,24.312111415589506,521.8594797307287
DEMO-E04-5Q-0004,24.340867264133415,513.8307083435797
DEMO-E04-5Q-0004,24.36962311267732,505.13049333476783
DEMO-E04-5Q-0004,24.39837896122123,495.78362546352884
DEMO-E04-5Q-0004,24.42713480976514,485.81670104227504
DEMO-E04-5Q-0004,24.455890658309045,475.2580792016424
DEMO-E04-5Q-0004,24.484646506852954,464.1378367018216
DEMO-E04-5Q-0004,24.513402355396863,452.48771990718467
DEMO-E04-5Q-0004,24.542158203940772,440.34109351038313
DEMO-E04-5Q-0004,24.570914052484678,427.73288556856994
DEMO-E04-5Q-0004,24.599669901028587,414.6995283983172
DEMO-E04-5Q-0004,24.628425749572497,401.2788948677946
DEMO-E04-5Q-0004,24.657181598116402,387.5102296253108
DEMO-E04-5Q-0004,24.68593744666031,373.43407481306093
DEMO-E04-5Q-0004,24.71469329520422,359.09218983367094
DEMO-E04-5Q-0004,24.743449143748126,344.52746476582524
DEMO-E04-5Q-0004,24.772204992292036,329.78382706330893
DEMO-E04-5Q-0004,24.800960840835945,314.90614121981986
DEMO-E04-5Q-0004,24.82971668937985,299.940101139527
DEMO-E04-5Q-0004,24.85847253792376,284.9321150203564
DEMO-E04-5Q-0004,24.88722838646767,269.9291826329662
DEMO-E04-5Q-0004,24.915984235011575,254.97876496309482
DEMO-E04-5Q-0004,24.944740083555484,240.12864627716388
DEMO-E04-5Q-0004,24.973495932099393,225.42678877046927
DEMO-E04-5Q-0004,25.002251780643302,210.9211800624422
DEMO-E04-5Q-0004,25.031007629187208,196.6596739133812
DEMO-E04-5Q-0004,25.059763477731117,182.68982465044192
DEMO-E04-5Q-0004,25.088519326275026,169.05871590552732
DEMO-E04-5Q-0004,25.117275174818932,155.81278438312938
DEMO-E04-5Q-0004,25.14603102336284,142.9976394894417
DEMO-E04-5Q-0004,25.17478687190675,130.65787976433677
DEMO-E04-5Q-0004,25.203542720450656,118.83690716177604
DEMO-E04-5Q-0004,25.232298568994565,107.57674032146288
DEMO-E04-5Q-0004,25.261054417538475,96.91782806153732
DEMO-E04-5Q-0004,25.28981026608238,86.89886439795512
DEMO-E04-5Q-0004,25.31856611462629,77.55660645846773
DEMO-E04-5Q-0004,25.3473219631702,68.92569670626204
DEMO-E04-5Q-0004,25.376077811714104,61.038490918698415
DEMO-E04-5Q-0004,25.404833660258014,53.924893378903825
DEMO-E04-5Q-0004,25.433589508801923,47.61220073128619
DEMO-E04-5Q-0004,25.46234535734583,42.12495592518417
DEMO-E04-5Q-0004,25.491101205889738,37.48481362416168
DEMO-E04-5Q-0004,25.519857054433647,33.71041839108651
DEMO-E04-5Q-0004,25.548612902977556,30.817296872169184
DEMO-E04-5Q-0004,25.577368751521462,28.817765096851296
DEMO-E04-5Q-0004,25.60612460006537,27.720851886400567
DEMO-E04-5Q-0004,25.63488044860928,27.53223922358932
DEMO-E04-5Q-0004,25.663636297153186,28.254220281023795
DEMO-E04-5Q-0004,25.692392145697095,29.885675638777847
DEMO-E04-5Q-0004,25.721147994241004,32.42206804550523
DEMO-E04-5Q-0004,25.74990384278491,35.85545589401429
DEMO-E04-5Q-0004,25.77865969132882,40.17452539530232
DEMO-E04-5Q-0004,25.80741553987273,45.36464124730958
DEMO-E04-5Q-0004,25.836171388416634,51.40791540941742
DEMO-E04-5Q-0004,25.864927236960543,58.28329341367904
DEMO-E04-5Q-0004,25.893683085504453,65.96665747235807
DEMO-E04-5Q-0004,25.92243893404836,74.43094548084805
DEMO-E04-5Q-0004,25.951194782592268,83.6462848682328
DEMO-E04-5Q-0004,25.979950631136177,93.58014011669715
DEMO-E04-5Q-0004,26.008706479680082,104.19747265779604
DEMO-E04-5Q-0004,26.03746232822399,115.46091175910527
DEMO-E04-5Q-0004,26.0662181767679,127.3309349411472
DEMO-E04-5Q-0004,26.09497402531181,139.7660564109372
DEMO-E04-5Q-0004,26.123729873855716,152.72302196678277
DEMO-E04-5Q-0004,26.152485722399625,166.157008817509
DEMO-E04-5Q-0004,26.181241570943534,180.02182876866163
DEMO-E04-5Q-0004,26.20999741948744,194.27013325672914
DEMO-E04-5Q-0004,26.23875326803135,208.85361875903882
DEMO-E04-5Q-0004,26.26750911657526,223.72323117069647
DEMO-E04-5Q-0004,26.296264965119164,238.82936781778795
DEMO-E04-5Q-0004,26.325020813663073,254.12207586769784
DEMO-E04-5Q-0004,26.353776662206982,269.5512459993174
DEMO-E04-5Q-0004,26.382532510750888,285.0668003070814
DEMO-E04-5Q-0004,26.411288359294797,300.6188735302413
DEMO-E04-5Q-0004,26.440044207838707,316.1579868210581
DEMO-E04-5Q-0004,26.468800056382612,331.6352133902724
DEMO-E04-5Q-0004,26.49755590492652,347.00233549313464
DEMO-E04-5Q-0004,26.52631175347043,362.2119923431666
DEMO-E04-5Q-0004,26.55506760201434,377.21781866148723
DEMO-E04-5Q-0004,26.583823450558246,391.97457368565244
DEMO-E04-5Q-0004,26.612579299102155,406.43826057197833
DEMO-E04-5Q-0004,26.641335147646064,420.56623622856034
DEMO-E04-5Q-0004,26.67009099618997,434.3173117110046
DEMO-E04-5Q-0004,26.69884684473388,447.6518433990172
DEMO-E04-5Q-0004,26.727602693277788,460.53181524863675
DEMO-E04-5Q-0004,26.756358541821694,472.9209124814913
DEMO-E04-5Q-0004,26.785114390365603,484.7845871290306
DEMO-E04-5Q-0004,26.813870238909512,496.09011589568735
DEMO-E04-5Q-0004,26.842626087453418,506.8066508409429
DEMO-E04-5Q-0004,26.871381935997327,516.9052634057954
DEMO-E04-5Q-0004,26.900137784541236,526.3589823248686
DEMO-E04-5Q-0004,26.928893633085142,535.1428259715484
DEMO-E04-5Q-0004,26.95764948162905,543.2338296805053
DEMO-E04-5Q-0004,26.98640533017296,550.6110685800804
DEMO-E04-5Q-0004,27.015161178716866,557.2556764474513
DEMO-E04-5Q-0004,27.043917027260775,563.1508610717822
DEMO-E04-5Q-0004,27.072672875804685,568.2819165767455
DEMO-E04-5Q-0004,27.101428724348594,572.6362331131543
DEMO-E04-5Q-0004,27.1301845728925,576.2033042868557
DEMO-E04-5Q-0004,27.15894042143641,578.9747326366112
DEMO-E04-5Q-0004,27.187696269980318,580.9442334221454
DEMO-E04-5Q-0004,27.216452118524224,582.1076369254323
DEMO-E04-5Q-0004,27.245207967068133,582.4628894081766
DEMO-E04-5Q-0004,27.273963815612042,582.010052807348
DEMO-E04-5Q-0004,27.302719664155948,580.751303188647
DEMO-E04-5Q-0004,27.331475512699857,578.6909279156664
DEMO-E04-5Q-0004,27.360231361243766,575.8353214317672
DEMO-E04-5Q-0004,27.388987209787672,572.1929794921484
DEMO-E04-5Q-0004,27.41774305833158,567.7744916268429
DEMO-E04-5Q-0004,27.44649890687549,562.5925315617051
DEMO-E04-5Q-0004,27.475254755419396,556.6618452748542
DEMO-E04-5Q-0004,27.504010603963305,549.9992363210433
DEMO-E04-5Q-0004,27.532766452507214,542.6235480169836
DEMO-E04-5Q-0004,27.561522301051124,534.5556420471213
DEMO-E04-5Q-0004,27.59027814959503,525.8183730226611
DEMO-E04-5Q-0004,27.61903399813894,516.4365585069983
DEMO-E04-5Q-0004,27.647789846682848,506.43694400927706
DEMO-E04-5Q-0004,27.676545695226753,495.8481624441165
DEMO-E04-5Q-0004,27.705301543770663,484.70068756094173
DEMO-E04-5Q-0004,27.734057392314572,473.02678086065396
DEMO-E04-5Q-0004,27.762813240858478,460.86043154080056
DEMO-E04-5Q-0004,27.791569089402387,448.23728904351026
DEMO-E04-5Q-0004,27.820324937946296,435.19458782266764
DEMO-E04-5Q-0004,27.8490807864902,421.7710639988988
DEMO-E04-5Q-0004,27.87783663503411,408.0068636316532
DEMO-E04-5Q-0004,27.90659248357802,393.943442407876
DEMO-E04-5Q-0004,27.935348332121926,379.62345662495136
DEMO-E04-5Q-0004,27.964104180665835,365.0906454318236
DEMO-E04-5Q-0004,27.992860029209744,350.3897043854679
DEMO-E04-5Q-0004,28.02161587775365,335.56615047913823
DEMO-E04-5Q-0004,28.05037172629756,320.6661789032983
DEMO-E04-5Q-0004,28.07912757484147,305.7365119083449
DEMO-E04-5Q-0004,28.107883423385378,290.82424024871364
DEMO-E04-5Q-0004,28.136639271929283,275.9766577996696
DEMO-E04-5Q-0004,28.165395120473192,261.24109004870564
DEMO-E04-5Q-0004,28.1941509690171,246.66471727199797
DEMO-E04-5Q-0004,28.222906817561007,232.29439331015442
DEMO-E04-5Q-0004,28.251662666104917,218.17646095576535
DEMO-E04-5Q-0004,28.280418514648826,204.3565650551616
DEMO-E04-5Q-0004,28.30917436319273,190.87946450695162
DEMO-E04-5Q-0004,28.33793021173664,177.7888444089158
DEMO-E04-5Q-0004,28.36668606028055,165.1271296603184
DEMO-E04-5Q-0004,28.395441908824456,152.93530136785452
DEMO-E04-5Q-0004,28.424197757368365,141.25271742870302
DEMO-E04-5Q-0004,28.452953605912274,130.11693867242147
DEMO-E04-5Q-0004,28.48170945445618,119.56356193426971
DEMO-E04-5Q-0004,28.51046530300009,109.62606140503061
DEMO-E04-5Q-0004,28.539221151543998,100.33563955693488
DEMO-E04-5Q-0004,28.567977000087907,91.72108888159639
DEMO-E04-5Q-0004,28.596732848631813,83.80866559485182
DEMO-E04-5Q-0004,28.625488697175722,76.62197636575586
DEMO-E04-5Q-0004,28.65424454571963,70.18187901413923
DEMO-E04-5Q-0004,28.683000394263537,64.50639799447569
DEMO-E04-5Q-0004,28.711756242807446,59.610655345176816
DEMO-E04-5Q-0004,28.740512091351356,55.50681763425493
DEMO-E04-5Q-0004,28.76926793989526,52.20405927631169
DEMO-E04-5Q-0004,28.79802378843917,49.70854243500712
DEMO-E04-5Q-0004,28.82677963698308,48.023413561777446
DEMO-E04-5Q-0004,28.855535485526985,47.14881645826394
DEMO-E04-5Q-0004,28.884291334070895,47.08192158936685
DEMO-E04-5Q-0004,28.913047182614804,47.816971218400035
DEMO-E04-5Q-0004,28.94180303115871,49.345339787964946
DEMO-E04-5Q-0004,28.97055887970262,51.655608832042134
DEMO-E04-5Q-0004,28.999314728246528,54.73365557839783
DEMO-E04-5Q-0004,29.028070576790434,58.56275428739894
DEMO-E04-5Q-0004,29.056826425334343,63.12368927516161
DEMO-E04-5Q-0004,29.085582273878252,68.39487848668826
DEMO-E04-5Q-0004,29.11433812242216,74.35250641912758
DEMO-E04-5Q-0004,29.143093970966067,80.97066514682861
DEMO-E04-5Q-0004,29.171849819509976,88.22150216873986
DEMO-E04-5Q-0004,29.200605668053885,96.07537378456936
DEMO-E04-5Q-0004,29.22936151659779,104.50100270868886
DEMO-E04-5Q-0004,29.2581173651417,113.46563864902556
DEMO-E04-5Q-0004,29.28687321368561,122.93522061143287
DEMO-E04-5Q-0004,29.315629062229515,132.87453973695725
DEMO-E04-5Q-0004,29.344384910773424,143.24740153850368
DEMO-E04-5Q-0004,29.373140759317334,154.01678647369286
DEMO-E04-5Q-0004,29.40189660786124,165.14500786978786
DEMO-E04-5Q-0004,29.43065245640515,176.59386630397216
DEMO-E04-5Q-0004,29.459408304949058,188.32479963488612
DEMO-E04-5Q-0004,29.488164153492963,200.29902797927073
DEMO-E04-5Q-0004,29.516920002036873,212.47769302738854
DEMO-E04-5Q-0004,29.545675850580782,224.82199119267057
DEMO-E04-5Q-0004,29.57443169912469,237.29330019218608
DEMO-E04-5Q-0004,29.603187547668597,249.85329875434041
DEMO-E04-5Q-0004,29.631943396212506,262.46407924703357
DEMO-E04-5Q-0004,29.660699244756415,275.08825311242776
DEMO-E04-5Q-0004,29.68945509330032,287.6890490826025
DEMO-E04-5Q-0004,29.71821094184423,300.23040423218
DEMO-E04-5Q-0004,29.74696679038814,312.6770479998068
DEMO-E04-5Q-0004,29.775722638932045,324.9945793784189
DEMO-E04-5Q-0004,29.804478487475954,337.1495375348319
DEMO-E04-5Q-0004,29.833234336019864,349.1094661714982
DEMO-E04-5Q-0004,29.86199018456377,360.8429719873394
DEMO-E04-5Q-0004,29.89074603310768,372.3197776299354
DEMO-E04-5Q-0004,29.919501881651588,383.5107695581874
DEMO-E04-5Q-0004,29.948257730195493,394.3880412527635
DEMO-E04-5Q-0004,29.977013578739403,404.9249322216433
DEMO-E04-5Q-0004,30.00576942728331,415.09606324945406
DEMO-E04-5Q-0004,30.034525275827217,424.877368333211
DEMO-E04-5Q-0004,30.063281124371127,434.24612373320423
DEMO-E04-5Q-0004,30.092036972915036,443.1809745469028
DEMO-E04-5Q-0004,30.120792821458945,451.66195918636146
DEMO-E04-5Q-0004,30.14954867000285,459.6705321061344
DEMO-E04-5Q-0004,30.17830451854676,467.1895850900434
DEMO-E04-5Q-0004,30.20706036709067,474.2034673614648
DEMO-E04-5Q-0004,30.235816215634575,480.6980047344861
DEMO-E04-5Q-0004,30.264572064178484,486.66051797248275
DEMO-E04-5Q-0004,30.293327912722393,492.07984046724346
DEMO-E04-5Q-0004,30.3220837612663,496.946335297107
DEMO-E04-5Q-0004,30.35083960981021,501.2519116663065
DEMO-E04-5Q-0004,30.379595458354117,504.9900406719686
DEMO-E04-5Q-0004,30.408351306898023,508.15577028964395
DEMO-E04-5Q-0004,30.437107155441932,510.74573941443913
DEMO-E04-5Q-0004,30.46586300398584,512.7581907430595
DEMO-E04-5Q-0004,30.494618852529747,514.192982233465
DEMO-E04-5Q-0004,30.523374701073656,515.0515968337281
DEMO-E04-5Q-0004,30.552130549617566,515.3371501312015
DEMO-E04-5Q-0004,30.580886398161475,515.0543955376027
DEMO-E04-5Q-0004,30.60964224670538,514.2097265956814
DEMO-E04-5Q-0004,30.63839809524929,512.8111759696303
DEMO-E04-5Q-0004,30.6671539437932,510.86841066446715
DEMO-E04-5Q-0004,30.695909792337105,508.3927230100533
DEMO-E04-5Q-0004,30.724665640881014,505.39701694307536
DEMO-E04-5Q-0004,30.753421489424923,501.8957891263435
DEMO-E04-5Q-0004,30.78217733796883,497.905104458279
DEMO-E04-5Q-0004,30.810933186512738,493.44256554771414
DEMO-E04-5Q-0004,30.839689035056647,488.52727575925405
DEMO-E04-5Q-0004,30.868444883600553,483.1797954729737
DEMO-E04-5Q-0004,30.897200732144462,477.42209124865815
DEMO-E04-5Q-0004,30.92595658068837,471.27747763902585
DEMO-E04-5Q-0004,30.954712429232277,464.7705514578745
DEMO-E04-5Q-0004,30.983468277776186,457.9271183774642
DEMO-E04-5Q-0004,31.012224126320096,450.7741118040407
DEMO-E04-5Q-0004,31.040979974864,443.3395040602202
DEMO-E04-5Q-0004,31.06973582340791,435.6522099875654
DEMO-E04-5Q-0004,31.09849167195182,427.7419831705983
DEMO-E04-5Q-0004,31.12724752049573,419.6393050738929
DEMO-E04-5Q-0004,31.156003369039635,411.37526747558934
DEMO-E04-5Q-0004,31.184759217583544,402.9814486720674
DEMO-E04-5Q-0004,31.213515066127453,394.48978401877537
DEMO-E04-5Q-0004,31.24227091467136,385.93243145922565
DEMO-E04-5Q-0004,31.271026763215268,377.34163277727515
DEMO-E04-5Q-0004,31.299782611759177,368.7495713850574
DEMO-E04-5Q-0004,31.328538460303083,360.1882275289639
DEMO-E04-5Q-0004,31.357294308846992,351.6892318579446
DEMO-E04-5Q-0004,31.3860501573909,343.28371835035205
DEMO-E04-5Q-0004,31.414806005934807,335.00217763698885
DEMO-E04-5Q-0004,31.443561854478716,326.87431178737586
DEMO-E04-5Q-0004,31.472317703022625,318.92889164346076
DEMO-E04-5Q-0004,31.50107355156653,311.1936177887826
DEMO-E04-5Q-0004,31.52982940011044,303.6949862314507
DEMO-E04-5Q-0004,31.55858524865435,296.45815985627974
DEMO-E04-5Q-0004,31.587341097198255,289.50684666446773
DEMO-E04-5Q-0004,31.616096945742164,282.8631857694543
DEMO-E04-5Q-0004,31.644852794286074,276.5476420551437
DEMO-E04-5Q-0004,31.673608642829983,270.5789103284786
DEMO-E04-5Q-0004,31.70236449137389,264.9738297136629
DEMO-E04-5Q-0004,31.731120339917798,259.7473089410499
DEMO-E04-5Q-0004,31.759876188461707,254.91226308153125
DEMO-E04-5Q-0004,31.788632037005613,250.47956216888264
DEMO-E04-5Q-0004,31.817387885549522,246.4579920389655
DEMO-E04-5Q-0004,31.84614373409343,242.8542275986558
DEMO-E04-5Q-0004,31.874899582637337,239.67281861967334
DEMO-E04-5Q-0004,31.903655431181246,236.916188035656
DEMO-E04-5Q-0004,31.932411279725155,234.58464260603247
DEMO-E04-5Q-0004,31.96116712826906,232.67639569943088
DEMO-E04-5Q-0004,31.98992297681297,231.18760184389834
DEMO-E04-5Q-0004,32.01867882535688,230.11240259251394
DEMO-E04-5Q-0004,32.04743467390079,229.4429831622328
DEMO-E04-5Q-0004,32.0761905224447,229.169639222058
DEMO-E04-5Q-0004,32.10494637098861,229.28085313461463
DEMO-E04-5Q-0004,32.133702219532516,229.76337889369094
DEMO-E04-5Q-0004,32.16245806807642,230.60233494954014
DEMO-E04-5Q-0004,32.19121391662033,231.78130407398135
DEMO-E04-5Q-0004,32.21996976516424,233.28243938869684
DEMO-E04-5Q-0004,32.248725613708146,235.0865756622071
DEMO-E04-5Q-0004,32.277481462252055,237.17334497375214
DEMO-E04-5Q-0004,32.306237310795964,239.52129584499954
DEMO-E04-5Q-0004,32.33499315933987,242.10801495265284
DEMO-E04-5Q-0004,32.363749007883776,244.91025055594216
DEMO-E04-5Q-0004,32.392504856427685,247.90403680175356
DEMO-E04-5Q-0004,32.421260704971594,251.06481810601483
DEMO-E04-5Q-0004,32.4500165535155,254.36757285210925
DEMO-E04-5Q-0004,32.47877240205941,257.78693569425394
DEMO-E04-5Q-0004,32.507528250603315,261.2973178055851
DEMO-E04-5Q-0004,32.536284099147224,264.87302446575063
DEMO-E04-5Q-0004,32.56503994769113,268.48836944042256
DEMO-E04-5Q-0004,32.59379579623504,272.11778566469803
DEMO-E04-5Q-0004,32.62255164477895,275.7359318025055
DEMO-E04-5Q-0004,32.65130749332286,279.31779431476133
DEMO-E04-5Q-0004,32.68006334186677,282.83878472892616
DEMO-E04-5Q-0004,32.70881919041067,286.2748318615162
DEMO-E04-5Q-0004,32.73757503895458,289.60246880216397
DEMO-E04-5Q-0004,32.76633088749849,292.798914522708
DEMO-E04-5Q-0004,32.7950867360424,295.84215002689683
DEMO-E04-5Q-0004,32.82384258458631,298.71098900532127
DEMO-E04-5Q-0004,32.85259843313022,301.38514300567783
DEMO-E04-5Q-0004,32.88135428167412,303.84528117011575
DEMO-E04-5Q-0004,32.91011013021803,306.0730846291155
DEMO-E04-5Q-0004,32.93886597876194,308.051295674615
DEMO-E04-5Q-0004,32.96762182730585,309.7637618640316
DEMO-E04-5Q-0004,32.99637767584976,311.1954752309777
DEMO-E04-5Q-0004,33.02513352439367,312.3326067982067
DEMO-E04-5Q-0004,33.05388937293757,313.1625366030504
DEMO-E04-5Q-0004,33.08264522148148,313.67387945583044
DEMO-E04-5Q-0004,33.11140107002539,313.8565066571437
DEMO-E04-5Q-0004,33.140156918569296,313.70156390088806
DEMO-E04-5Q-0004,33.168912767113206,313.20148558622145
DEMO-E04-5Q-0004,33.197668615657115,312.3500057540677
DEMO-E04-5Q-0004,33.226424464201024,311.14216585185835
DEMO-E04-5Q-0004,33.255180312744926,309.57431951487143
DEMO-E04-5Q-0004,33.283936161288835,307.6441345337132
DEMO-E04-5Q-0004,33.312692009832745,305.3505921557167
DEMO-E04-5Q-0004,33.341447858376654,302.69398384390905
DEMO-E04-5Q-0004,33.37020370692056,299.6759055908131
DEMO-E04-5Q-0004,33.39895955546447,296.29924985672596
DEMO-E04-5Q-0004,33.427715404008374,292.5681951732957
DEMO-E04-5Q-0004,33.456471252552284,288.4881934243044
DEMO-E04-5Q-0004,33.48522710109619,284.06595478666617
DEMO-E04-5Q-0004,33.5139829496401,279.3094302867102
DEMO-E04-5Q-0004,33.54273879818401,274.2277919003962
DEMO-E04-5Q-0004,33.57149464672792,268.83141010171613
DEMO-E04-5Q-0004,33.60025049527182,263.1318287418057
DEMO-E04-5Q-0004,33.62900634381573,257.1417371229268
DEMO-E04-5Q-0004,33.65776219235964,250.87493911678965
DEMO-E04-5Q-0004,33.68651804090355,244.34631916631525
DEMO-E04-5Q-0004,33.71527388944746,237.57180500430948
DEMO-E04-5Q-0004,33.74402973799137,230.56832692199538
DEMO-E04-5Q-0004,33.77278558653528,223.35377342492544
DEMO-E04-5Q-0004,33.80154143507918,215.9469431244187
DEMO-E04-5Q-0004,33.83029728362309,208.36749272843042
DEMO-E04-5Q-0004,33.859053132167,200.63588101761994
DEMO-E04-5Q-0004,33.88780898071091,192.77330871960203
DEMO-E04-5Q-0004,33.91656482925482,184.8016542270691
DEMO-E04-5Q-0004,33.945320677798726,176.74340514324325
DEMO-E04-5Q-0004,33.97407652634263,168.62158568055378
DEMO-E04-5Q-0004,34.00283237488654,160.45967998497272
DEMO-E04-5Q-0004,34.03158822343045,152.2815515085924
DEMO-E04-5Q-0004,34.060344071974356,144.11135860578284
DEMO-E04-5Q-0004,34.089099920518265,135.97346658317824
DEMO-E04-5Q-0004,34.117855769062174,127.89235648960734
DEMO-E04-5Q-0004,34.146611617606084,119.89253098812172
DEMO-E04-5Q-0004,34.175367466149986,111.99841770742208
DEMO-E04-5Q-0004,34.204123314693895,104.23427052325131
DEMO-E04-5Q-0004,34.232879163237804,96.62406927078123
DEMO-E04-5Q-0004,34.26163501178171,89.19141843519125
DEMO-E04-5Q-0004,34.29039086032562,81.95944540942205
DEMO-E04-5Q-0004,34.31914670886953,74.95069894350753
DEMO-E04-5Q-0004,34.347902557413434,68.1870484390135
DEMO-E04-5Q-0004,34.37665840595734,61.68958476356911
DEMO-E04-5Q-0004,34.40541425450125,55.478523274056705
DEMO-E04-5Q-0004,34.43417010304516,49.57310974193806
DEMO-E04-5Q-0004,34.46292595158907,43.99152987040235
DEMO-E04-5Q-0004,34.49168180013298,38.750823080072784
DEMO-E04-5Q-0004,34.52043764867688,33.86680121812963
DEMO-E04-5Q-0004,34.54919349722079,29.353972814985358
DEMO-E04-5Q-0004,34.5779493457647,25.225473473357546
DEMO-E04-5Q-0004,34.60670519430861,21.49300292748106
DEMO-E04-5Q-0004,34.63546104285252,18.166769255626534
DEMO-E04-5Q-0004,34.66421689139643,15.25544066819377
DEMO-E04-5Q-0004,34.69297273994034,12.766105227114133
DEMO-E04-5Q-0004,34.72172858848424,10.704238781356963
DEMO-E04-5Q-0004,34.75048443702815,9.073681328958472
DEMO-E04-5Q-0004,34.77924028557206,7.876621939513728
DEMO-E04-5Q-0004,34.80799613411597,7.11359229357029
DEMO-E04-5Q-0004,34.83675198265988,6.783468818140151
DEMO-E04-5Q-0004,34.865507831203786,6.8834833217135865
DEMO-E04-5Q-0004,34.89426367974769,7.409241958920524
DEMO-E04-5Q-0004,34.9230195282916,8.354752285311195
DEMO-E04-5Q-0004,34.951775376835506,9.712458097668778
DEMO-E04-5Q-0004,34.980531225379416,11.473281695583259
DEMO-E04-5Q-0004,35.009287073923325,13.626673146511044
DEMO-E04-5Q-0004,35.038042922467234,16.160666089698722
DEMO-E04-5Q-0004,35.066798771011136,19.061939574709243
DEMO-E04-5Q-0004,35.095554619555045,22.315885398054284
DEMO-E04-5Q-0004,35.124310468098955,25.906680376768897
DEMO-E04-5Q-0004,35.153066316642864,29.81736298073189
DEMO-E04-5Q-0004,35.18182216518677,34.02991373589099
DEMO-E04-5Q-0004,35.21057801373068,38.52533880812935
DEMO-E04-5Q-0004,35.23933386227459,43.283756181945364
DEMO-E04-5Q-0004,35.268089710818494,48.284483858829816
DEMO-E04-5Q-0004,35.2968455593624,53.50612951689594
DEMO-E04-5Q-0004,35.32560140790631,58.92668109507431
DEMO-E04-5Q-0004,35.35435725645022,64.52359779163852
DEMO-E04-5Q-0004,35.38311310499413,70.27390099701633
DEMO-E04-5Q-0004,35.41186895353804,76.15426471442784
DEMO-E04-5Q-0004,35.44062480208194,82.14110505768176
DEMO-E04-5Q-0004,35.46938065062585,88.21066845335633
DEMO-E04-5Q-0004,35.49813649916976,94.33911821327419
DEMO-E04-5Q-0004,35.52689234771367,100.50261918267898
DEMO-E04-5Q-0004,35.55564819625758,106.67742020860078
DEMO-E04-5Q-0004,35.58440404480149,112.83993421150905
DEMO-E04-5Q-0004,35.61315989334539,118.96681568070751
DEMO-E04-5Q-0004,35.6419157418893,125.03503544966246
DEMO-E04-5Q-0004,35.67067159043321,131.0219526411539
DEMO-E04-5Q-0004,35.69942743897712,136.9053837035958
DEMO-E04-5Q-0004,35.72818328752103,142.66366848848224
DEMO-E04-5Q-0004,35.756939136064936,148.27573334492624
DEMO-E04-5Q-0004,35.785694984608845,153.7211512299649
DEMO-E04-5Q-0004,35.81445083315275,158.98019885306536
DEMO-E04-5Q-0004,35.84320668169666,164.03391088965958
DEMO-E04-5Q-0004,35.871962530240566,168.86413131164312
DEMO-E04-5Q-0004,35.900718378784475,173.4535618927528
DEMO-E04-5Q-0004,35.929474227328384,177.7858079532334
DEMO-E04-5Q-0004,35.958230075872294,181.84542141185273
DEMO-E04-5Q-0004,35.9869859244162,185.61794121362942
DEMO-E04-5Q-0004,36.01574177296011,189.08993119929107
DEMO-E04-5Q-0004,36.044497621504014,192.24901547722902
DEMO-E04-5Q-0004,36.07325347004792,195.0839113509884
DEMO-E04-5Q-0004,36.10200931859183,197.58445984528726
DEMO-E04-5Q-0004,36.13076516713574,199.74165386138617
DEMO-E04-5Q-0004,36.15952101567965,201.54766397862468
DEMO-E04-5Q-0004,36.18827686422356,202.9958619034433
DEMO-E04-5Q-0004,36.21703271276746,204.08084155036315
DEMO-E04-5Q-0004,36.24578856131137,204.79843772169505
DEMO-E04-5Q-0004,36.27454440985528,205.1457423343639
DEMO-E04-5Q-0004,36.30330025839919,205.12111812365535
DEMO-E04-5Q-0004,36.3320561069431,204.72420973510393
DEMO-E04-5Q-0004,36.36081195548701,203.95595209774945
DEMO-E04-5Q-0004,36.38956780403091,202.81857595466914
DEMO-E04-5Q-0004,36.41832365257482,201.3156104107374
DEMO-E04-5Q-0004,36.44707950111873,199.4518823431344
DEMO-E04-5Q-0004,36.47583534966264,197.2335125075842
DEMO-E04-5Q-0004,36.50459119820655,194.6679081634066
DEMO-E04-5Q-0004,36.53334704675046,191.7637520328946
DEMO-E04-5Q-0004,36.562102895294366,188.53098740637188
DEMO-E04-5Q-0004,36.59085874383827,184.9807992032679
DEMO-E04-5Q-0004,36.61961459238218,181.12559080239149
DEMO-E04-5Q-0004,36.64837044092609,176.97895646126483
DEMO-E04-5Q-0004,36.677126289469996,172.5556491552054
DEMO-E04-5Q-0004,36.705882138013905,167.87154368213615
DEMO-E04-5Q-0004,36.734637986557814,162.94359489862353
DEMO-E04-5Q-0004,36.763393835101716,157.7897909768222
DEMO-E04-5Q-0004,36.792149683645626,152.42910160055717
DEMO-E04-5Q-0004,36.820905532189535,146.8814210515854
DEMO-E04-5Q-0004,36.849661380733444,141.16750617435727
DEMO-E04-5Q-0004,36.87841722927735,135.30890924831203
DEMO-E04-5Q-0004,36.90717307782126,129.3279058415149
DEMO-E04-5Q-0004,36.93592892636517,123.24741776690333
DEMO-E04-5Q-0004,36.964684774909074,117.09093131270815
DEMO-E04-5Q-0004,36.99344062345298,110.88241097075145
DEMO-E04-5Q-0004,37.02219647199689,104.64620893982641
DEMO-E04-5Q-0004,37.0509523205408,98.40697073537466
DEMO-E04-5Q-0004,37.07970816908471,92.18953729030503
DEMO-E04-5Q-0004,37.10846401762862,86.01884398451021
DEMO-E04-5Q-0004,37.13721986617252,79.91981709107428
DEMO-E04-5Q-0004,37.16597571471643,73.91726817484773
DEMO-E04-5Q-0004,37.19473156326034,68.03578702279952
DEMO-E04-5Q-0004,37.22348741180425,62.299633724614594
DEMO-E04-5Q-0004,37.25224326034816,56.732630555564135
DEMO-E04-5Q-0004,37.28099910889207,51.358054340788236
DEMO-E04-5Q-0004,37.30975495743597,46.198530000331374
DEMO-E04-5Q-0004,37.33851080597988,41.275925986775135
DEMO-E04-5Q-0004,37.36726665452379,36.611252331864584
DEMO-E04-5Q-0004,37.3960225030677,32.22456201447596
DEMO-E04-5Q-0004,37.42477835161161,28.134856349759247
DEMO-E04-5Q-0004,37.45353420015552,24.359995078059644
DEMO-E04-5Q-0004,37.482290048699426,20.91661180246833
DEMO-E04-5Q-0004,37.51104589724333,17.82003538585339
DEMO-E04-5Q-0004,37.53980174578724,15.084217872390726
DEMO-E04-5Q-0004,37.568557594331146,12.721669445633498
DEMO-E04-5Q-0004,37.597313442875056,10.743400875578136
DEMO-E04-5Q-0004,37.626069291418965,9.15887384209814
DEMO-E04-5Q-0004,37.654825139962874,7.975959452291498
DEMO-E04-5Q-0004,37.683580988506776,7.200905195868935
DEMO-E04-5Q-0004,37.712336837050685,6.838310506823718
DEMO-E04-5Q-0004,37.741092685594595,6.891111022374172
DEMO-E04-5Q-0004,37.769848534138504,7.360571552775231
DEMO-E04-5Q-0004,37.79860438268241,8.246287699183368
DEMO-E04-5Q-0004,37.82736023122632,9.54619598246853
DEMO-E04-5Q-0004,37.856116079770224,11.256592274748686
DEMO-E04-5Q-0004,37.88487192831413,13.372158258476038
DEMO-E04-5Q-0004,37.91362777685804,15.885995575976056
DEMO-E04-5Q-0004,37.94238362540195,18.789667276241502
DEMO-E04-5Q-0004,37.97113947394586,22.073246116130946
DEMO-E04-5Q-0004,37.99989532248977,25.725369230367797
DEMO-E04-5Q-0004,38.02865117103368,29.7332986493768
DEMO-E04-5Q-0004,38.05740701957758,34.08298711608336
DEMO-E04-5Q-0004,38.08616286812149,38.75914863254681
DEMO-E04-5Q-0004,38.1149187166654,43.745333154527174
DEMO-E04-5Q-0004,38.14367456520931,49.02400484683868
DEMO-E04-5Q-0004,38.17243041375322,54.576623313924955
DEMO-E04-5Q-0004,38.20118626229713,60.383727228565654
DEMO-E04-5Q-0004,38.22994211084103,66.42501979617585
DEMO-E04-5Q-0004,38.25869795938494,72.67945551228432
DEMO-E04-5Q-0004,38.28745380792885,79.12532769598849
DEMO-E04-5Q-0004,38.31620965647276,85.74035631167428
DEMO-E04-5Q-0004,38.34496550501667,92.50177562433647
DEMO-E04-5Q-0004,38.373721353560576,99.38642126996386
DEMO-E04-5Q-0004,38.40247720210448,106.37081636057675
DEMO-E04-5Q-0004,38.43123305064839,113.43125628336777
DEMO-E04-5Q-0004,38.4599888991923,120.54389189388823
DEMO-E04-5Q-0004,38.488744747736206,127.684810844068
DEMO-E04-5Q-0004,38.517500596280115,134.83011682618678
DEMO-E04-5Q-0004,38.546256444824024,141.9560065533003
DEMO-E04-5Q-0004,38.575012293367934,149.03884433464307
DEMO-E04-5Q-0004,38.603768141911836,156.0552341403549
DEMO-E04-5Q-0004,38.632523990455745,162.98208908372055
DEMO-E04-5Q-0004,38.661279838999654,169.7966982799469
DEMO-E04-5Q-0004,38.69003568754356,176.47679106866875
DEMO-E04-5Q-0004,38.71879153608747,183.00059861209667
DEMO-E04-5Q-0004,38.74754738463138,189.34691290228233
DEMO-E04-5Q-0004,38.776303233175284,195.49514322890744
DEMO-E04-5Q-0004,38.80505908171919,201.42537017349474
DEMO-E04-5Q-0004,38.8338149302631,207.1183972066318
DEMO-E04-5Q-0004,38.86257077880701,212.55579997222037
DEMO-E04-5Q-0004,38.89132662735092,217.71997334632624
DEMO-E04-5Q-0004,38.92008247589483,222.59417635859984
DEMO-E04-5Q-0004,38.94883832443873,227.1625750611646
DEMO-E04-5Q-0004,38.97759417298264,231.41028342381816
DEMO-E04-5Q-0004,39.00635002152655,235.32340232520212
DEMO-E04-5Q-0004,39.03510587007046,238.88905669788892
DEMO-E04-5Q-0004,39.06386171861437,242.0954308710199
DEMO-E04-5Q-0004,39.09261756715828,244.93180213767994
DEMO-E04-5Q-0004,39.12137341570219,247.388572555824
DEMO-E04-5Q-0004,39.15012926424609,249.45729897157764
DEMO-E04-5Q-0004,39.17888511279,251.13072123258326
DEMO-E04-5Q-0004,39.20764096133391,252.40278853688946
DEMO-E04-5Q-0004,39.23639680987782,253.26868384020142
DEMO-E04-5Q-0004,39.26515265842173,253.72484622154974
DEMO-E04-5Q-0004,39.293908506965636,253.76899108472708
DEMO-E04-5Q-0004,39.32266435550954,253.4001280509409
DEMO-E04-5Q-0004,39.35142020405345,252.61857637704722
DEMO-E04-5Q-0004,39.380176052597356,251.42597771428154
DEMO-E04-5Q-0004,39.408931901141266,249.82530600458776
DEMO-E04-5Q-0004,39.437687749685175,247.82087429617826
DEMO-E04-5Q-0004,39.466443598229084,245.41833824707413
DEMO-E04-5Q-0004,39.49519944677299,242.62469607540714
DEMO-E04-5Q-0004,39.523955295316895,239.44828470886546
DEMO-E04-5Q-0004,39.552711143860805,235.89877188263603
DEMO-E04-5Q-0004,39.581466992404714,231.9871439365203
DEMO-E04-5Q-0004,39.61022284094862,227.72568906716995
DEMO-E04-5Q-0004,39.63897868949253,223.12797580141904
DEMO-E04-5Q-0004,39.66773453803644,218.20882647121624
DEMO-E04-5Q-0004,39.696490386580344,212.98428549013235
DEMO-E04-5Q-0004,39.72524623512425,207.47158225558582
DEMO-E04-5Q-0004,39.75400208366816,201.6890885301632
DEMO-E04-5Q-0004,39.78275793221207,195.65627018915848
DEMO-E04-5Q-0004,39.81151378075598,189.39363326009925
DEMO-E04-5Q-0004,39.84026962929989,182.92266422267664
DEMO-E04-5Q-0004,39.86902547784379,176.26576458452047
DEMO-E04-5Q-0004,39.8977813263877,169.4461797985077
DEMO-E04-5Q-0004,39.92653717493161,162.48792264093234
DEMO-E04-5Q-0004,39.95529302347552,155.4156912256913
DEMO-E04-5Q-0004,39.98404887201943,148.25478188738776
DEMO-E04-5Q-0004,40.01280472056334,141.03099722504155
DEMO-E04-5Q-0004,40.04156056910725,133.77054965690772
DEMO-E04-5Q-0004,40.07031641765115,126.4999608952629
DEMO-E04-5Q-0004,40.09907226619506,119.2459578064825
DEMO-E04-5Q-0004,40.12782811473897,112.03536517604067
DEMO-E04-5Q-0004,40.15658396328288,104.89499594837972
DEMO-E04-5Q-0004,40.185339811826786,97.85153955801252
DEMO-E04-5Q-0004,40.214095660370695,90.93144900892028
DEMO-E04-5Q-0004,40.2428515089146,84.16082739401139
DEMO-E04-5Q-0004,40.27160735745851,77.56531457418791
DEMO-E04-5Q-0004,40.300363206002416,71.16997475673001
DEMO-E04-5Q-0004,40.329119054546325,64.99918572455961
DEMO-E04-5Q-0004,40.357874903090234,59.07653047147477
DEMO-E04-5Q-0004,40.386630751634144,53.42469199282282
DEMO-E04-5Q-0004,40.415386600178046,48.06535196660121
DEMO-E04-5Q-0004,40.444142448721955,43.01909403642112
DEMO-E04-5Q-0004,40.472898297265864,38.30531237548895
DEMO-E04-5Q-0004,40.50165414580977,33.942126169915134
DEMO-E04-5Q-0004,40.53040999435368,29.946300611027418
DEMO-E04-5Q-0004,40.55916584289759,26.333174930397043
DEMO-E04-5Q-0004,40.5879216914415,23.11659794880844
DEMO-E04-5Q-0004,40.6166775399854,20.308871542500643
DEMO-E04-5Q-0004,40.64543338852931,17.920702357474944
DEMO-E04-5Q-0004,40.67418923707322,15.961162026818332
DEMO-E04-5Q-0004,40.70294508561713,14.437656067776775
DEMO-E04-5Q-0004,40.73170093416104,13.355901556142209
DEMO-E04-5Q-0004,40.76045678270495,12.719913596364647
DEMO-E04-5Q-0004,40.78921263124885,12.532000528017823
DEMO-E04-5Q-0004,40.81796847979276,12.79276773380133
DEMO-E04-5Q-0004,40.84672432833667,13.50112984234274
DEMO-E04-5Q-0004,40.87548017688058,14.654331051525107
DEMO-E04-5Q-0004,40.90423602542449,16.247973235878977
DEMO-E04-5Q-0004,40.9329918739684,18.276051445356664
DEMO-E04-5Q-0004,40.9617477225123,20.730996353288525
DEMO-E04-5Q-0004,40.99050357105621,23.603723168904803
DEMO-E04-5Q-0004,41.01925941960012,26.883686494822363
DEMO-E04-5Q-0004,41.04801526814403,30.55894058259687
DEMO-E04-5Q-0004,41.07677111668794,34.61620441978592
DEMO-E04-5Q-0004,41.105526965231846,39.040931070005286
DEMO-E04-5Q-0004,41.134282813775755,43.81738068280224
DEMO-E04-5Q-0004,41.16303866231966,48.92869659278516
DEMO-E04-5Q-0004,41.191794510863566,54.35698393653273
DEMO-E04-5Q-0004,41.220550359407476,60.08339023129911
DEMO-E04-5Q-0004,41.249306207951385,66.08818738051387
DEMO-E04-5Q-0004,41.278062056495294,72.35085459705404
DEMO-E04-5Q-0004,41.3068179050392,78.85016176568435
DEMO-E04-5Q-0004,41.335573753583105,85.56425279993647
DEMO-E04-5Q-0004,41.364329602127015,92.47072858567458
DEMO-E04-5Q-0004,41.393085450670924,99.54672914263877
DEMO-E04-5Q-0004,41.42184129921483,106.7690146759646
DEMO-E04-5Q-0004,41.45059714775874,114.1140452310211
DEMO-E04-5Q-0004,41.47935299630265,121.55805870671925
DEMO-E04-5Q-0004,41.50810884484656,129.077147023522
DEMO-E04-5Q-0004,41.53686469339046,136.6473302827458
DEMO-E04-5Q-0004,41.56562054193437,144.24462879246548
DEMO-E04-5Q-0004,41.59437639047828,151.8451328719877
DEMO-E04-5Q-0004,41.62313223902219,159.42507038139388
DEMO-E04-5Q-0004,41.6518880875661,166.96087195413796
DEMO-E04-5Q-0004,41.68064393611001,174.4292339392067
DEMO-E04-5Q-0004,41.70939978465391,181.8071790847212
DEMO-E04-5Q-0004,41.73815563319782,189.07211501639352
DEMO-E04-5Q-0004,41.76691148174173,196.20189058238984
DEMO-E04-5Q-0004,41.79566733028564,203.17485015053438
DEMO-E04-5Q-0004,41.82442317882955,209.96988595407615
DEMO-E04-5Q-0004,41.85317902737346,216.56648858913442
DEMO-E04-5Q-0004,41.88193487591736,222.94479576980677
DEMO-E04-5Q-0004,41.91069072446127,229.08563944619945
DEMO-E04-5Q-0004,41.93944657300518,234.97059138636388
DEMO-E04-5Q-0004,41.96820242154909,240.58200731558065
DEMO-E04-5Q-0004,41.996958270092996,245.90306969546376
DEMO-E04-5Q-0004,42.025714118636905,250.91782921174973
DEMO-E04-5Q-0004,42.054469967180815,255.61124502305057
DEMO-E04-5Q-0004,42.08322581572472,259.969223804089
DEMO-E04-5Q-0004,42.111981664268626,263.97865759591275
DEMO-E04-5Q-0004,42.140737512812535,267.627460452929
DEMO-E04-5Q-0004,42.169493361356444,270.9046038524272
DEMO-E04-5Q-0004,42.198249209900354,273.8001508072016
DEMO-E04-5Q-0004,42.22700505844426,276.3052885960145
DEMO-E04-5Q-0004,42.255760906988165,278.4123600006267
DEMO-E04-5Q-0004,42.284516755532074,280.11489291237785
DEMO-E04-5Q-0004,42.31327260407598,281.407628145778
DEMO-E04-5Q-0004,42.34202845261989,282.2865452726624
DEMO-E04-5Q-0004,42.3707843011638,282.74888626731456
DEMO-E04-5Q-0004,42.39954014970771,282.79317673228473
DEMO-E04-5Q-0004,42.42829599825161,282.41924445579053
DEMO-E04-5Q-0004,42.45705184679552,281.62823503577073
DEMO-E04-5Q-0004,42.48580769533943,280.4226242927209
DEMO-E04-5Q-0004,42.51456354388334,278.8062271841046
DEMO-E04-5Q-0004,42.54331939242725,276.7842029275458
DEMO-E04-5Q-0004,42.57207524097116,274.3630560386979
DEMO-E04-5Q-0004,42.60083108951507,271.5506329925996
DEMO-E04-5Q-0004,42.62958693805897,268.3561142252121
DEMO-E04-5Q-0004,42.65834278660288,264.7900012042925
DEMO-E04-5Q-0004,42.68709863514679,260.86409831654623
DEMO-E04-5Q-0004,42.7158544836907,256.5914893405793
DEMO-E04-5Q-0004,42.74461033223461,251.98650830311504
DEMO-E04-5Q-0004,42.77336618077852,247.06470454869094
DEMO-E04-5Q-0004,42.80212202932242,241.84280189084095
DEMO-E04-5Q-0004,42.83087787786633,236.3386517550776
DEMO-E04-5Q-0004,42.85963372641024,230.5711802707063
DEMO-E04-5Q-0004,42.88838957495415,224.56032931894572
DEMO-E04-5Q-0004,42.917145423498056,218.32699159890444
DEMO-E04-5Q-0004,42.945901272041965,211.89293982962695
DEMO-E04-5Q-0004,42.97465712058587,205.2807502652404
DEMO-E04-5Q-0004,43.003412969129776,198.51372076050035
DEMO-E04-5Q-0004,43.032168817673686,191.61578368482617
DEMO-E04-5Q-0004,43.060924666217595,184.6114140432387
DEMO-E04-5Q-0004,43.089680514761504,177.52553322195294
DEMO-E04-5Q-0004,43.11843636330541,170.38340883337224
DEMO-E04-5Q-0004,43.14719221184932,163.21055118904587
DEMO-E04-5Q-0004,43.175948060393225,156.03260697918222
DEMO-E04-5Q-0004,43.204703908937134,148.87525078199027
DEMO-E04-5Q-0004,43.23345975748104,141.76407506542864
DEMO-E04-5Q-0004,43.26221560602495,134.72447937616855
DEMO-E04-5Q-0004,43.29097145456886,127.78155943599796
DEMO-E04-5Q-0004,43.31972730311277,120.95999688298639
DEMO-E04-5Q-0004,43.34848315165667,114.2839504039196
DEMO-E04-5Q-0004,43.37723900020058,107.7769490045963
DEMO-E04-5Q-0004,43.40599484874449,101.46178815625957
DEMO-E04-5Q-0004,43.4347506972884,95.36042953898311
DEMO-E04-5Q-0004,43.46350654583231,89.49390507672152
DEMO-E04-5Q-0004,43.49226239437622,83.88222592435775
DEMO-E04-5Q-0004,43.52101824292012,78.54429702454571
DEMO-E04-5Q-0004,43.54977409146403,73.49783780236827
DEMO-E04-5Q-0004,43.57852994000794,68.75930950948145
DEMO-E04-5Q-0004,43.60728578855185,64.34384966709428
DEMO-E04-5Q-0004,43.63604163709576,60.265213990177955
DEMO-E04-5Q-0004,43.66479748563967,56.53572610446234
DEMO-E04-5Q-0004,43.69355333418358,53.16623529415251
DEMO-E04-5Q-0004,43.72230918272748,50.166082443255135
DEMO-E04-5Q-0004,43.75106503127139,47.54307425760719
DEMO-E04-5Q-0004,43.7798208798153,45.30346577983625
DEMO-E04-5Q-0004,43.808576728359206,43.451951136058476
DEMO-E04-5Q-0004,43.837332576903115,41.99166238258161
DEMO-E04-5Q-0004,43.866088425447025,40.92417625390784
DEMO-E04-5Q-0004,43.89484427399093,40.24952855088252
DEMO-E04-5Q-0004,43.923600122534836,39.96623585061198
DEMO-E04-5Q-0004,43.952355971078745,40.071324168426564
DEMO-E04-5Q-0004,43.981111819622654,40.56036415710363
DEMO-E04-5Q-0004,44.009867668166564,41.42751239031591
DEMO-E04-5Q-0004,44.03862351671047,42.66555824589524
DEMO-E04-5Q-0004,44.06737936525438,44.26597588025859
DEMO-E04-5Q-0004,44.096135213798284,46.218980768151944
DEMO-E04-5Q-0004,44.12489106234219,48.51359027165036
DEMO-E04-5Q-0004,44.1536469108861,51.137687698835265
DEMO-E04-5Q-0004,44.18240275943001,54.0780893155136
DEMO-E04-5Q-0004,44.21115860797392,57.3206137823077
DEMO-E04-5Q-0004,44.23991445651783,60.85015350390752
DEMO-E04-5Q-0004,44.26867030506173,64.6507473969198
DEMO-E04-5Q-0004,44.29742615360564,68.70565460665888
DEMO-E04-5Q-0004,44.32618200214955,72.99742873122081
DEMO-E04-5Q-0004,44.35493785069346,77.50799214232346
DEMO-E04-5Q-0004,44.38369369923737,82.21871002615714
DEMO-E04-5Q-0004,44.41244954778128,87.11046380338
DEMO-E04-5Q-0004,44.44120539632518,92.16372362452671
DEMO-E04-5Q-0004,44.46996124486909,97.3586196752289
DEMO-E04-5Q-0004,44.498717093413,102.67501206380255
DEMO-E04-5Q-0004,44.52747294195691,108.09255910175716
DEMO-E04-5Q-0004,44.55622879050082,113.59078382497752
DEMO-E04-5Q-0004,44.58498463904473,119.14913863906929
DEMO-E04-5Q-0004,44.613740487588636,124.747068006652
DEMO-E04-5Q-0004,44.64249633613254,130.3640691263467
DEMO-E04-5Q-0004,44.67125218467645,135.97975058285704
DEMO-E04-5Q-0004,44.70000803322036,141.5738889745151
DEMO-E04-5Q-0004,44.728763881764266,147.12648354845686
DEMO-E04-5Q-0004,44.757519730308175,152.61780889445612
DEMO-E04-5Q-0004,44.786275578852084,158.02846576570792
DEMO-E04-5Q-0004,44.815031427395986,163.3394301088979
DEMO-E04-5Q-0004,44.843787275939896,168.5321003961774
DEMO-E04-5Q-0004,44.872543124483805,173.58834335850452
DEMO-E04-5Q-0004,44.901298973027714,178.49053822314582
DEMO-E04-5Q-0004,44.93005482157162,183.22161955772512
DEMO-E04-5Q-0004,44.95881067011553,187.7651188197209
DEMO-E04-5Q-0004,44.987566518659435,192.10520470322194
DEMO-E04-5Q-0004,45.016322367203344,196.2267223647793
DEMO-E04-5Q-0004,45.04507821574725,200.1152315971523
DEMO-E04-5Q-0004,45.07383406429116,203.75704400410936
DEMO-E04-5Q-0004,45.10258991283507,207.13925921135876
DEMO-E04-5Q-0004,45.13134576137898,210.24980012850577
DEMO-E04-5Q-0004,45.16010160992289,213.07744725490042
DEMO-E04-5Q-0004,45.18885745846679,215.61187199885364
DEMO-E04-5Q-0004,45.2176133070107,217.8436689552055
DEMO-E04-5Q-0004,45.24636915555461,219.76438706099046
DEMO-E04-5Q-0004,45.27512500409852,221.36655952356202
DEMO-E04-5Q-0004,45.30388085264243,222.6437323902462
DEMO-E04-5Q-0004,45.33263670118634,223.59049160378024
DEMO-E04-5Q-0004,45.36139254973024,224.20248836429548
DEMO-E04-5Q-0004,45.39014839827415,224.47646259621553
DEMO-E04-5Q-0004,45.41890424681806,224.41026429820002
DEMO-E04-5Q-0004,45.44766009536197,224.00287253630592
DEMO-E04-5Q-0004,45.47641594390588,223.2544118252492
DEMO-E04-5Q-0004,45.50517179244979,222.1661656306313
DEMO-E04-5Q-0004,45.53392764099369,220.74058671634393
DEMO-E04-5Q-0004,45.5626834895376,218.98130405680934
DEMO-E04-5Q-0004,45.59143933808151,216.8931260330569
DEMO-E04-5Q-0004,45.620195186625416,214.48203963567414
DEMO-E04-5Q-0004,45.648951035169326,211.75520540616483
DEMO-E04-5Q-0004,45.677706883713235,208.72094786167034
DEMO-E04-5Q-0004,45.706462732257144,205.38874116626064
DEMO-E04-5Q-0004,45.735218580801046,201.7691898352305
DEMO-E04-5Q-0004,45.763974429344955,197.87400428684325
DEMO-E04-5Q-0004,45.792730277888865,193.7159710888507
DEMO-E04-5Q-0004,45.821486126432774,189.30891778429418
DEMO-E04-5Q-0004,45.85024197497668,184.66767222278395
DEMO-E04-5Q-0004,45.87899782352059,179.8080163686968
DEMO-E04-5Q-0004,45.907753672064494,174.74663460646963
DEMO-E04-5Q-0004,45.9365095206084,169.5010566146997
DEMO-E04-5Q-0004,45.96526536915231,164.0895949344808
DEMO-E04-5Q-0004,45.99402121769622,158.53127741244165
DEMO-E04-5Q-0004,46.02277706624013,152.84577475493597
DEMO-E04-5Q-0004,46.05153291478404,147.05332348550883
DEMO-E04-5Q-0004,46.08028876332795,141.17464465256492
DEMO-E04-5Q-0004,46.10904461187185,135.23085868719434
DEMO-E04-5Q-0004,46.13780046041576,129.24339686124898
DEMO-E04-5Q-0004,46.16655630895967,123.23390984266305
DEMO-E04-5Q-0004,46.19531215750358,117.22417388721892
DEMO-E04-5Q-0004,46.22406800604749,111.23599524311044
DEMO-E04-5Q-0004,46.2528238545914,105.29111337612603
DEMO-E04-5Q-0004,46.2815797031353,99.4111036478569
DEMO-E04-5Q-0004,46.31033555167921,93.61728009727473
DEMO-E04-5Q-0004,46.33909140022312,87.93059898629609
DEMO-E04-5Q-0004,46.36784724876703,82.37156377264529
DEMO-E04-5Q-0004,46.39660309731094,76.96013216799501
DEMO-E04-5Q-0004,46.425358945854846,71.71562592637157
DEMO-E04-5Q-0004,46.45411479439875,66.65664398688256
DEMO-E04-5Q-0004,46.48287064294266,61.80097956659321
DEMO-E04-5Q-0004,46.51162649148657,57.16554176385634
DEMO-E04-5Q-0004,46.540382340030476,52.76628219065428
DEMO-E04-5Q-0004,46.569138188574385,48.61812710462105
DEMO-E04-5Q-0004,46.597894037118294,44.73491545849314
DEMO-E04-5Q-0004,46.626649885662204,41.12934322761129
DEMO-E04-5Q-0004,46.655405734206106,37.81291431529597
DEMO-E04-5Q-0004,46.684161582750015,34.7958982730667
DEMO-E04-5Q-0004,46.712917431293924,32.0872950079108
DEMO-E04-5Q-0004,46.74167327983783,29.69480658378754
DEMO-E04-5Q-0004,46.77042912838174,27.62481615993642
DEMO-E04-5Q-0004,46.79918497692565,25.88237404516923
DEMO-E04-5Q-0004,46.827940825469554,24.471190786269208
DEMO-E04-5Q-0004,46.85669667401346,23.393637150580638
DEMO-E04-5Q-0004,46.88545252255737,22.65075080843038
DEMO-E04-5Q-0004,46.91420837110128,22.242249471143996
DEMO-E04-5Q-0004,46.94296421964519,22.166550195223113
DEMO-E04-5Q-0004,46.9717200681891,22.420794523435855
DEMO-E04-5Q-0004,47.000475916733,23.000879099408817
DEMO-E04-5Q-0004,47.02923176527691,23.90149136383478
DEMO-E04-5Q-0004,47.05798761382082,25.11614991795919
DEMO-E04-5Q-0004,47.08674346236473,26.637249123383206
DEMO-E04-5Q-0004,47.11549931090864,28.456107496482613
DEMO-E04-5Q-0004,47.14425515945255,30.563019450511185
DEMO-E04-5Q-0004,47.17301100799646,32.947309938779306
DEMO-E04-5Q-0004,47.20176685654036,35.597391557517014
DEMO-E04-5Q-0004,47.23052270508427,38.5008236769808
DEMO-E04-5Q-0004,47.25927855362818,41.644373183611464
DEMO-E04-5Q-0004,47.28803440217209,45.01407643399958
DEMO-E04-5Q-0004,47.316790250716,48.595302042765404
DEMO-E04-5Q-0004,47.345546099259906,52.37281415055478
DEMO-E04-5Q-0004,47.37430194780381,56.33083584478905
DEMO-E04-5Q-0004,47.40305779634772,60.45311243402437
DEMO-E04-5Q-0004,47.431813644891626,64.72297430630039
DEMO-E04-5Q-0004,47.460569493435536,69.12339913224142
DEMO-E04-5Q-0004,47.489325341979445,73.63707320431435
DEMO-E04-5Q-0004,47.518081190523354,78.24645173432819
DEMO-E04-5Q-0004,47.546837039067256,82.93381796129346
DEMO-E04-5Q-0004,47.575592887611165,87.6813409510796
DEMO-E04-5Q-0004,47.604348736155075,92.47113199717384
DEMO-E04-5Q-0004,47.633104584698984,97.28529955835452
DEMO-E04-5Q-0004,47.66186043324289,102.1060026935483
DEMO-E04-5Q-0004,47.6906162817868,106.91550297666065
DEMO-E04-5Q-0004,47.71937213033071,111.69621489416029
DEMO-E04-5Q-0004,47.748127978874614,116.43075474589672
DEMO-E04-5Q-0004,47.77688382741852,121.10198808442739
DEMO-E04-5Q-0004,47.80563967596243,125.69307574026408
DEMO-E04-5Q-0004,47.83439552450634,130.187518489761
DEMO-E04-5Q-0004,47.86315137305025,134.5692004285074
DEMO-E04-5Q-0004,47.89190722159416,138.82243111666946
DEMO-E04-5Q-0004,47.92066307013806,142.93198656301843
DEMO-E04-5Q-0004,47.94941891868197,146.88314911202136
DEMO-E04-5Q-0004,47.97817476722588,150.6617462932531
DEMO-E04-5Q-0004,48.00693061576979,154.25418868440192
DEMO-E04-5Q-0004,48.0356864643137,157.6475068288995
DEMO-E04-5Q-0004,48.06444231285761,160.8293872364697
DEMO-E04-5Q-0004,48.09319816140151,163.78820748006424
DEMO-E04-5Q-0004,48.12195400994542,166.51307038597352
DEMO-E04-5Q-0004,48.15070985848933,168.99383729562012
DEMO-E04-5Q-0004,48.17946570703324,171.22116035793346
DEMO-E04-5Q-0004,48.20822155557715,173.1865137905202
DEMO-E04-5Q-0004,48.236977404121056,174.88222402666744
DEMO-E04-5Q-0004,48.265733252664965,176.30149864353896
DEMO-E04-5Q-0004,48.29448910120887,177.43845394550917
DEMO-E04-5Q-0004,48.32324494975278,178.28814105548054
DEMO-E04-5Q-0004,48.352000798296686,178.84657034685327
DEMO-E04-5Q-0004,48.380756646840595,179.11073402994614
DEMO-E04-5Q-0004,48.409512495384504,179.0786266892805
DEMO-E04-5Q-0004,48.438268343928414,178.74926355315333
DEMO-E04-5Q-0004,48.467024192472316,178.12269626394644
DEMO-E04-5Q-0004,48.495780041016225,177.20002590789045
DEMO-E04-5Q-0004,48.524535889560134,175.98341305613812
DEMO-E04-5Q-0004,48.55329173810404,174.47608456579547
DEMO-E04-5Q-0004,48.58204758664795,172.68233689013184
DEMO-E04-5Q-0004,48.61080343519186,170.6075356516725
DEMO-E04-5Q-0004,48.63955928373577,168.25811124077123
DEMO-E04-5Q-0004,48.66831513227967,165.64155021531872
DEMO-E04-5Q-0004,48.69707098082358,162.76638229493665
DEMO-E04-5Q-0004,48.72582682936749,159.6421627650279
DEMO-E04-5Q-0004,48.7545826779114,156.2794501324993
DEMO-E04-5Q-0004,48.78333852645531,152.6897789057015
DEMO-E04-5Q-0004,48.81209437499922,148.88562740589623
DEMO-E04-5Q-0004,48.84085022354312,144.88038055600683
DEMO-E04-5Q-0004,48.86960607208703,140.68828763426515
DEMO-E04-5Q-0004,48.89836192063094,136.3244150251407
DEMO-E04-5Q-0004,48.92711776917485,131.80459404694932
DEMO-E04-5Q-0004,48.95587361771876,127.14536398445561
DEMO-E04-5Q-0004,48.98462946626267,122.36391050473009
DEMO-E04-5Q-0004,49.01338531480657,117.47799968473997
DEMO-E04-5Q-0004,49.04214116335048,112.5059079291565
DEMO-E04-5Q-0004,49.07089701189439,107.46634810558578
DEMO-E04-5Q-0004,49.0996528604383,102.3783922711575
DEMO-E04-5Q-0004,49.12840870898221,97.2613914084762
DEMO-E04-5Q-0004,49.157164557526116,92.1348926293597
DEMO-E04-5Q-0004,49.185920406070025,87.01855434111626
DEMO-E04-5Q-0004,49.21467625461393,81.93205990123138
DEMO-E04-5Q-0004,49.243432103157836,76.89503031223774
DEMO-E04-5Q-0004,49.272187951701746,71.92693652807543
DEMO-E04-5Q-0004,49.300943800245655,67.04701195658117
DEMO-E04-5Q-0004,49.329699648789564,62.27416574900876
DEMO-E04-5Q-0004,49.35845549733347,57.626897467026716
DEMO-E04-5Q-0004,49.387211345877375,53.1232137099834
DEMO-E04-5Q-0004,49.415967194421285,48.78054727060226
DEMO-E04-5Q-0004,49.444723042965194,44.615679365985315
DEMO-E04-5Q-0004,49.4734788915091,40.644665462866996
DEMO-E04-5Q-0004,49.50223474005301,36.882765182238984
DEMO-E04-5Q-0004,49.53099058859692,33.344376729054666
DEMO-E04-5Q-0004,49.559746437140824,30.042976248514677
DEMO-E04-5Q-0004,49.58850228568473,26.99106246194026
DEMO-E04-5Q-0004,49.61725813422864,24.200106883621977
DEMO-E04-5Q-0004,49.64601398277255,21.680509865547798
DEMO-E04-5Q-0004,49.67476983131646,19.44156266096998
DEMO-E04-5Q-0004,49.70352567986037,17.491415640917708
DEMO-E04-5Q-0004,49.73228152840428,15.837052740811263
DEMO-E04-5Q-0004,49.76103737694818,14.484272158424522
DEMO-E04-5Q-0004,49.78979322549209,13.437673269896758
DEMO-E04-5Q-0004,49.818549074036,12.700649678525178
DEMO-E04-5Q-0004,49.84730492257991,12.275388261912061
DEMO-E04-5Q-0004,49.87606077112382,12.162874037560368
DEMO-E04-5Q-0004,49.90481661966773,12.362900625512946
DEMO-E04-5Q-0004,49.93357246821163,12.874086049669305
DEMO-E04-5Q-0004,49.96232831675554,13.693893587138586
DEMO-E04-5Q-0004,49.99108416529945,14.81865734771603
DEMO-E04-5Q-0004,50.01984001384336,16.24361224338877
DEMO-E04-5Q-0004,50.048595862387266,17.962927990677397
DEMO-E04-5Q-0004,50.077351710931175,19.96974677663568
DEMO-E04-5Q-0004,50.10610755947508,22.256224212187266
DEMO-E04-5Q-0004,50.13486340801899,24.8135731941548
DEMO-E04-5Q-0004,50.163619256562896,27.632110299394004
DEMO-E04-5Q-0004,50.192375105106805,30.701304340703036
DEMO-E04-5Q-0004,50.221130953650714,34.00982672426499
DEMO-E04-5Q-0004,50.249886802194624,37.54560326175524
DEMO-E04-5Q-0004,50.27864265073853,41.29586710683941
DEMO-E04-5Q-0004,50.307398499282435,45.247212504739664
DEMO-E04-5Q-0004,50.336154347826344,49.38564906481854
DEMO-E04-5Q-0004,50.36491019637025,53.69665628904382
DEMO-E04-5Q-0004,50.39366604491416,58.16523811346825
DEMO-E04-5Q-0004,50.42242189345807,62.77597724491804
DEMO-E04-5Q-0004,50.45117774200198,67.51308910071225
DEMO-E04-5Q-0004,50.47993359054588,72.36047518497271
DEMO-E04-5Q-0004,50.50868943908979,77.3017757604829
DEMO-E04-5Q-0004,50.5374452876337,82.32042169995356
DEMO-E04-5Q-0004,50.56620113617761,87.3996854244772
DEMO-E04-5Q-0004,50.59495698472152,92.5227308597974
DEMO-E04-5Q-0004,50.62371283326543,97.67266236232882
DEMO-E04-5Q-0004,50.65246868180934,102.83257258652624
DEMO-E04-5Q-0004,50.68122453035324,107.98558928312413
DEMO-E04-5Q-0004,50.70998037889715,113.11492103347572
DEMO-E04-5Q-0004,50.73873622744106,118.20390193889449
DEMO-E04-5Q-0004,50.76749207598497,123.2360352952199
DEMO-E04-5Q-0004,50.79624792452888,128.1950362918716
DEMO-E04-5Q-0004,50.82500377307279,133.06487378096782
DEMO-E04-5Q-0004,50.85375962161669,137.8298111664551
DEMO-E04-5Q-0004,50.8825154701606,142.47444646443222
DEMO-E04-5Q-0004,50.91127131870451,146.98375158517945
DEMO-E04-5Q-0004,50.94002716724842,151.343110884032
DEMO-E04-5Q-0004,50.968783015792326,155.53835902251322
DEMO-E04-5Q-0004,50.997538864336235,159.55581817332748
DEMO-E04-5Q-0004,51.02629471288014,163.3823345926728
DEMO-E04-5Q-0004,51.055050561424046,167.00531457146815
DEMO-E04-5Q-0004,51.083806409967956,170.41275976306392
DEMO-E04-5Q-0004,51.112562258511865,173.5933018698348
DEMO-E04-5Q-0004,51.141318107055774,176.5362366540214
DEMO-E04-5Q-0004,51.17007395559968,179.23155722048045
DEMO-E04-5Q-0004,51.19882980414359,181.66998650003126
DEMO-E04-5Q-0004,51.227585652687495,183.84300884293123
DEMO-E04-5Q-0004,51.256341501231404,185.7429006122389
DEMO-E04-5Q-0004,51.28509734977531,187.3627596474698
DEMO-E04-5Q-0004,51.31385319831922,188.69653344964425
DEMO-E04-5Q-0004,51.34260904686313,189.7390459207469
DEMO-E04-5Q-0004,51.37136489540704,190.48602247315546
DEMO-E04-5Q-0004,51.40012074395094,190.93411330911684
DEMO-E04-5Q-0004,51.42887659249485,191.08091465627663
DEMO-E04-5Q-0004,51.45763244103876,190.92498773399268
DEMO-E04-5Q-0004,51.48638828958267,190.465875215686
DEMO-E04-5Q-0004,51.51514413812658,189.70411494674246
DEMO-E04-5Q-0004,51.54389998667049,188.64125067430302
DEMO-E04-5Q-0004,51.57265583521439,187.27983954582726
DEMO-E04-5Q-0004,51.6014116837583,185.6234561377256
DEMO-E04-5Q-0004,51.63016753230221,183.6766927833457
DEMO-E04-5Q-0004,51.65892338084612,181.44515598191043
DEMO-E04-5Q-0004,51.68767922939003,178.93545868625344
DEMO-E04-5Q-0004,51.71643507793394,176.1552082878231
DEMO-E04-5Q-0004,51.74519092647785,173.11299014180682
DEMO-E04-5Q-0004,51.77394677502175,169.81834650394205
DEMO-E04-5Q-0004,51.80270262356566,166.28175078275208
DEMO-E04-5Q-0004,51.83145847210957,162.51457704681007
DEMO-E04-5Q-0004,51.860214320653476,158.5290647655722
DEMO-E04-5Q-0004,51.888970169197385,154.33827880378763
DEMO-E04-5Q-0004,51.917726017741295,149.956064733525
DEMO-E04-5Q-0004,51.9464818662852,145.3969995730312
DEMO-E04-5Q-0004,51.975237714829106,140.67633810824375
DEMO-E04-5Q-0004,52.003993563373015,135.80995499940963
DEMO-E04-5Q-0004,52.032749411916924,130.81428292161186
DEMO-E04-5Q-0004,52.061505260460834,125.7062470332278
DEMO-E04-5Q-0004,52.09026110900474,120.50319610963719
DEMO-E04-5Q-0004,52.119016957548645,115.22283072025576
DEMO-E04-5Q-0004,52.147772806092554,109.88312886434265
DEMO-E04-5Q-0004,52.17652865463646,104.50226951444725
DEMO-E04-5Q-0004,52.20528450318037,99.09855454509754
DEMO-E04-5Q-0004,52.23404035172428,93.6903295480755
DEMO-E04-5Q-0004,52.26279620026819,88.2959040534911
DEMO-E04-5Q-0004,52.2915520488121,82.93347168796079
DEMO-E04-5Q-0004,52.320307897356,77.62103080703321
DEMO-E04-5Q-0004,52.34906374589991,72.37630613816869
DEMO-E04-5Q-0004,52.37781959444382,67.21667196371423
DEMO-E04-5Q-0004,52.40657544298773,62.15907735986013
DEMO-E04-5Q-0004,52.43533129153164,57.21997398791209
DEMO-E04-5Q-0004,52.46408714007555,52.41524690897115
DEMO-E04-5Q-0004,52.49284298861945,47.760148862346504
DEMO-E04-5Q-0004,52.52159883716336,43.26923841220271
DEMO-E04-5Q-0004,52.55035468570727,38.95632232729405
DEMO-E04-5Q-0004,52.57911053425118,34.83440251482532
DEMO-E04-5Q-0004,52.60786638279509,30.915627783125363
DEMO-E04-5Q-0004,52.636622231339,27.21125065934938
DEMO-E04-5Q-0004,52.665378079882906,23.731589438234373
DEMO-E04-5Q-0004,52.69413392842681,20.48599558763737
DEMO-E04-5Q-0004,52.72288977697072,17.4828265860296
DEMO-E04-5Q-0004,52.75164562551463,14.729424217823773
DEMO-E04-5Q-0004,52.780401474058536,12.232098304391089
DEMO-E04-5Q-0004,52.809157322602445,9.996115803176789
DEMO-E04-5Q-0004,52.837913171146354,8.025695164311335
DEMO-E04-5Q-0004,52.86666901969026,6.324005794712906
DEMO-E04-5Q-0004,52.895424868234166,4.8931724437498865
DEMO-E04-5Q-0004,52.924180716778075,3.7342842927402784
DEMO-E04-5Q-0004,52.952936565321984,2.847408503010505
DEMO-E04-5Q-0004,52.98169241386589,2.2316079541062885
DEMO-E04-5Q-0004,53.0104482624098,1.8849628851207503
DEMO-E04-5Q-0004,53.039204110953705,1.8045961379639863
DEMO-E04-5Q-0004,53.067959959497614,1.9867016916712834
DEMO-E04-5Q-0004,53.09671580804152,2.426576171413822
DEMO-E04-5Q-0004,53.12547165658543,3.118653014476489
DEMO-E04-5Q-0004,53.15422750512934,4.0565389779211385
DEMO-E04-5Q-0004,53.18298335367325,5.233052678590854
DEMO-E04-5Q-0004,53.21173920221716,6.640264865284326
DEMO-E04-5Q-0004,53.24049505076106,8.269540134892425
DEMO-E04-5Q-0004,53.26925089930497,10.111579818762044
DEMO-E04-5Q-0004,53.29800674784888,12.156465782046972
DEMO-E04-5Q-0004,53.32676259639279,14.393704897071414
DEMO-E04-5Q-0004,53.3555184449367,16.812273971227867
DEMO-E04-5Q-0004,53.38427429348061,19.40066493039809
DEMO-E04-5Q-0004,53.41303014202451,22.14693007995538
DEMO-E04-5Q-0004,53.44178599056842,25.038727286568818
DEMO-E04-5Q-0004,53.47054183911233,28.06336494528332
DEMO-E04-5Q-0004,53.49929768765624,31.207846616975292
DEMO-E04-5Q-0004,53.52805353620015,34.45891524134136
DEMO-E04-5Q-0004,53.55680938474406,37.803096849729634
DEMO-E04-5Q-0004,53.58556523328796,41.2267437198429
DEMO-E04-5Q-0004,53.61432108183187,44.71607693103304
DEMO-E04-5Q-0004,53.64307693037578,48.25722829367025
DEMO-E04-5Q-0004,53.671832778919686,51.836281639454
DEMO-E04-5Q-0004,53.700588627463596,55.43931347072621
DEMO-E04-5Q-0004,53.729344476007505,59.052432976511966
DEMO-E04-5Q-0004,53.758100324551414,62.661821430178655
DEMO-E04-5Q-0004,53.786856173095316,66.25377098926741
DEMO-E04-5Q-0004,53.815612021639225,69.81472292114881
DEMO-E04-5Q-0004,53.844367870183135,73.33130527942365
DEMO-E04-5Q-0004,53.873123718727044,76.79037005526793
DEMO-E04-5Q-0004,53.90187956727095,80.17902982493348
DEMO-E04-5Q-0004,53.93063541581486,83.48469390997084
DEMO-E04-5Q-0004,53.959391264358764,86.69510406010177
DEMO-E04-5Q-0004,53.98814711290267,89.79836966027821
DEMO-E04-5Q-0004,54.01690296144658,92.78300245363313
DEMO-E04-5Q-0004,54.04565880999049,95.6379507605113
DEMO-E04-5Q-0004,54.0744146585344,98.3526331612637
DEMO-E04-5Q-0004,54.10317050707831,100.91697159659881
DEMO-E04-5Q-0004,54.13192635562221,103.32142382482698
DEMO-E04-5Q-0004,54.16068220416612,105.55701515995415
DEMO-E04-5Q-0004,54.18943805271003,107.6153693989945
DEMO-E04-5Q-0004,54.21819390125394,109.48873883106941
DEMO-E04-5Q-0004,54.24694974979785,111.1700332052154
DEMO-E04-5Q-0004,54.27570559834176,112.65284751852407
DEMO-E04-5Q-0004,54.30446144688567,113.93148847171074
DEMO-E04-5Q-0004,54.33321729542957,115.00099942569003
DEMO-E04-5Q-0004,54.36197314397348,115.85718368053335
DEMO-E04-5Q-0004,54.39072899251739,116.49662588743239
DEMO-E04-5Q-0004,54.4194848410613,116.91671139574636
DEMO-E04-5Q-0004,54.44824068960521,117.11564333056899
DEMO-E04-5Q-0004,54.476996538149116,117.09245719219798
DEMO-E04-5Q-0004,54.50575238669302,116.84703276766432
DEMO-E04-5Q-0004,54.53450823523693,116.38010314592327
DEMO-E04-5Q-0004,54.56326408378084,115.69326063320091
DEMO-E04-5Q-0004,54.592019932324746,114.78895937296821
DEMO-E04-5Q-0004,54.620775780868655,113.67051448650011
DEMO-E04-5Q-0004,54.649531629412564,112.3420975649411
DEMO-E04-5Q-0004,54.67828747795647,110.80872836220199
DEMO-E04-5Q-0004,54.707043326500376,109.07626255995525
DEMO-E04-5Q-0004,54.735799175044285,107.15137550106908
DEMO-E04-5Q-0004,54.764555023588194,105.04154181634706
DEMO-E04-5Q-0004,54.7933108721321,102.75501090053116
DEMO-E04-5Q-0004,54.82206672067601,100.30077822748518
DEMO-E04-5Q-0004,54.85082256921992,97.68855253044813
DEMO-E04-5Q-0004,54.879578417763824,94.9287189111103
DEMO-E04-5Q-0004,54.90833426630773,92.03229798038151
DEMO-E04-5Q-0004,54.93709011485164,89.0109011735311
DEMO-E04-5Q-0004,54.96584596339555,85.87668242231713
DEMO-E04-5Q-0004,54.99460181193946,82.64228640629479
DEMO-E04-5Q-0004,55.02335766048337,79.32079364387891
DEMO-E04-5Q-0004,55.05211350902727,75.92566272030743
DEMO-E04-5Q-0004,55.08086935757118,72.47066998400776
DEMO-E04-5Q-0004,55.10962520611509,68.96984707411202
DEMO-E04-5Q-0004,55.138381054659,65.43741666956497
DEMO-E04-5Q-0004,55.16713690320291,61.88772687391756
DEMO-E04-5Q-0004,55.19589275174682,58.33518466900351
DEMO-E04-5Q-0004,55.22464860029073,54.794188884799325
DEMO-E04-5Q-0004,55.25340444883463,51.27906314176391
DEMO-E04-5Q-0004,55.28216029737854,47.803989225382274
DEMO-E04-5Q-0004,55.31091614592245,44.38294135070825
DEMO-E04-5Q-0004,55.33967199446636,41.02962176703044
DEMO-E04-5Q-0004,55.36842784301027,37.7573981398355
DEMO-E04-5Q-0004,55.397183691554176,34.57924312897837
DEMO-E04-5Q-0004,55.42593954009808,31.50767655885755
DEMO-E04-5Q-0004,55.45469538864199,28.55471054862237
DEMO-E04-5Q-0004,55.483451237185896,25.731797938656385
DEMO-E04-5Q-0004,55.512207085729806,23.04978431435868
DEMO-E04-5Q-0004,55.540962934273715,20.518863889881164
DEMO-E04-5Q-0004,55.569718782817624,18.148539474030226
DEMO-E04-5Q-0004,55.598474631361526,15.94758669830623
DEMO-E04-5Q-0004,55.627230479905435,13.924022643975228
DEMO-E04-5Q-0004,55.655986328449345,12.08507896164819
DEMO-E04-5Q-0004,55.684742176993254,10.437179533799354
DEMO-E04-5Q-0004,55.71349802553716,8.985922688691913
DEMO-E04-5Q-0004,55.74225387408107,7.736067933738749
DEMO-E04-5Q-0004,55.77100972262498,6.691527138077037
DEMO-E04-5Q-0004,55.799765571168884,5.855360058458271
DEMO-E04-5Q-0004,55.82852141971279,5.229774069897327
DEMO-E04-5Q-0004,55.8572772682567,4.816127933278658
DEMO-E04-5Q-0004,55.88603311680061,4.614939406390922
DEMO-E04-5Q-0004,55.91478896534452,4.625896483003319
DEMO-E04-5Q-0004,55.94354481388843,4.84787202664791
DEMO-E04-5Q-0004,55.97230066243233,5.278941551728334
DEMO-E04-5Q-0004,56.00105651097624,5.91640389451894
DEMO-E04-5Q-0004,56.02981235952015,6.756804510340411
DEMO-E04-5Q-0004,56.05856820806406,7.795961130641009
DEMO-E04-5Q-0004,56.08732405660797,9.028991514652686
DEMO-E04-5Q-0004,56.11607990515188,10.450343034437205
DEMO-E04-5Q-0004,56.14483575369578,12.053823839304552
DEMO-E04-5Q-0004,56.17359160223969,13.832635355419532
DEMO-E04-5Q-0004,56.2023474507836,15.779405888562927
DEMO-E04-5Q-0004,56.23110329932751,17.886225112194637
DEMO-E04-5Q-0004,56.25985914787142,20.144679238817027
DEMO-E04-5Q-0004,56.288614996415326,22.545886689757868
DEMO-E04-5Q-0004,56.317370844959235,25.08053409664211
DEMO-E04-5Q-0004,56.34612669350314,27.738912486486328
DEMO-E04-5Q-0004,56.37488254204705,30.510953521466455
DEMO-E04-5Q-0004,56.403638390590956,33.386265683325725
DEMO-E04-5Q-0004,56.432394239134865,36.35417031117905
DEMO-E04-5Q-0004,56.461150087678774,39.40373741947083
DEMO-E04-5Q-0004,56.489905936222684,42.52382124025546
DEMO-E04-5Q-0004,56.518661784766586,45.70309544998395
DEMO-E04-5Q-0004,56.547417633310495,48.93008805609406
DEMO-E04-5Q-0004,56.576173481854404,52.1932159320174
DEMO-E04-5Q-0004,56.60492933039831,55.48081900111916
DEMO-E04-5Q-0004,56.63368517894222,58.781194080285744
DEMO-E04-5Q-0004,56.66244102748613,62.08262840193109
DEMO-E04-5Q-0004,56.691196876030034,65.37343283978684
DEMO-E04-5Q-0004,56.71995272457394,68.64197486801336
DEMO-E04-5Q-0004,56.74870857311785,71.87671128563359
DEMO-E04-5Q-0004,56.77746442166176,75.06622073856902
DEMO-E04-5Q-0004,56.80622027020567,78.19923606993993
DEMO-E04-5Q-0004,56.83497611874958,81.26467652571941
DEMO-E04-5Q-0004,56.86373196729349,84.25167983720918
DEMO-E04-5Q-0004,56.89248781583739,87.14963419466969
DEMO-E04-5Q-0004,56.9212436643813,89.94821011725897
DEMO-E04-5Q-0004,56.94999951292521,92.63739221397697
DEMO-E04-5Q-0004,56.97875536146912,95.20751081822387
DEMO-E04-5Q-0004,57.00751121001303,97.6492734653183
DEMO-E04-5Q-0004,57.03626705855694,99.95379616796484
DEMO-E04-5Q-0004,57.06502290710084,102.11263442935753
DEMO-E04-5Q-0004,57.09377875564475,104.11781391778952
DEMO-E04-5Q-0004,57.12253460418866,105.96186071014984
DEMO-E04-5Q-0004,57.15129045273257,107.63783099528335
DEMO-E04-5Q-0004,57.18004630127648,109.1393401115998
DEMO-E04-5Q-0004,57.208802149820386,110.46059077731171
DEMO-E04-5Q-0004,57.237557998364295,111.59640035606058
DEMO-E04-5Q-0004,57.2663138469082,112.54222698626532
DEMO-E04-5Q-0004,57.295069695452106,113.2941943889955
DEMO-E04-5Q-0004,57.323825543996016,113.8491151574517
DEMO-E04-5Q-0004,57.352581392539925,114.2045123209646
DEMO-E04-5Q-0004,57.381337241083834,114.35863896853846
DEMO-E04-5Q-0004,57.41009308962774,114.31049571130625
DEMO-E04-5Q-0004,57.438848938171645,114.05984576027984
DEMO-E04-5Q-0004,57.467604786715555,113.60722739572293
DEMO-E04-5Q-0004,57.496360635259464,112.95396360731425
DEMO-E04-5Q-0004,57.52511648380337,112.10216869067987
DEMO-E04-5Q-0004,57.55387233234728,111.054751595282
DEMO-E04-5Q-0004,57.58262818089119,109.8154158319999
DEMO-E04-5Q-0004,57.611384029435094,108.38865576512568
DEMO-E04-5Q-0004,57.640139877979,106.77974913402288
DEMO-E04-5Q-0004,57.66889572652291,104.99474567302669
DEMO-E04-5Q-0004,57.69765157506682,103.04045172530434
DEMO-E04-5Q-0004,57.72640742361073,100.9244107764921
DEMO-E04-5Q-0004,57.75516327215464,98.65487986668433
DEMO-E04-5Q-0004,57.78391912069855,96.24080187498821
DEMO-E04-5Q-0004,57.81267496924245,93.69177370820074
DEMO-E04-5Q-0004,57.84143081778636,91.01801046441929
DEMO-E04-5Q-0004,57.87018666633027,88.23030568259327
DEMO-E04-5Q-0004,57.89894251487418,85.3399878298334
DEMO-E04-5Q-0004,57.92769836341809,82.35887321897931
DEMO-E04-5Q-0004,57.956454211962,79.2992155889684
DEMO-E04-5Q-0004,57.9852100605059,76.17365261907646
DEMO-E04-5Q-0004,58.01396590904981,72.99514968476143
DEMO-E04-5Q-0004,58.04272175759372,69.77694119676957
DEMO-E04-5Q-0004,58.07147760613763,66.53246989575196
DEMO-E04-5Q-0004,58.100233454681536,63.27532450149978
DEMO-E04-5Q-0004,58.128989303225445,60.0191761382921
DEMO-E04-5Q-0004,58.15774515176935,56.77771397545421
DEMO-E04-5Q-0004,58.18650100031326,53.56458053475573
DEMO-E04-5Q-0004,58.215256848857166,50.3933071231701
DEMO-E04-5Q-0004,58.244012697401075,47.27724985094461
DEMO-E04-5Q-0004,58.272768545944984,44.22952669069482
DEMO-E04-5Q-0004,58.301524394488894,41.26295602318666
DEMO-E04-5Q-0004,58.3302802430328,38.38999710014348
DEMO-E04-5Q-0004,58.359036091576705,35.62269283367021
DEMO-E04-5Q-0004,58.387791940120614,32.972615296347875
DEMO-E04-5Q-0004,58.41654778866452,30.45081428601445
DEMO-E04-5Q-0004,58.44530363720843,28.067769275254356
DEMO-E04-5Q-0004,58.47405948575234,25.833345028350294
DEMO-E04-5Q-0004,58.50281533429625,23.756751128301246
DEMO-E04-5Q-0004,58.53157118284015,21.846505614509347
DEMO-E04-5Q-0004,58.56032703138406,20.110402888169343
DEMO-E04-5Q-0004,58.58908287992797,18.555485998360535
DEMO-E04-5Q-0004,58.61783872847188,17.188023377687223
DEMO-E04-5Q-0004,58.64659457701579,16.013490052934266
DEMO-E04-5Q-0004,58.6753504255597,15.036553314156079
DEMO-E04-5Q-0004,58.7041062741036,14.261062785436867
DEMO-E04-5Q-0004,58.73286212264751,13.690044802855816
DEMO-E04-5Q-0004,58.76161797119142,13.325700970338891
DEMO-E04-5Q-0004,58.79037381973533,13.169410732559758
DEMO-E04-5Q-0004,58.81912966827924,13.221737776066169
DEMO-E04-5Q-0004,58.84788551682315,13.482440045656567
DEMO-E04-5Q-0004,58.87664136536706,13.95048314293738
DEMO-E04-5Q-0004,58.90539721391096,14.624056857794898
DEMO-E04-5Q-0004,58.93415306245487,15.500594571614714
DEMO-E04-5Q-0004,58.96290891099878,16.57679526297971
DEMO-E04-5Q-0004,58.99166475954269,17.84864784253779
DEMO-E04-5Q-0004,59.020420608086596,19.311457543357793
DEMO-E04-5Q-0004,59.049176456630505,20.95987409624035
DEMO-E04-5Q-0004,59.07793230517441,22.78792142583119
DEMO-E04-5Q-0004,59.106688153718316,24.789028612843115
DEMO-E04-5Q-0004,59.135444002262226,26.95606187957449
DEMO-E04-5Q-0004,59.164199850806135,29.281357370445104
DEMO-E04-5Q-0004,59.192955699350044,31.75675451541803
DEMO-E04-5Q-0004,59.22171154789395,34.37362978217059
DEMO-E04-5Q-0004,59.250467396437855,37.12293064212639
DEMO-E04-5Q-0004,59.279223244981765,39.99520959545439
DEMO-E04-5Q-0004,59.307979093525674,42.98065812090574
DEMO-E04-5Q-0004,59.33673494206958,46.069140437259556
DEMO-E04-5Q-0004,59.36549079061349,49.2502269839673
DEMO-E04-5Q-0004,59.3942466391574,52.513227549047
DEMO-E04-5Q-0004,59.42300248770131,55.84722399215545
DEMO-E04-5Q-0004,59.45175833624521,59.24110252954548
DEMO-E04-5Q-0004,59.48051418478912,62.683585565469706
DEMO-E04-5Q-0004,59.50927003333303,66.16326307087193
DEMO-E04-5Q-0004,59.53802588187694,69.66862352502326
DEMO-E04-5Q-0004,59.56678173042085,73.18808444886331
DEMO-E04-5Q-0004,59.59553757896476,76.71002256994983
DEMO-E04-5Q-0004,59.62429342750866,80.22280366810423
DEMO-E04-5Q-0004,59.65304927605257,83.71481215795683
DEMO-E04-5Q-0004,59.68180512459648,87.1744804694953
DEMO-E04-5Q-0004,59.71056097314039,90.59031829041122
DEMO-E04-5Q-0004,59.7393168216843,93.95094173453744
DEMO-E04-5Q-0004,59.76807267022821,97.24510249889002
DEMO-E04-5Q-0004,59.79682851877212,100.46171706780046
DEMO-E04-5Q-0004,59.82558436731602,103.58989601657454
DEMO-E04-5Q-0004,59.85434021585993,106.61897345879898
DEMO-E04-5Q-0004,59.88309606440384,109.5385366712526
DEMO-E04-5Q-0004,59.911851912947746,112.3384559182852
DEMO-E04-5Q-0004,59.940607761491655,115.00891448369147
DEMO-E04-5Q-0004,59.969363610035565,117.54043890273982
DEMO-E04-5Q-0004,59.99811945857947,119.9239293702851
DEMO-E04-5Q-0004,60.026875307123376,122.15069028294528
DEMO-E04-5Q-0004,60.055631155667285,124.2124608544567
DEMO-E04-5Q-0004,60.084387004211194,126.10144572376315
DEMO-E04-5Q-0004,60.113142852755104,127.81034545541888
DEMO-E04-5Q-0004,60.14189870129901,129.33238681175257
DEMO-E04-5Q-0004,60.170654549842915,130.6613526561604
DEMO-E04-5Q-0004,60.199410398386824,131.79161132754558
DEMO-E04-5Q-0004,60.22816624693073,132.71814530696543
DEMO-E04-5Q-0004,60.25692209547464,133.4365789800971
DEMO-E04-5Q-0004,60.28567794401855,133.94320528288068
DEMO-E04-5Q-0004,60.31443379256246,134.2350110033168
DEMO-E04-5Q-0004,60.34318964110637,134.30970050019508
DEMO-E04-5Q-0004,60.37194548965027,134.1657175896847
DEMO-E04-5Q-0004,60.40070133819418,133.8022653438025
DEMO-E04-5Q-0004,60.42945718673809,133.2193235407185
DEMO-E04-5Q-0004,60.458213035282,132.41766350645793
DEMO-E04-5Q-0004,60.48696888382591,131.3988600902699
DEMO-E04-5Q-0004,60.51572473236982,130.16530052312478
DEMO-E04-5Q-0004,60.54448058091372,128.72018991905864
DEMO-E04-5Q-0004,60.57323642945763,127.0675531942855
DEMO-E04-5Q-0004,60.60199227800154,125.2122331974681
DEMO-E04-5Q-0004,60.63074812654545,123.15988486760611
DEMO-E04-5Q-0004,60.65950397508936,120.91696526276519
DEMO-E04-5Q-0004,60.68825982363327,118.49071933335826
DEMO-E04-5Q-0004,60.71701567217717,115.8891613478538
DEMO-E04-5Q-0004,60.74577152072108,113.1210519159369
DEMO-E04-5Q-0004,60.77452736926499,110.19587059418522
DEMO-E04-5Q-0004,60.8032832178089,107.12378410147299
DEMO-E04-5Q-0004,60.832039066352806,103.91561021542746
DEMO-E04-5Q-0004,60.860794914896715,100.58277746608846
DEMO-E04-5Q-0004,60.889550763440624,97.13728078858833
DEMO-E04-5Q-0004,60.91830661198453,93.59163334164127
DEMO-E04-5Q-0004,60.947062460528436,89.95881474290293
DEMO-E04-5Q-0004,60.975818309072345,86.25221601460409
DEMO-E04-5Q-0004,61.004574157616254,82.48558157268897
DEMO-E04-5Q-0004,61.03333000616016,78.67294862935523
DEMO-E04-5Q-0004,61.06208585470407,74.82858441167994
DEMO-E04-5Q-0004,61.090841703247975,70.96692162719643
DEMO-E04-5Q-0004,61.119597551791884,67.10249263054858
DEMO-E04-5Q-0004,61.14835340033579,63.24986276298099
DEMO-E04-5Q-0004,61.1771092488797,59.42356334822314
DEMO-E04-5Q-0004,61.20586509742361,55.63802483409289
DEMO-E04-5Q-0004,61.23462094596752,51.907510568592954
DEMO-E04-5Q-0004,61.26337679451142,48.24605169238623
DEMO-E04-5Q-0004,61.29213264305533,44.66738361675317
DEMO-E04-5Q-0004,61.32088849159924,41.1848845371588
DEMO-E04-5Q-0004,61.34964434014315,37.81151640820969
DEMO-E04-5Q-0004,61.37840018868706,34.559768776197
DEMO-E04-5Q-0004,61.40715603723097,31.441605831316753
DEMO-E04-5Q-0004,61.43591188577488,28.468417003518486
DEMO-E04-5Q-0004,61.46466773431878,25.650971384598705
DEMO-E04-5Q-0004,61.49342358286269,22.99937621511135
DEMO-E04-5Q-0004,61.5221794314066,20.523039629022907
DEMO-E04-5Q-0004,61.55093527995051,18.230637802092936
DEMO-E04-5Q-0004,61.57969112849442,16.130086603026175
DEMO-E04-5Q-0004,61.60844697703833,14.228517799724916
DEMO-E04-5Q-0004,61.63720282558223,12.532259827542624
DEMO-E04-5Q-0004,61.66595867412614,11.046823082826602
DEMO-E04-5Q-0004,61.69471452267005,9.776889663777707
DEMO-E04-5Q-0004,61.723470371213956,8.726307442358836
DEMO-E04-5Q-0004,61.752226219757866,7.89808831603822
DEMO-E04-5Q-0004,61.780982068301775,7.294410456947179
DEMO-E04-5Q-0004,61.809737916845684,6.91662434884083
DEMO-E04-5Q-0004,61.838493765389586,6.765262379193411
DEMO-E04-5Q-0004,61.867249613933495,6.840051735090797
DEMO-E04-5Q-0004,61.896005462477405,7.139930337212324
DEMO-E04-5Q-0004,61.924761311021314,7.663065536104499
DEMO-E04-5Q-0004,61.95351715956522,8.40687528908127
DEMO-E04-5Q-0004,61.98227300810913,9.368051534250881
DEMO-E04-5Q-0004,62.011028856653034,10.542585480079174
DEMO-E04-5Q-0004,62.03978470519694,11.925794534449944
DEMO-E04-5Q-0004,62.06854055374085,13.512350605891234
DEMO-E04-5Q-0004,62.09729640228476,15.296309521305794
DEMO-E04-5Q-0004,62.12605225082867,17.271141318829272
DEMO-E04-5Q-0004,62.15480809937258,19.429761190831787
DEMO-E04-5Q-0004,62.18356394791648,21.764560870459007
DEMO-E04-5Q-0004,62.21231979646039,24.267440274861414
DEMO-E04-5Q-0004,62.2410756450043,26.929839239186233
DEMO-E04-5Q-0004,62.26983149354821,29.742769197081554
DEMO-E04-5Q-0004,62.29858734209212,32.69684468557519
DEMO-E04-5Q-0004,62.32734319063603,35.78231457431741
DEMO-E04-5Q-0004,62.35609903917994,38.9890929412334
DEMO-E04-5Q-0004,62.38485488772384,42.30678953795271
DEMO-E04-5Q-0004,62.41361073626775,45.7247398091209
DEMO-E04-5Q-0004,62.44236658481166,49.23203444925507
DEMO-E04-5Q-0004,62.47112243335557,52.81754849914745
DEMO-E04-5Q-0004,62.49987828189948,56.46997000063328
DEMO-E04-5Q-0004,62.528634130443386,60.17782824378721
DEMO-E04-5Q-0004,62.55738997898729,63.9295216538529
DEMO-E04-5Q-0004,62.5861458275312,67.71334537671503
DEMO-E04-5Q-0004,62.61490167607511,71.51751863092716
DEMO-E04-5Q-0004,62.643657524619016,75.33021190150251
DEMO-E04-5Q-0004,62.672413373162925,79.13957405560585
DEMO-E04-5Q-0004,62.701169221706834,82.9337594627983
DEMO-E04-5Q-0004,62.72992507025074,86.70095520289874
DEMO-E04-5Q-0004,62.758680918794646,90.42940844256891
DEMO-E04-5Q-0004,62.787436767338555,94.10745405731949
DEMO-G05-1C-0005,5.2550354685707275,314.8673517245385
DEMO-G05-1C-0005,5.293543300533874,300.83499842085826
DEMO-G05-1C-0005,5.33205113249702,286.4272537000003
DEMO-G05-1C-0005,5.370558964460167,271.73570507933897
DEMO-G05-1C-0005,5.409066796423313,256.8512670318627
DEMO-G05-1C-0005,5.44757462838646,241.8633421417635
DEMO-G05-1C-0005,5.486082460349606,226.85910096776178
DEMO-G05-1C-0005,5.5245902923127534,211.92288384993745
DEMO-G05-1C-0005,5.5630981242759,197.135723460537
DEMO-G05-1C-0005,5.601605956239046,182.5749831971958
DEMO-G05-1C-0005,5.640113788202193,168.3141036017367
DEMO-G05-1C-0005,5.678621620165339,154.42244685589841
DEMO-G05-1C-0005,5.717129452128486,140.9652280089144
DEMO-G05-1C-0005,5.755637284091632,128.0035208511538
DEMO-G05-1C-0005,5.7941451160547786,115.59432616347333
DEMO-G05-1C-0005,5.832652948017925,103.79069033527773
DEMO-G05-1C-0005,5.871160779981071,92.64186294688659
DEMO-G05-1C-0005,5.909668611944218,82.19348275126288
DEMO-G05-1C-0005,5.948176443907364,72.48778247473183
DEMO-G05-1C-0005,5.986684275870511,63.56380390745754
DEMO-G05-1C-0005,6.025192107833657,55.45761580797405
DEMO-G05-1C-0005,6.0636999397968045,48.20252815233048
DEMO-G05-1C-0005,6.102207771759951,41.82929718141794
DEMO-G05-1C-0005,6.140715603723097,36.36631651655373
DEMO-G05-1C-0005,6.179223435686244,31.839790311338756
DEMO-G05-1C-0005,6.21773126764939,28.273884984982548
DEMO-G05-1C-0005,6.256239099612537,25.690856544858665
DEMO-G05-1C-0005,6.294746931575683,24.11115086702629
DEMO-G05-1C-0005,6.33325476353883,23.553474581473235
DEMO-G05-1C-0005,6.371762595501976,24.034834426624087
DEMO-G05-1C-0005,6.4102704274651225,25.570543120897366
DEMO-G05-1C-0005,6.44877825942827,28.174189974856233
DEMO-G05-1C-0005,6.487286091391416,31.857574663231603
DEMO-G05-1C-0005,6.525793923354563,36.63060281814566
DEMO-G05-1C-0005,6.564301755317709,42.50114241747646
DEMO-G05-1C-0005,6.602809587280856,49.47484034663336
DEMO-G05-1C-0005,6.641317419244002,57.5548990251643
DEMO-G05-1C-0005,6.6798252512071485,66.74181362418318
DEMO-G05-1C-0005,6.718333083170295,77.03307116407092
DEMO-G05-1C-0005,6.756840915133441,88.4228136764372
DEMO-G05-1C-0005,6.795348747096588,100.90146863643122
DEMO-G05-1C-0005,6.833856579059734,114.45535101203087
DEMO-G05-1C-0005,6.872364411022881,129.06624252057028
DEMO-G05-1C-0005,6.910872242986027,144.71095500803477
DEMO-G05-1C-0005,6.949380074949174,161.36088624491128
DEMO-G05-1C-0005,6.98788790691232,178.9815778280984
DEMO-G05-1C-0005,7.0263957388754665,197.5322862476462
DEMO-G05-1C-0005,7.064903570838614,216.96557946804649
DEMO-G05-1C-0005,7.10341140280176,237.22697252603584
DEMO-G05-1C-0005,7.141919234764907,258.25461659225306
DEMO-G05-1C-0005,7.180427066728053,279.9790566077953
DEMO-G05-1C-0005,7.2189348986912,302.3230729097185
DEMO-G05-1C-0005,7.257442730654346,325.20162212181606
DEMO-G05-1C-0005,7.2959505626174925,348.52189193241475
DEMO-G05-1C-0005,7.334458394580639,372.1834831425709
DEMO-G05-1C-0005,7.372966226543786,396.0787304953686
DEMO-G05-1C-0005,7.411474058506933,420.09317126246407
DEMO-G05-1C-0005,7.449981890470079,444.10616737053743
DEMO-G05-1C-0005,7.488489722433226,467.9916830373927
DEMO-G05-1C-0005,7.526997554396372,491.6192155359188
DEMO-G05-1C-0005,7.5655053863595185,514.8548719383292
DEMO-G05-1C-0005,7.604013218322665,537.5625796801968
DEMO-G05-1C-0005,7.642521050285811,559.6054137286443
DEMO-G05-1C-0005,7.681028882248958,580.8470182760484
DEMO-G05-1C-0005,7.719536714212104,601.1530964607255
DEMO-G05-1C-0005,7.758044546175251,620.3929378912679
DEMO-G05-1C-0005,7.796552378138397,638.4409509565974
DEMO-G05-1C-0005,7.835060210101544,655.1781652392067
DEMO-G05-1C-0005,7.87356804206469,670.4936689612852
DEMO-G05-1C-0005,7.9120758740278365,684.2859473625222
DEMO-G05-1C-0005,7.950583705990983,696.4640902371823
DEMO-G05-1C-0005,7.989091537954129,706.9488404692207
DEMO-G05-1C-0005,8.027599369917276,715.6734601421806
DEMO-G05-1C-0005,8.066107201880422,722.5843964419196
DEMO-G05-1C-0005,8.104615033843569,727.641735838078
DEMO-G05-1C-0005,8.143122865806717,730.8194416145965
DEMO-G05-1C-0005,8.181630697769862,732.1053763993267
DEMO-G05-1C-0005,8.22013852973301,731.5011176078115
DEMO-G05-1C-0005,8.258646361696155,729.0215793887545
DEMO-G05-1C-0005,8.297154193659303,724.6944595093535
DEMO-G05-1C-0005,8.335662025622447,718.5595334796401
DEMO-G05-1C-0005,8.374169857585596,710.6678209853552
DEMO-G05-1C-0005,8.412677689548742,701.0806513460382
DEMO-G05-1C-0005,8.451185521511889,689.8686552690779
DEMO-G05-1C-0005,8.489693353475035,677.1107097165539
DEMO-G05-1C-0005,8.528201185438181,662.8928613668885
DEMO-G05-1C-0005,8.566709017401328,647.3072520945747
DEMO-G05-1C-0005,8.605216849364474,630.4510672808593
DEMO-G05-1C-0005,8.64372468132762,612.4255247820839
DEMO-G05-1C-0005,8.682232513290767,593.3349191885686
DEMO-G05-1C-0005,8.720740345253914,573.2857327579035
DEMO-G05-1C-0005,8.75924817721706,552.3858212325855
DEMO-G05-1C-0005,8.797756009180207,530.7436797587054
DEMO-G05-1C-0005,8.836263841143353,508.4677913886545
DEMO-G05-1C-0005,8.8747716731065,485.6660582304195
DEMO-G05-1C-0005,8.913279505069646,462.4453132289207
DEMO-G05-1C-0005,8.951787337032792,438.9109088412243
DEMO-G05-1C-0005,8.990295168995939,415.16637749066393
DEMO-G05-1C-0005,9.028803000959085,391.31315763557734
DEMO-G05-1C-0005,9.067310832922232,367.45037853812676
DEMO-G05-1C-0005,9.10581866488538,343.6746963334506
DEMO-G05-1C-0005,9.144326496848524,320.0801737421012
DEMO-G05-1C-0005,9.182834328811673,296.75819570230186
DEMO-G05-1C-0005,9.221342160774817,273.79741328711657
DEMO-G05-1C-0005,9.259849992737966,251.28370848232373
DEMO-G05-1C-0005,9.29835782470111,229.30017270505937
DEMO-G05-1C-0005,9.336865656664258,207.92709231632767
DEMO-G05-1C-0005,9.375373488627403,187.24193480348376
DEMO-G05-1C-0005,9.413881320590551,167.31932976650683
DEMO-G05-1C-0005,9.452389152553698,148.23103932527357
DEMO-G05-1C-0005,9.490896984516844,130.04591306803232
DEMO-G05-1C-0005,9.52940481647999,112.82982318328784
DEMO-G05-1C-0005,9.567912648443137,96.64557595995501
DEMO-G05-1C-0005,9.606420480406284,81.55279640946456
DEMO-G05-1C-0005,9.64492831236943,67.6077833654653
DEMO-G05-1C-0005,9.683436144332576,54.863333060747806
DEMO-G05-1C-0005,9.721943976295723,43.368529876220634
DEMO-G05-1C-0005,9.76045180825887,33.16850371213648
DEMO-G05-1C-0005,9.798959640222016,24.304154255001986
DEMO-G05-1C-0005,9.837467472185162,16.811843310107356
DEMO-G05-1C-0005,9.875975304148309,10.723057341527673
DEMO-G05-1C-0005,9.914483136111455,6.064043406614727
DEMO-G05-1C-0005,9.952990968074602,2.8554227829972896
DEMO-G05-1C-0005,9.99149880003775,1.1117877494412558
DEMO-G05-1C-0005,10.030006632000894,0.8412881772087455
DEMO-G05-1C-0005,10.068514463964043,2.045215788114732
DEMO-G05-1C-0005,10.107022295927187,4.717595104174713
DEMO-G05-1C-0005,10.145530127890336,8.844791209133772
DEMO-G05-1C-0005,10.18403795985348,14.405145415352935
DEMO-G05-1C-0005,10.222545791816628,21.368650726348733
DEMO-G05-1C-0005,10.261053623779773,29.696679548241637
DEMO-G05-1C-0005,10.299561455742921,39.34177637432504
DEMO-G05-1C-0005,10.338069287706066,50.247528089962046
DEMO-G05-1C-0005,10.376577119669214,62.348524070538375
DEMO-G05-1C-0005,10.415084951632359,75.5704173333968
DEMO-G05-1C-0005,10.453592783595507,89.83009663046032
DEMO-G05-1C-0005,10.492100615558654,105.03597752425947
DEMO-G05-1C-0005,10.5306084475218,121.08841819108986
DEMO-G05-1C-0005,10.569116279484946,137.88026297947926
DEMO-G05-1C-0005,10.607624111448093,155.2975136843191
DEMO-G05-1C-0005,10.64613194341124,173.22012516574986
DEMO-G05-1C-0005,10.684639775374386,191.52291845898597
DEMO-G05-1C-0005,10.723147607337532,210.07660101725656
DEMO-G05-1C-0005,10.761655439300679,228.74888034765127
DEMO-G05-1C-0005,10.800163271263825,247.4056541874174
DEMO-G05-1C-0005,10.838671103226972,265.91225767081784
DEMO-G05-1C-0005,10.877178935190118,284.1347457862136
DEMO-G05-1C-0005,10.915686767153264,301.9411879310651
DEMO-G05-1C-0005,10.954194599116413,319.20295062060245
DEMO-G05-1C-0005,10.992702431079557,335.79594444140145
DEMO-G05-1C-0005,11.031210263042706,351.60181217183975
DEMO-G05-1C-0005,11.06971809500585,366.5090365854996
DEMO-G05-1C-0005,11.108225926968998,380.4139487412605
DEMO-G05-1C-0005,11.146733758932143,393.2216204406277
DEMO-G05-1C-0005,11.185241590895291,404.8466278684596
DEMO-G05-1C-0005,11.223749422858436,415.21367707748726
DEMO-G05-1C-0005,11.262257254821584,424.2580857716996
DEMO-G05-1C-0005,11.300765086784729,431.9261196299359
DEMO-G05-1C-0005,11.339272918747877,438.17518504059865
DEMO-G05-1C-0005,11.377780750711022,442.9738834592439
DEMO-G05-1C-0005,11.41628858267417,446.3019355450379
DEMO-G05-1C-0005,11.454796414637316,448.1499856984337
DEMO-G05-1C-0005,11.493304246600463,448.5192995590683
DEMO-G05-1C-0005,11.53181207856361,447.421368406764
DEMO-G05-1C-0005,11.570319910526756,444.87743524324395
DEMO-G05-1C-0005,11.608827742489902,440.91795764486426
DEMO-G05-1C-0005,11.647335574453049,435.58202231339703
DEMO-G05-1C-0005,11.685843406416195,428.9167256727709
DEMO-G05-1C-0005,11.724351238379342,420.9765339337385
DEMO-G05-1C-0005,11.762859070342488,411.8226348493231
DEMO-G05-1C-0005,11.801366902305634,401.522291984925
DEMO-G05-1C-0005,11.839874734268781,390.14821079832785
DEMO-G05-1C-0005,11.878382566231927,377.77792423065944
DEMO-G05-1C-0005,11.916890398195076,364.4932039055092
DEMO-G05-1C-0005,11.95539823015822,350.379501467247
DEMO-G05-1C-0005,11.993906062121368,335.5254230987168
DEMO-G05-1C-0005,12.032413894084513,320.0222388716696
DEMO-G05-1C-0005,12.070921726047661,303.9634273205987
DEMO-G05-1C-0005,12.109429558010806,287.44425450482277
DEMO-G05-1C-0005,12.147937389973954,270.56138584085704
DEMO-G05-1C-0005,12.186445221937099,253.41252814883515
DEMO-G05-1C-0005,12.224953053900247,236.09609865965908
DEMO-G05-1C-0005,12.263460885863392,218.7109171691972
DEMO-G05-1C-0005,12.30196871782654,201.35591709419583
DEMO-G05-1C-0005,12.340476549789685,184.1298708746841
DEMO-G05-1C-0005,12.378984381752833,167.13112497128154
DEMO-G05-1C-0005,12.41749221371598,150.45733961631026
DEMO-G05-1C-0005,12.456000045679126,134.20522848848486
DEMO-G05-1C-0005,12.494507877642272,118.47029358825138
DEMO-G05-1C-0005,12.533015709605419,103.34655079056559
DEMO-G05-1C-0005,12.571523541568565,88.92624184292953
DEMO-G05-1C-0005,12.610031373531712,75.29952895817497
DEMO-G05-1C-0005,12.648539205494858,62.554168624201786
DEMO-G05-1C-0005,12.687047037458004,50.77516181809386
DEMO-G05-1C-0005,12.72555486942115,40.04437847090793
DEMO-G05-1C-0005,12.764062701384297,30.44015478275813
DEMO-G05-1C-0005,12.802570533347444,22.036862835436548
DEMO-G05-1C-0005,12.84107836531059,14.904452889272504
DEMO-G05-1C-0005,12.879586197273737,9.10796977751556
DEMO-G05-1C-0005,12.918094029236883,4.7070459166960985
DEMO-G05-1C-0005,12.956601861200031,1.7553746225259095
DEMO-G05-1C-0005,12.995109693163176,0.300168640459862
DEMO-G05-1C-0005,13.033617525126324,0.38161004485299166
DEMO-G05-1C-0005,13.072125357089469,2.032298902093051
DEMO-G05-1C-0005,13.110633189052617,5.276709296391547
DEMO-G05-1C-0005,13.149141021015762,10.130662442107743
DEMO-G05-1C-0005,13.18764885297891,16.60082760864913
DEMO-G05-1C-0005,13.226156684942055,24.684262414779454
DEMO-G05-1C-0005,13.264664516905203,34.36800465832439
DEMO-G05-1C-0005,13.303172348868348,45.62872818476591
DEMO-G05-1C-0005,13.341680180831496,58.43247531715037
DEMO-G05-1C-0005,13.38018801279464,72.73447802857017
DEMO-G05-1C-0005,13.418695844757789,88.47907930528814
DEMO-G05-1C-0005,13.457203676720933,105.59976500260926
DEMO-G05-1C-0005,13.495711508684082,124.01931493213837
DEMO-G05-1C-0005,13.534219340647226,143.6500799496591
DEMO-G05-1C-0005,13.572727172610374,164.3943894693074
DEMO-G05-1C-0005,13.611235004573519,186.1450911625137
DEMO-G05-1C-0005,13.649742836536667,208.78622168038325
DEMO-G05-1C-0005,13.688250668499816,232.19380415351057
DEMO-G05-1C-0005,13.72675850046296,256.2367650766374
DEMO-G05-1C-0005,13.765266332426108,280.77796009031124
DEMO-G05-1C-0005,13.803774164389253,305.6752952457099
DEMO-G05-1C-0005,13.842281996352401,330.78292769935257
DEMO-G05-1C-0005,13.880789828315546,355.95252754068616
DEMO-G05-1C-0005,13.919297660278694,381.034580704131
DEMO-G05-1C-0005,13.957805492241839,405.87971173303663
DEMO-G05-1C-0005,13.996313324204987,430.3400045997561
DEMO-G05-1C-0005,14.034821156168132,454.27029986705145
DEMO-G05-1C-0005,14.07332898813128,477.52944719804236
DEMO-G05-1C-0005,14.111836820094425,499.9814935514779
DEMO-G05-1C-0005,14.150344652057573,521.4967892771748
DEMO-G05-1C-0005,14.188852484020718,541.9529966705048
DEMO-G05-1C-0005,14.227360315983866,561.2359882551311
DEMO-G05-1C-0005,14.26586814794701,579.24062502735
DEMO-G05-1C-0005,14.304375979910159,595.871407996414
DEMO-G05-1C-0005,14.342883811873303,611.0429994758493
DEMO-G05-1C-0005,14.381391643836452,624.6806136113352
DEMO-G05-1C-0005,14.419899475799596,636.720278472402
DEMO-G05-1C-0005,14.458407307762744,647.1089746053469
DEMO-G05-1C-0005,14.496915139725889,655.8046571779923
DEMO-G05-1C-0005,14.535422971689037,662.7761706985925
DEMO-G05-1C-0005,14.573930803652182,668.0030667345352
DEMO-G05-1C-0005,14.61243863561533,671.4753360848323
DEMO-G05-1C-0005,14.650946467578478,673.1930674823468
DEMO-G05-1C-0005,14.689454299541623,673.1660451408513
DEMO-G05-1C-0005,14.727962131504771,671.4132973523432
DEMO-G05-1C-0005,14.766469963467916,667.962607924166
DEMO-G05-1C-0005,14.804977795431064,662.8500015705297
DEMO-G05-1C-0005,14.843485627394209,656.1192134889656
DEMO-G05-1C-0005,14.881993459357357,647.821152308321
DEMO-G05-1C-0005,14.920501291320502,638.0133644389418
DEMO-G05-1C-0005,14.95900912328365,626.7595066313949
DEMO-G05-1C-0005,14.997516955246795,614.1288322969374
DEMO-G05-1C-0005,15.036024787209943,600.195695895008
DEMO-G05-1C-0005,15.074532619173088,585.0390784792777
DEMO-G05-1C-0005,15.113040451136236,568.742136337115
DEMO-G05-1C-0005,15.15154828309938,551.3917735767841
DEMO-G05-1C-0005,15.190056115062529,533.0782385253601
DEMO-G05-1C-0005,15.228563947025673,513.8947429086771
DEMO-G05-1C-0005,15.267071778988822,493.9371019985911
DEMO-G05-1C-0005,15.305579610951966,473.30339323692016
DEMO-G05-1C-0005,15.344087442915114,452.0936302806291
DEMO-G05-1C-0005,15.382595274878259,430.40944896029345
DEMO-G05-1C-0005,15.421103106841407,408.3538013021981
DEMO-G05-1C-0005,15.459610938804552,386.0306535328924
DEMO-G05-1C-0005,15.4981187707677,363.5446838617059
DEMO-G05-1C-0005,15.536626602730845,341.0009758205547
DEMO-G05-1C-0005,15.575134434693993,318.5047030294505
DEMO-G05-1C-0005,15.613642266657141,296.1608014500414
DEMO-G05-1C-0005,15.652150098620286,274.0736254863449
DEMO-G05-1C-0005,15.690657930583434,252.34658469159683
DEMO-G05-1C-0005,15.729165762546579,231.08175834086364
DEMO-G05-1C-0005,15.767673594509727,210.3794857295317
DEMO-G05-1C-0005,15.806181426472872,190.33793075526688
DEMO-G05-1C-0005,15.84468925843602,171.0526201313738
DEMO-G05-1C-0005,15.883197090399165,152.61595545712817
DEMO-G05-1C-0005,15.921704922362313,135.11670032663585
DEMO-G05-1C-0005,15.960212754325457,118.63944468134969
DEMO-G05-1C-0005,15.998720586288606,103.26404968683755
DEMO-G05-1C-0005,16.03722841825175,89.06507752359558
DEMO-G05-1C-0005,16.0757362502149,76.11121160079715
DEMO-G05-1C-0005,16.114244082178043,64.4646738041353
DEMO-G05-1C-0005,16.15275191414119,54.18064644235115
DEMO-G05-1C-0005,16.191259746104336,45.30670752709226
DEMO-G05-1C-0005,16.229767578067484,37.882288869193445
DEMO-G05-1C-0005,16.26827541003063,31.93816716228255
DEMO-G05-1C-0005,16.306783241993777,27.495998712159167
DEMO-G05-1C-0005,16.345291073956922,24.56790872003734
DEMO-G05-1C-0005,16.38379890592007,23.15614600561264
DEMO-G05-1C-0005,16.422306737883215,23.252813734137252
DEMO-G05-1C-0005,16.460814569846363,24.839686070586424
DEMO-G05-1C-0005,16.499322401809508,27.888119714249186
DEMO-G05-1C-0005,16.537830233772656,32.359067971319185
DEMO-G05-1C-0005,16.5763380657358,38.20320341736632
DEMO-G05-1C-0005,16.61484589769895,45.36115331602279
DEMO-G05-1C-0005,16.653353729662097,53.763849838750424
DEMO-G05-1C-0005,16.69186156162524,63.33299483032887
DEMO-G05-1C-0005,16.73036939358839,73.98163645389695
DEMO-G05-1C-0005,16.768877225551535,85.61485260502825
DEMO-G05-1C-0005,16.807385057514683,98.1305335887988
DEMO-G05-1C-0005,16.845892889477827,111.4202542909125
DEMO-G05-1C-0005,16.884400721440976,125.37022402523006
DEMO-G05-1C-0005,16.92290855340412,139.86230047985376
DEMO-G05-1C-0005,16.96141638536727,154.77505277661277
DEMO-G05-1C-0005,16.999924217330413,169.98485765416518
DEMO-G05-1C-0005,17.03843204929356,185.36701221675793
DEMO-G05-1C-0005,17.076939881256706,200.7968465740309
DEMO-G05-1C-0005,17.115447713219854,216.15082002911447
DEMO-G05-1C-0005,17.153955545183,231.3075852305466
DEMO-G05-1C-0005,17.192463377146147,246.1490058504002
DEMO-G05-1C-0005,17.230971209109292,260.56111483355795
DEMO-G05-1C-0005,17.26947904107244,274.4350020179537
DEMO-G05-1C-0005,17.307986873035585,287.6676218814763
DEMO-G05-1C-0005,17.346494704998733,300.1625142534409
DEMO-G05-1C-0005,17.385002536961878,311.830432962107
DEMO-G05-1C-0005,17.423510368925026,322.5898795033389
DEMO-G05-1C-0005,17.46201820088817,332.36754084390554
DEMO-G05-1C-0005,17.50052603285132,341.0986323600385
DEMO-G05-1C-0005,17.539033864814463,348.7271486110866
DEMO-G05-1C-0005,17.57754169677761,355.20602612507963
DEMO-G05-1C-0005,17.61604952874076,360.49722360367764
DEMO-G05-1C-0005,17.654557360703905,364.57172592628075
DEMO-G05-1C-0005,17.693065192667053,367.409479044386
DEMO-G05-1C-0005,17.731573024630197,368.9992633144552
DEMO-G05-1C-0005,17.770080856593346,369.33851303435057
DEMO-G05-1C-0005,17.80858868855649,368.43308994487177
DEMO-G05-1C-0005,17.84709652051964,366.29701825794734
DEMO-G05-1C-0005,17.885604352482783,362.9521884033753
DEMO-G05-1C-0005,17.92411218444593,358.4280361746488
DEMO-G05-1C-0005,17.962620016409076,352.7612033294474
DEMO-G05-1C-0005,18.001127848372224,345.99518498923635
DEMO-G05-1C-0005,18.03963568033537,338.1799684108593
DEMO-G05-1C-0005,18.078143512298517,329.3716668948696
DEMO-G05-1C-0005,18.116651344261662,319.63215177239294
DEMO-G05-1C-0005,18.15515917622481,309.0286845936219
DEMO-G05-1C-0005,18.193667008187955,297.63355084374734
DEMO-G05-1C-0005,18.232174840151103,285.52369575104575
DEMO-G05-1C-0005,18.270682672114248,272.7803620398094
DEMO-G05-1C-0005,18.309190504077396,259.48872882910706
DEMO-G05-1C-0005,18.34769833604054,245.7375502968617
DEMO-G05-1C-0005,18.38620616800369,231.61879222586103
DEMO-G05-1C-0005,18.424713999966833,217.22726413206811
DEMO-G05-1C-0005,18.46322183192998,202.66024435240232
DEMO-G05-1C-0005,18.501729663893126,188.01709524565985
DEMO-G05-1C-0005,18.540237495856275,173.39886554143624
DEMO-G05-1C-0005,18.578745327819423,158.90787686299512
DEMO-G05-1C-0005,18.617253159782567,144.6472915547717
DEMO-G05-1C-0005,18.655760991745716,130.72065916669396
DEMO-G05-1C-0005,18.69426882370886,117.23143928763886
DEMO-G05-1C-0005,18.73277665567201,104.28249887939096
DEMO-G05-1C-0005,18.771284487635153,91.97558283901635
DEMO-G05-1C-0005,18.8097923195983,80.41075720780802
DEMO-G05-1C-0005,18.848300151561446,69.68582524266381
DEMO-G05-1C-0005,18.886807983524594,59.89571746142702
DEMO-G05-1C-0005,18.92531581548774,51.13185775463344
DEMO-G05-1C-0005,18.963823647450887,43.48150870559041
DEMO-G05-1C-0005,19.002331479414032,37.02710035841565
DEMO-G05-1C-0005,19.04083931137718,31.845547794690685
DEMO-G05-1C-0005,19.079347143340325,28.007563995480503
DEMO-G05-1C-0005,19.117854975303473,25.57697554403101
DEMO-G05-1C-0005,19.156362807266618,24.610049730388916
DEMO-G05-1C-0005,19.194870639229766,25.154842514586832
DEMO-G05-1C-0005,19.23337847119291,27.25057755121229
DEMO-G05-1C-0005,19.27188630315606,30.927067036402846
DEMO-G05-1C-0005,19.310394135119203,36.20418547188884
DEMO-G05-1C-0005,19.34890196708235,43.091407516463974
DEMO-G05-1C-0005,19.387409799045496,51.58742088573445
DEMO-G05-1C-0005,19.425917631008645,61.67982474617343
DEMO-G05-1C-0005,19.46442546297179,73.34492321857603
DEMO-G05-1C-0005,19.502933294934937,86.54762245928644
DEMO-G05-1C-0005,19.541441126898082,101.24143833684967
DEMO-G05-1C-0005,19.57994895886123,117.36861999204699
DEMO-G05-1C-0005,19.61845679082438,134.86039259753494
DEMO-G05-1C-0005,19.656964622787523,153.6373204689304
DEMO-G05-1C-0005,19.69547245475067,173.60978938182848
DEMO-G05-1C-0005,19.733980286713816,194.6786045867633
DEMO-G05-1C-0005,19.772488118676964,216.73569866073677
DEMO-G05-1C-0005,19.81099595064011,239.66494106548862
DEMO-G05-1C-0005,19.849503782603257,263.34303917513444
DEMO-G05-1C-0005,19.888011614566402,287.64051865956424
DEMO-G05-1C-0005,19.92651944652955,312.4227695285749
DEMO-G05-1C-0005,19.965027278492695,337.5511429069054
DEMO-G05-1C-0005,20.003535110455843,362.8840827610825
DEMO-G05-1C-0005,20.042042942418988,388.2782763583968
DEMO-G05-1C-0005,20.080550774382136,413.5898072143559
DEMO-G05-1C-0005,20.11905860634528,438.6752946679609
DEMO-G05-1C-0005,20.15756643830843,463.393004991094
DEMO-G05-1C-0005,20.196074270271573,487.60392005024335
DEMO-G05-1C-0005,20.23458210223472,511.17275094750227
DEMO-G05-1C-0005,20.273089934197866,533.9688857145911
DEMO-G05-1C-0005,20.311597766161015,555.8672619558212
DEMO-G05-1C-0005,20.35010559812416,576.7491572667776
DEMO-G05-1C-0005,20.388613430087307,596.5028922304386
DEMO-G05-1C-0005,20.427121262050452,615.0244427487938
DEMO-G05-1C-0005,20.4656290940136,632.2179603498997
DEMO-G05-1C-0005,20.504136925976745,647.9962008683862
DEMO-G05-1C-0005,20.542644757939893,662.2808634918981
DEMO-G05-1C-0005,20.58115258990304,675.0028435656538
DEMO-G05-1C-0005,20.619660421866186,686.1024037314971
DEMO-G05-1C-0005,20.658168253829334,695.5292689342298
DEMO-G05-1C-0005,20.69667608579248,703.2426515535994
DEMO-G05-1C-0005,20.735183917755627,709.2112134192585
DEMO-G05-1C-0005,20.773691749718772,713.412971748845
DEMO-G05-1C-0005,20.81219958168192,715.8351561321873
DEMO-G05-1C-0005,20.850707413645065,716.4740235863874
DEMO-G05-1C-0005,20.889215245608213,715.3346384500055
DEMO-G05-1C-0005,20.927723077571358,712.4306234924629
DEMO-G05-1C-0005,20.966230909534506,707.7838881113033
DEMO-G05-1C-0005,21.00473874149765,701.4243388983806
DEMO-G05-1C-0005,21.0432465734608,693.3895771984544
DEMO-G05-1C-0005,21.081754405423943,683.7245875812339
DEMO-G05-1C-0005,21.12026223738709,672.481420419126
DEMO-G05-1C-0005,21.158770069350236,659.7188710253657
DEMO-G05-1C-0005,21.197277901313385,645.5021570756286
DEMO-G05-1C-0005,21.23578573327653,629.9025953244218
DEMO-G05-1C-0005,21.274293565239677,612.9972779468042
DEMO-G05-1C-0005,21.312801397202826,594.8687481973093
DEMO-G05-1C-0005,21.35130922916597,575.6046744899752
DEMO-G05-1C-0005,21.38981706112912,555.2975214749674
DEMO-G05-1C-0005,21.428324893092263,534.0442162257203
DEMO-G05-1C-0005,21.46683272505541,511.9458072632363
DEMO-G05-1C-0005,21.505340557018556,489.1071138378642
DEMO-G05-1C-0005,21.543848388981704,465.6363626699161
DEMO-G05-1C-0005,21.58235622094485,441.64480922540594
DEMO-G05-1C-0005,21.620864052907997,417.2463405771429
DEMO-G05-1C-0005,21.659371884871142,392.5570569803364
DEMO-G05-1C-0005,21.69787971683429,367.69482947948234
DEMO-G05-1C-0005,21.736387548797435,342.778831163391
DEMO-G05-1C-0005,21.774895380760583,317.92904009918436
DEMO-G05-1C-0005,21.813403212723728,293.2657125042657
DEMO-G05-1C-0005,21.851911044686876,268.9088253547644
DEMO-G05-1C-0005,21.89041887665002,244.97748837511236
DEMO-G05-1C-0005,21.92892670861317,221.58932619705246
DEMO-G05-1C-0005,21.967434540576313,198.85983240662463
DEMO-G05-1C-0005,22.00594237253946,176.90169819726736
DEMO-G05-1C-0005,22.04445020450261,155.82411939760158
DEMO-G05-1C-0005,22.082958036465755,135.73208671876748
DEMO-G05-1C-0005,22.121465868428903,116.72566514127989
DEMO-G05-1C-0005,22.159973700392047,98.89926940388317
DEMO-G05-1C-0005,22.198481532355196,82.34094353311194
DEMO-G05-1C-0005,22.23698936431834,67.13165322656185
DEMO-G05-1C-0005,22.27549719628149,53.34460063913652
DEMO-G05-1C-0005,22.314005028244633,41.0445716843458
DEMO-G05-1C-0005,22.35251286020778,30.287326318996325
DEMO-G05-1C-0005,22.391020692170926,21.11904240045807
DEMO-G05-1C-0005,22.429528524134074,13.57582356742654
DEMO-G05-1C-0005,22.46803635609722,7.683281182216192
DEMO-G05-1C-0005,22.506544188060367,3.456199677034803
DEMO-G05-1C-0005,22.545052020023512,0.8982936714517316
DEMO-G05-1C-0005,22.58355985198666,0.0020639857971404547
DEMO-G05-1C-0005,22.622067683949805,0.7487581894144599
DEMO-G05-1C-0005,22.660575515912953,3.108439627379872
DEMO-G05-1C-0005,22.699083347876098,7.040167008080997
DEMO-G05-1C-0005,22.737591179839246,12.492284658456063
DEMO-G05-1C-0005,22.77609901180239,19.402821521428898
DEMO-G05-1C-0005,22.81460684376554,27.69999494262985
DEMO-G05-1C-0005,22.853114675728683,37.30281333339828
DEMO-G05-1C-0005,22.89162250769183,48.12176996541432
DEMO-G05-1C-0005,22.930130339654976,60.05961850559302
DEMO-G05-1C-0005,22.968638171618124,73.01221948797516
DEMO-G05-1C-0005,23.007146003581273,86.86944578277611
DEMO-G05-1C-0005,23.045653835544417,101.51613429176169
DEMO-G05-1C-0005,23.084161667507566,116.83307059133338
DEMO-G05-1C-0005,23.12266949947071,132.69799306648667
DEMO-G05-1C-0005,23.16117733143386,148.9866032232744
DEMO-G05-1C-0005,23.199685163397003,165.57356931716993
DEMO-G05-1C-0005,23.23819299536015,182.33351116182249
DEMO-G05-1C-0005,23.276700827323296,199.14195495092838
DEMO-G05-1C-0005,23.315208659286444,215.87624809317492
DEMO-G05-1C-0005,23.35371649124959,232.41642537923946
DEMO-G05-1C-0005,23.392224323212737,248.64601922296035
DEMO-G05-1C-0005,23.430732155175882,264.4528081969347
DEMO-G05-1C-0005,23.46923998713903,279.7294995703101
DEMO-G05-1C-0005,23.507747819102175,294.37434301051394
DEMO-G05-1C-0005,23.546255651065323,308.29167399391133
DEMO-G05-1C-0005,23.584763483028468,321.39238675062427
DEMO-G05-1C-0005,23.623271314991616,333.5943377214484
DEMO-G05-1C-0005,23.66177914695476,344.8226815104243
DEMO-G05-1C-0005,23.70028697891791,355.01014216337796
DEMO-G05-1C-0005,23.738794810881053,364.097223284091
DEMO-G05-1C-0005,23.7773026428442,372.0323610150796
DEMO-G05-1C-0005,23.815810474807346,378.77202426298993
DEMO-G05-1C-0005,23.854318306770494,384.2807667476122
DEMO-G05-1C-0005,23.89282613873364,388.5312355092492
DEMO-G05-1C-0005,23.931333970696787,391.50414043552286
DEMO-G05-1C-0005,23.969841802659932,393.1881891803753
DEMO-G05-1C-0005,24.00834963462308,393.5799915614953
DEMO-G05-1C-0005,24.04685746658623,392.68393715408735
DEMO-G05-1C-0005,24.085365298549373,390.5120493652546
DEMO-G05-1C-0005,24.12387313051252,387.08381879061886
DEMO-G05-1C-0005,24.162380962475666,382.4260181386257
DEMO-G05-1C-0005,24.200888794438814,376.57250047302915
DEMO-G05-1C-0005,24.23939662640196,369.5639819843814
DEMO-G05-1C-0005,24.277904458365107,361.4478099698377
DEMO-G05-1C-0005,24.316412290328252,352.27771618970667
DEMO-G05-1C-0005,24.3549201222914,342.11355528992414
DEMO-G05-1C-0005,24.393427954254545,331.0210275431711
DEMO-G05-1C-0005,24.431935786217693,319.0713847770577
DEMO-G05-1C-0005,24.470443618180838,306.34111803557016
DEMO-G05-1C-0005,24.508951450143986,292.91162526792596
DEMO-G05-1C-0005,24.54745928210713,278.86885716546846
DEMO-G05-1C-0005,24.58596711407028,264.3029391793762
DEMO-G05-1C-0005,24.624474946033423,249.30776775613603
DEMO-G05-1C-0005,24.66298277799657,233.98057892911487
DEMO-G05-1C-0005,24.701490609959716,218.4214876077434
DEMO-G05-1C-0005,24.739998441922864,202.7329962124585
DEMO-G05-1C-0005,24.77850627388601,187.01947171513973
DEMO-G05-1C-0005,24.817014105849157,171.38659065924364
DEMO-G05-1C-0005,24.855521937812302,155.9407523472672
DEMO-G05-1C-0005,24.89402976977545,140.7884610884652
DEMO-G05-1C-0005,24.932537601738595,126.03567918708819
DEMO-G05-1C-0005,24.971045433701743,111.78715320688127
DEMO-G05-1C-0005,25.00955326566489,98.1457169544325
DEMO-G05-1C-0005,25.048061097628036,85.2115755616453
DEMO-G05-1C-0005,25.086568929591184,73.08157599237595
DEMO-G05-1C-0005,25.12507676155433,61.84847022323504
DEMO-G05-1C-0005,25.163584593517477,51.60017822476055
DEMO-G05-1C-0005,25.202092425480622,42.419058665785286
DEMO-G05-1C-0005,25.24060025744377,34.38119594948804
DEMO-G05-1C-0005,25.279108089406915,27.555712733392877
DEMO-G05-1C-0005,25.317615921370063,22.004117458324874
DEMO-G05-1C-0005,25.356123753333208,17.779696587202565
DEMO-G05-1C-0005,25.394631585296356,14.926961211794886
DEMO-G05-1C-0005,25.4331394172595,13.481157408944433
DEMO-G05-1C-0005,25.47164724922265,13.467849208435123
DEMO-G05-1C-0005,25.510155081185793,14.902582272273282
DEMO-G05-1C-0005,25.54866291314894,17.790635387709234
DEMO-G05-1C-0005,25.587170745112086,22.126865660855252
DEMO-G05-1C-0005,25.625678577075234,27.895651890068066
DEMO-G05-1C-0005,25.66418640903838,35.07093903216981
DEMO-G05-1C-0005,25.702694241001527,43.61638499117641
DEMO-G05-1C-0005,25.741202072964672,53.48560920491767
DEMO-G05-1C-0005,25.77970990492782,64.62254073027783
DEMO-G05-1C-0005,25.818217736890965,76.96186178474805
DEMO-G05-1C-0005,25.856725568854113,90.42954104222088
DEMO-G05-1C-0005,25.895233400817258,104.94344945339515
DEMO-G05-1C-0005,25.933741232780406,120.41405001007226
DEMO-G05-1C-0005,25.972249064743554,136.74515173520092
DEMO-G05-1C-0005,26.0107568967067,153.83471728672683
DEMO-G05-1C-0005,26.049264728669847,171.57571293274657
DEMO-G05-1C-0005,26.08777256063299,189.85698929875608
DEMO-G05-1C-0005,26.12628039259614,208.56418120577476
DEMO-G05-1C-0005,26.164788224559285,227.5806151009552
DEMO-G05-1C-0005,26.203296056522433,246.78821301316847
DEMO-G05-1C-0005,26.241803888485578,266.0683826189753
DEMO-G05-1C-0005,26.280311720448726,285.3028838487636
DEMO-G05-1C-0005,26.31881955241187,304.3746634624949
DEMO-G05-1C-0005,26.35732738437502,323.1686501415543
DEMO-G05-1C-0005,26.395835216338163,341.5725038381716
DEMO-G05-1C-0005,26.43434304830131,359.4773143582929
DEMO-G05-1C-0005,26.472850880264456,376.77824539070144
DEMO-G05-1C-0005,26.511358712227604,393.37512140164984
DEMO-G05-1C-0005,26.54986654419075,409.1729559601852
DEMO-G05-1C-0005,26.588374376153897,424.08242112048424
DEMO-G05-1C-0005,26.626882208117042,438.020258443765
DEMO-G05-1C-0005,26.66539004008019,450.90963307923755
DEMO-G05-1C-0005,26.703897872043335,462.680433030893
DEMO-G05-1C-0005,26.742405704006483,473.2695163102699
DEMO-G05-1C-0005,26.780913535969628,482.6209091128926
DEMO-G05-1C-0005,26.819421367932776,490.6859584612641
DEMO-G05-1C-0005,26.85792919989592,497.42344293529504
DEMO-G05-1C-0005,26.89643703185907,502.79964517056976
DEMO-G05-1C-0005,26.934944863822214,506.78838975541726
DEMO-G05-1C-0005,26.97345269578536,509.37105001139673
DEMO-G05-1C-0005,27.01196052774851,510.5365269104634
DEMO-G05-1C-0005,27.050468359711655,510.281203078669
DEMO-G05-1C-0005,27.088976191674803,508.6088744739225
DEMO-G05-1C-0005,27.127484023637948,505.5306619167759
DEMO-G05-1C-0005,27.165991855601096,501.06490421128296
DEMO-G05-1C-0005,27.20449968756424,495.2370341299338
DEMO-G05-1C-0005,27.24300751952739,488.0794380644431
DEMO-G05-1C-0005,27.281515351490533,479.63129967413784
DEMO-G05-1C-0005,27.32002318345368,469.9384274071759
DEMO-G05-1C-0005,27.358531015416826,459.0530653371703
DEMO-G05-1C-0005,27.397038847379974,447.0336863593738
DEMO-G05-1C-0005,27.43554667934312,433.9447664366135
DEMO-G05-1C-0005,27.474054511306267,419.8565382844891
DEMO-G05-1C-0005,27.512562343269412,404.8447226479511
DEMO-G05-1C-0005,27.55107017523256,388.9902351550006
DEMO-G05-1C-0005,27.589578007195705,372.37886664660675
DEMO-G05-1C-0005,27.628085839158853,355.1009348816206
DEMO-G05-1C-0005,27.666593671121998,337.2509056080338
DEMO-G05-1C-0005,27.705101503085146,318.9269811819926
DEMO-G05-1C-0005,27.74360933504829,300.23065520692217
DEMO-G05-1C-0005,27.78211716701144,281.266232058299
DEMO-G05-1C-0005,27.820624998974584,262.14031065394374
DEMO-G05-1C-0005,27.85913283093773,242.9612324219575
DEMO-G05-1C-0005,27.897640662900876,223.8384941018158
DEMO-G05-1C-0005,27.936148494864025,204.88212677916613
DEMO-G05-1C-0005,27.974656326827173,186.20204338878446
DEMO-G05-1C-0005,28.013164158790318,167.90735780601946
DEMO-G05-1C-0005,28.051671990753466,150.10567956540174
DEMO-G05-1C-0005,28.09017982271661,132.90238917324902
DEMO-G05-1C-0005,28.12868765467976,116.39989989250792
DEMO-G05-1C-0005,28.167195486642903,100.69691274589809
DEMO-G05-1C-0005,28.20570331860605,85.88767227766193
DEMO-G05-1C-0005,28.244211150569196,72.0612313055178
DEMO-G05-1C-0005,28.282718982532344,59.30073345356223
DEMO-G05-1C-0005,28.32122681449549,47.682722656919125
DEMO-G05-1C-0005,28.359734646458637,37.276489045311514
DEMO-G05-1C-0005,28.398242478421782,28.14346062634756
DEMO-G05-1C-0005,28.43675031038493,20.336649985257765
DEMO-G05-1C-0005,28.475258142348075,13.900164789129864
DEMO-G05-1C-0005,28.513765974311223,8.868790229451232
DEMO-G05-1C-0005,28.552273806274368,5.267650664890728
DEMO-G05-1C-0005,28.590781638237516,3.111956652011959
DEMO-G05-1C-0005,28.62928947020066,2.406842298327307
DEMO-G05-1C-0005,28.66779730216381,3.147296470061824
DEMO-G05-1C-0005,28.706305134126954,5.318189872777473
DEMO-G05-1C-0005,28.7448129660901,8.894398437750294
DEMO-G05-1C-0005,28.783320798053246,13.841021835273086
DEMO-G05-1C-0005,28.821828630016395,20.113694343614007
DEMO-G05-1C-0005,28.86033646197954,27.658983774593825
DEMO-G05-1C-0005,28.898844293942688,36.414872736576505
DEMO-G05-1C-0005,28.937352125905836,46.31131524194035
DEMO-G05-1C-0005,28.97585995786898,57.27086057199443
DEMO-G05-1C-0005,29.01436778983213,69.20933542409452
DEMO-G05-1C-0005,29.052875621795273,82.03657470189759
DEMO-G05-1C-0005,29.09138345375842,95.65719088065877
DEMO-G05-1C-0005,29.129891285721566,109.97137168690793
DEMO-G05-1C-0005,29.168399117684714,124.87569587025655
DEMO-G05-1C-0005,29.20690694964786,140.26395710043755
DEMO-G05-1C-0005,29.245414781611007,156.02798647600864
DEMO-G05-1C-0005,29.283922613574152,172.05846475711914
DEMO-G05-1C-0005,29.3224304455373,188.24571620490016
DEMO-G05-1C-0005,29.360938277500445,204.48047679301897
DEMO-G05-1C-0005,29.399446109463593,220.6546305208596
DEMO-G05-1C-0005,29.437953941426738,236.6619085699416
DEMO-G05-1C-0005,29.476461773389886,252.39854707537285
DEMO-G05-1C-0005,29.51496960535303,267.76390030329316
DEMO-G05-1C-0005,29.55347743731618,282.66100700818515
DEMO-G05-1C-0005,29.591985269279323,296.99710866826473
DEMO-G05-1C-0005,29.63049310124247,310.6841191449552
DEMO-G05-1C-0005,29.669000933205616,323.63904606950217
DEMO-G05-1C-0005,29.707508765168765,335.78436491555874
DEMO-G05-1C-0005,29.74601659713191,347.0483472650078
DEMO-G05-1C-0005,29.784524429095057,357.3653452120936
DEMO-G05-1C-0005,29.823032261058202,366.6760341781195
DEMO-G05-1C-0005,29.86154009302135,374.9276166286794
DEMO-G05-1C-0005,29.900047924984495,382.0739893023203
DEMO-G05-1C-0005,29.938555756947643,388.0758765805262
DEMO-G05-1C-0005,29.97706358891079,392.9009325626832
DEMO-G05-1C-0005,30.015571420873936,396.52381426505156
DEMO-G05-1C-0005,30.054079252837084,398.92622815022025
DEMO-G05-1C-0005,30.09258708480023,400.0969519235434
DEMO-G05-1C-0005,30.131094916763377,400.03183321662556
DEMO-G05-1C-0005,30.169602748726522,398.73376642580797
DEMO-G05-1C-0005,30.20811058068967,396.21264859742837
DEMO-G05-1C-0005,30.246618412652815,392.48531486154434
DEMO-G05-1C-0005,30.285126244615963,387.5754535234807
DEMO-G05-1C-0005,30.323634076579108,381.5135005381337
DEMO-G05-1C-0005,30.362141908542256,374.3365127262186
DEMO-G05-1C-0005,30.4006497405054,366.088018754794
DEMO-G05-1C-0005,30.43915757246855,356.81784660653824
DEMO-G05-1C-0005,30.477665404431693,346.58192601312123
DEMO-G05-1C-0005,30.51617323639484,335.4420641367194
DEMO-G05-1C-0005,30.554681068357986,323.4656926595412
DEMO-G05-1C-0005,30.593188900321135,310.7255843914219
DEMO-G05-1C-0005,30.63169673228428,297.29953753812015
DEMO-G05-1C-0005,30.670204564247427,283.2700258931884
DEMO-G05-1C-0005,30.708712396210572,268.72381342903856
DEMO-G05-1C-0005,30.74722022817372,253.751532070906
DEMO-G05-1C-0005,30.785728060136865,238.44722184136364
DEMO-G05-1C-0005,30.824235892100013,222.90783306122884
DEMO-G05-1C-0005,30.862743724063158,207.23269088104252
DEMO-G05-1C-0005,30.901251556026306,191.5229230879675
DEMO-G05-1C-0005,30.939759387989454,175.88085287631344
DEMO-G05-1C-0005,30.9782672199526,160.409359071456
DEMO-G05-1C-0005,31.016775051915747,145.21120714072214
DEMO-G05-1C-0005,31.055282883878892,130.38835519033807
DEMO-G05-1C-0005,31.09379071584204,116.04124001272885
DEMO-G05-1C-0005,31.132298547805185,102.26804908808654
DEMO-G05-1C-0005,31.170806379768333,89.16398523210142
DEMO-G05-1C-0005,31.209314211731478,76.82053129083862
DEMO-G05-1C-0005,31.247822043694626,65.32472288653408
DEMO-G05-1C-0005,31.28632987565777,54.75843768939657
DEMO-G05-1C-0005,31.32483770762092,45.19771000610754
DEMO-G05-1C-0005,31.363345539584063,36.71207961610372
DEMO-G05-1C-0005,31.40185337154721,29.363983735831244
DEMO-G05-1C-0005,31.440361203510356,23.208200739445783
DEMO-G05-1C-0005,31.478869035473505,18.29135380738642
DEMO-G05-1C-0005,31.51737686743665,14.651482015424895
DEMO-G05-1C-0005,31.555884699399797,12.317685525731596
DEMO-G05-1C-0005,31.594392531362942,11.309850515410965
DEMO-G05-1C-0005,31.63290036332609,11.638458300184825
DEMO-G05-1C-0005,31.671408195289235,13.304481810980992
DEMO-G05-1C-0005,31.709916027252383,16.299371193104676
DEMO-G05-1C-0005,31.748423859215528,20.605128859236242
DEMO-G05-1C-0005,31.786931691178676,26.19447287833595
DEMO-G05-1C-0005,31.82543952314182,33.03108616277606
DEMO-G05-1C-0005,31.86394735510497,41.069947564681215
DEMO-G05-1C-0005,31.902455187068117,50.257739745621286
DEMO-G05-1C-0005,31.940963019031262,60.533327573687274
DEMO-G05-1C-0005,31.97947085099441,71.8282998552092
DEMO-G05-1C-0005,32.017978682957555,84.06756644552851
DEMO-G05-1C-0005,32.0564865149207,97.17000221812769
DEMO-G05-1C-0005,32.094994346883844,111.04912901047892
DEMO-G05-1C-0005,32.133502178846996,125.61382650829938
DEMO-G05-1C-0005,32.17201001081014,140.7690630702045
DEMO-G05-1C-0005,32.210517842773285,156.41663771985105
DEMO-G05-1C-0005,32.24902567473643,172.45592492407212
DEMO-G05-1C-0005,32.28753350669958,188.7846143123346
DEMO-G05-1C-0005,32.326041338662726,205.2994381495216
DEMO-G05-1C-0005,32.36454917062587,221.89688012513915
DEMO-G05-1C-0005,32.403057002589016,238.4738598393505
DEMO-G05-1C-0005,32.44156483455217,254.92838822426475
DEMO-G05-1C-0005,32.48007266651531,271.1601900110327
DEMO-G05-1C-0005,32.51858049847846,287.071290216822
DEMO-G05-1C-0005,32.5570883304416,302.56656245890883
DEMO-G05-1C-0005,32.59559616240475,317.55423768841973
DEMO-G05-1C-0005,32.6341039943679,331.9463726582253
DEMO-G05-1C-0005,32.67261182633104,345.659278086413
DEMO-G05-1C-0005,32.71111965829419,358.6139070401042
DEMO-G05-1C-0005,32.74962749025734,370.7362045383212
DEMO-G05-1C-0005,32.788135322220484,381.9574197543979
DEMO-G05-1C-0005,32.82664315418363,392.21438248726514
DEMO-G05-1C-0005,32.86515098614678,401.4497457691565
DEMO-G05-1C-0005,32.903658818109925,409.6121965877199
DEMO-G05-1C-0005,32.94216665007307,416.65663672880015
DEMO-G05-1C-0005,32.980674482036214,422.54433569818036
DEMO-G05-1C-0005,33.019182313999366,427.2430575638048
DEMO-G05-1C-0005,33.05769014596251,430.7271633822307
DEMO-G05-1C-0005,33.096197977925655,432.9776906429596
DEMO-G05-1C-0005,33.1347058098888,433.9824108906604
DEMO-G05-1C-0005,33.17321364185195,433.73586637746183
DEMO-G05-1C-0005,33.211721473815096,432.2393862649278
DEMO-G05-1C-0005,33.25022930577824,429.50108254753
DEMO-G05-1C-0005,33.288737137741386,425.5358255164782
DEMO-G05-1C-0005,33.32724496970454,420.36519823419246
DEMO-G05-1C-0005,33.36575280166768,414.01742915581536
DEMO-G05-1C-0005,33.40426063363083,406.52730172461895
DEMO-G05-1C-0005,33.44276846559397,397.9360394932434
DEMO-G05-1C-0005,33.48127629755712,388.29116509178584
DEMO-G05-1C-0005,33.51978412952027,377.64633118684105
DEMO-G05-1C-0005,33.55829196148341,366.06112146119983
DEMO-G05-1C-0005,33.59679979344656,353.60081960108573
DEMO-G05-1C-0005,33.63530762540971,340.3361443133368
DEMO-G05-1C-0005,33.673815457372854,326.3429485160643
DEMO-G05-1C-0005,33.712323289336,311.7018810568457
DEMO-G05-1C-0005,33.75083112129914,296.49800961679006
DEMO-G05-1C-0005,33.789338953262295,280.82040385629773
DEMO-G05-1C-0005,33.82784678522544,264.7616783489507
DEMO-G05-1C-0005,33.866354617188584,248.41749542823408
DEMO-G05-1C-0005,33.904862449151736,231.88602873129486
DEMO-G05-1C-0005,33.94337028111488,215.26738895373296
DEMO-G05-1C-0005,33.981878113078025,198.6630141163335
DEMO-G05-1C-0005,34.02038594504117,182.17502747166492
DEMO-G05-1C-0005,34.05889377700432,165.90556702629723
DEMO-G05-1C-0005,34.097401608967466,149.9560915005661
DEMO-G05-1C-0005,34.13590944093061,134.42666836851765
DEMO-G05-1C-0005,34.174417272893756,119.41525039009747
DEMO-G05-1C-0005,34.21292510485691,105.0169477399157
DEMO-G05-1C-0005,34.25143293682005,91.32330342647518
DEMO-G05-1C-0005,34.2899407687832,78.42158015804107
DEMO-G05-1C-0005,34.32844860074634,66.39406712526527
DEMO-G05-1C-0005,34.36695643270949,55.31741531720881
DEMO-G05-1C-0005,34.40546426467264,45.262009953575294
DEMO-G05-1C-0005,34.44397209663578,36.291388392788186
DEMO-G05-1C-0005,34.48247992859893,28.461711460821498
DEMO-G05-1C-0005,34.52098776056208,21.821295543000776
DEMO-G05-1C-0005,34.559495592525224,16.410212000934536
DEMO-G05-1C-0005,34.59800342448837,12.259959535562812
DEMO-G05-1C-0005,34.63651125645151,9.393214037758824
DEMO-G05-1C-0005,34.675019088414665,7.823659277251796
DEMO-G05-1C-0005,34.71352692037781,7.555900510454034
DEMO-G05-1C-0005,34.752034752340954,8.585461772541644
DEMO-G05-1C-0005,34.7905425843041,10.898866294564751
DEMO-G05-1C-0005,34.82905041626725,14.473798188468908
DEMO-G05-1C-0005,34.867558248230395,19.279342306182713
DEMO-G05-1C-0005,34.90606608019354,25.27629803527594
DEMO-G05-1C-0005,34.94457391215669,32.41756177102692
DEMO-G05-1C-0005,34.983081744119836,40.648571926271245
DEMO-G05-1C-0005,35.02158957608298,49.90780962373175
DEMO-G05-1C-0005,35.060097408046126,60.127347672200834
DEMO-G05-1C-0005,35.09860524000928,71.23344006357001
DEMO-G05-1C-0005,35.13711307197242,83.14714404180185
DEMO-G05-1C-0005,35.17562090393557,95.78496678140515
DEMO-G05-1C-0005,35.21412873589871,109.05952886079012
DEMO-G05-1C-0005,35.25263656786186,122.88023701001183
DEMO-G05-1C-0005,35.29114439982501,137.153959033909
DEMO-G05-1C-0005,35.32965223178815,151.78569434002765
DEMO-G05-1C-0005,35.3681600637513,166.6792341132846
DEMO-G05-1C-0005,35.40666789571445,181.73780585326858
DEMO-G05-1C-0005,35.445175727677594,196.86469770293553
DEMO-G05-1C-0005,35.48368355964074,211.96385872742368
DEMO-G05-1C-0005,35.52219139160388,226.94047202899205
DEMO-G05-1C-0005,35.560699223567035,241.70149829062868
DEMO-G05-1C-0005,35.59920705553018,256.15618801135963
DEMO-G05-1C-0005,35.637714887493324,270.21656131752167
DEMO-G05-1C-0005,35.67622271945647,283.79785479586525
DEMO-G05-1C-0005,35.71473055141962,296.81893528883097
DEMO-G05-1C-0005,35.753238383382765,309.2026810140744
DEMO-G05-1C-0005,35.79174621534591,320.8763307162815
DEMO-G05-1C-0005,35.83025404730906,331.77180182862753
DEMO-G05-1C-0005,35.868761879272206,341.8259788144933
DEMO-G05-1C-0005,35.90726971123535,350.98097297973146
DEMO-G05-1C-0005,35.945777543198496,359.1843550952235
DEMO-G05-1C-0005,35.98428537516165,366.389362153642
DEMO-G05-1C-0005,36.02279320712479,372.5550795085278
DEMO-G05-1C-0005,36.06130103908794,377.6465995143905
DEMO-G05-1C-0005,36.09980887105108,381.63515761024235
DEMO-G05-1C-0005,36.13831670301423,384.4982465732467
DEMO-G05-1C-0005,36.17682453497738,386.2197094214246
DEMO-G05-1C-0005,36.21533236694052,386.78981117292665
DEMO-G05-1C-0005,36.25384019890367,386.20528938238033
DEMO-G05-1C-0005,36.29234803086682,384.46938308101346
DEMO-G05-1C-0005,36.330855862829964,381.5918394554379
DEMO-G05-1C-0005,36.36936369479311,377.588897319402
DEMO-G05-1C-0005,36.40787152675625,372.4832461724323
DEMO-G05-1C-0005,36.446379358719405,366.30395940892015
DEMO-G05-1C-0005,36.48488719068255,359.08640004958227
DEMO-G05-1C-0005,36.523395022645694,350.87209722392623
DEMO-G05-1C-0005,36.56190285460884,341.7085915458836
DEMO-G05-1C-0005,36.60041068657199,331.6492475033694
DEMO-G05-1C-0005,36.638918518535135,320.75303103325905
DEMO-G05-1C-0005,36.67742635049828,309.0842505826474
DEMO-G05-1C-0005,36.715934182461424,296.7122601695127
DEMO-G05-1C-0005,36.754442014424576,283.71112325404715
DEMO-G05-1C-0005,36.79294984638772,270.1592366167898
DEMO-G05-1C-0005,36.831457678350866,256.13891390916996
DEMO-G05-1C-0005,36.86996551031402,241.73592909230968
DEMO-G05-1C-0005,36.90847334227716,227.03902060302627
DEMO-G05-1C-0005,36.94698117424031,212.13935777224515
DEMO-G05-1C-0005,36.98548900620345,197.1299717566449
DEMO-G05-1C-0005,37.0239968381666,182.10515401364566
DEMO-G05-1C-0005,37.06250467012975,167.15982613383125
DEMO-G05-1C-0005,37.10101250209289,152.38888562257057
DEMO-G05-1C-0005,37.13952033405604,137.88653297167423
DEMO-G05-1C-0005,37.17802816601919,123.74558605853923
DEMO-G05-1C-0005,37.216535997982334,110.0567885309072
DEMO-G05-1C-0005,37.25504382994548,96.908119356944
DEMO-G05-1C-0005,37.29355166190862,84.38411112192688
DEMO-G05-1C-0005,37.33205949387177,72.5651849153159
DEMO-G05-1C-0005,37.37056732583492,61.52700976052003
DEMO-G05-1C-0005,37.409075157798064,51.33989448357644
DEMO-G05-1C-0005,37.44758298976121,42.06821969027931
DEMO-G05-1C-0005,37.48609082172435,33.76991712376857
DEMO-G05-1C-0005,37.524598653687505,26.49600311178647
DEMO-G05-1C-0005,37.56310648565065,20.29017209556643
DEMO-G05-1C-0005,37.601614317613794,15.18845537732467
DEMO-G05-1C-0005,37.64012214957694,11.218949251838934
DEMO-G05-1C-0005,37.67862998154009,8.401615625057492
DEMO-G05-1C-0005,37.717137813503236,6.7481570975656675
DEMO-G05-1C-0005,37.75564564546638,6.26196733371918
DEMO-G05-1C-0005,37.79415347742953,6.938156379436384
DEMO-G05-1C-0005,37.83266130939268,8.76364946395254
DEMO-G05-1C-0005,37.87116914135582,11.717356752463406
DEMO-G05-1C-0005,37.909676973318966,15.770410533881664
DEMO-G05-1C-0005,37.94818480528212,20.88646545373691
DEMO-G05-1C-0005,37.98669263724526,27.022056654826272
DEMO-G05-1C-0005,38.02520046920841,34.1270100811941
DEMO-G05-1C-0005,38.06370830117155,42.14489874241994
DEMO-G05-1C-0005,38.102216133134704,51.013538428481894
DEMO-G05-1C-0005,38.14072396509785,60.66551620849151
DEMO-G05-1C-0005,38.17923179706099,71.02874503322332
DEMO-G05-1C-0005,38.21773962902414,82.0270378809117
DEMO-G05-1C-0005,38.25624746098729,93.58069512505747
DEMO-G05-1C-0005,38.294755292950434,105.60709914504606
DEMO-G05-1C-0005,38.33326312491358,118.02131062812134
DEMO-G05-1C-0005,38.37177095687672,130.73666150495347
DEMO-G05-1C-0005,38.410278788839875,143.66534000215933
DEMO-G05-1C-0005,38.44878662080302,156.7189638646573
DEMO-G05-1C-0005,38.487294452766164,169.809138381158
DEMO-G05-1C-0005,38.52580228472931,182.84799642103815
DEMO-G05-1C-0005,38.56431011669246,195.748718246051
DEMO-G05-1C-0005,38.602817948655606,208.42602938347434
DEMO-G05-1C-0005,38.64132578061875,220.7966753279743
DEMO-G05-1C-0005,38.679833612581895,232.77987226988137
DEMO-G05-1C-0005,38.71834144454505,244.29773342183594
DEMO-G05-1C-0005,38.75684927650819,255.27567082977825
DEMO-G05-1C-0005,38.795357108471336,265.6427728065401
DEMO-G05-1C-0005,38.83386494043449,275.3321573156586
DEMO-G05-1C-0005,38.87237277239763,284.2813017616724
DEMO-G05-1C-0005,38.91088060436078,292.4323497122433
DEMO-G05-1C-0005,38.94938843632392,299.7323950912179
DEMO-G05-1C-0005,38.987896268287074,306.13374434386884
DEMO-G05-1C-0005,39.02640410025022,311.5941569911237
DEMO-G05-1C-0005,39.06491193221336,316.0770648640222
DEMO-G05-1C-0005,39.10341976417651,319.5517701487303
DEMO-G05-1C-0005,39.14192759613966,321.99362218265776
DEMO-G05-1C-0005,39.180435428102804,323.3841727300267
DEMO-G05-1C-0005,39.21894326006595,323.71130923779316
DEMO-G05-1C-0005,39.25745109202909,322.969365337256
DEMO-G05-1C-0005,39.295958923992245,321.15920762063706
DEMO-G05-1C-0005,39.33446675595539,318.28829749349813
DEMO-G05-1C-0005,39.372974587918534,314.370726690632
DEMO-G05-1C-0005,39.41148241988168,309.427224854233
DEMO-G05-1C-0005,39.44999025184483,303.4851374163314
DEMO-G05-1C-0005,39.488498083807976,296.57837191164725
DEMO-G05-1C-0005,39.52700591577112,288.7473107804597
DEMO-G05-1C-0005,39.565513747734265,280.03868871140196
DEMO-G05-1C-0005,39.60402157969742,270.50543262884776
DEMO-G05-1C-0005,39.64252941166056,260.2064625551621
DEMO-G05-1C-0005,39.681037243623706,249.20645177929273
DEMO-G05-1C-0005,39.71954507558685,237.57554504410444
DEMO-G05-1C-0005,39.75805290755,225.38903382660138
DEMO-G05-1C-0005,39.79656073951315,212.72698822764315
DEMO-G05-1C-0005,39.83506857147629,199.67384550727746
DEMO-G05-1C-0005,39.87357640343944,186.31795589318057
DEMO-G05-1C-0005,39.91208423540259,172.75108694337857
DEMO-G05-1C-0005,39.95059206736573,159.06788844934377
DEMO-G05-1C-0005,39.98909989932888,145.3653206067206
DEMO-G05-1C-0005,40.02760773129203,131.74204894105148
DEMO-G05-1C-0005,40.066115563255174,118.29781023580678
DEMO-G05-1C-0005,40.10462339521832,105.13275444751253
DEMO-G05-1C-0005,40.14313122718146,92.34676828648169
DEMO-G05-1C-0005,40.181639059144615,80.03878676739704
DEMO-G05-1C-0005,40.22014689110776,68.30609957025928
DEMO-G05-1C-0005,40.258654723070904,57.24365947736837
DEMO-G05-1C-0005,40.29716255503405,46.943400447531104
DEMO-G05-1C-0005,40.3356703869972,37.493573038905765
DEMO-G05-1C-0005,40.374178218960346,28.978104885202132
DEMO-G05-1C-0005,40.41268605092349,21.47599375975052
DEMO-G05-1C-0005,40.451193882886635,15.060740426438285
DEMO-G05-1C-0005,40.48970171484979,9.799827979365949
DEMO-G05-1C-0005,40.52820954681293,5.754253724340202
DEMO-G05-1C-0005,40.566717378776076,2.9781188688371185
DEMO-G05-1C-0005,40.60522521073922,1.5182803833013834
DEMO-G05-1C-0005,40.64373304270237,1.4140683987141687
DEMO-G05-1C-0005,40.68224087466552,2.6970714406830387
DEMO-G05-1C-0005,40.72074870662866,5.390990698001359
DEMO-G05-1C-0005,40.75925653859181,9.511563414111034
DEMO-G05-1C-0005,40.79776437055496,15.06655440334318
DEMO-G05-1C-0005,40.8362722025181,22.05581365941522
DEMO-G05-1C-0005,40.87478003448125,30.471397067690003
DEMO-G05-1C-0005,40.9132878664444,40.29774637899581
DEMO-G05-1C-0005,40.951795698407544,51.511923870301736
DEMO-G05-1C-0005,40.99030353037069,64.0838965209523
DEMO-G05-1C-0005,41.02881136233383,77.97686408257886
DEMO-G05-1C-0005,41.067319194296985,93.14762512035199
DEMO-G05-1C-0005,41.10582702626013,109.54697495303486
DEMO-G05-1C-0005,41.144334858223274,127.12012941439346
DEMO-G05-1C-0005,41.18284269018642,145.80716848931849
DEMO-G05-1C-0005,41.22135052214957,165.54349413232993
DEMO-G05-1C-0005,41.259858354112716,186.26029693812097
DEMO-G05-1C-0005,41.29836618607586,207.8850267851925
DEMO-G05-1C-0005,41.336874018039005,230.34186309583114
DEMO-G05-1C-0005,41.37538185000216,253.55218092818475
DEMO-G05-1C-0005,41.4138896819653,277.43500971901665
DEMO-G05-1C-0005,41.452397513928446,301.90748210996355
DEMO-G05-1C-0005,41.49090534589159,326.8852708965156
DEMO-G05-1C-0005,41.52941317785474,352.2830127220307
DEMO-G05-1C-0005,41.56792100981789,378.0147176826616
DEMO-G05-1C-0005,41.60642884178103,403.9941645023335
DEMO-G05-1C-0005,41.644936673744176,430.13528136713626
DEMO-G05-1C-0005,41.68344450570733,456.352512870645
DEMO-G05-1C-0005,41.72195233767047,482.56117380794046
DEMO-G05-1C-0005,41.76046016963362,508.67779076464564
DEMO-G05-1C-0005,41.79896800159677,534.6204325769911
DEMO-G05-1C-0005,41.837475833559914,560.3090307908377
DEMO-G05-1C-0005,41.87598366552306,585.6656912247488
DEMO-G05-1C-0005,41.9144914974862,610.6149976495998
DEMO-G05-1C-0005,41.952999329449355,635.0843084402857
DEMO-G05-1C-0005,41.9915071614125,659.0040468417263
DEMO-G05-1C-0005,42.030014993375644,682.3079852292972
DEMO-G05-1C-0005,42.06852282533879,704.9335234411881
DEMO-G05-1C-0005,42.10703065730194,726.8219609274997
DEMO-G05-1C-0005,42.145538489265086,747.918762106048
DEMO-G05-1C-0005,42.18404632122823,768.173813948177
DEMO-G05-1C-0005,42.222554153191375,787.541674448508
DEMO-G05-1C-0005,42.26106198515453,805.9818102696001
DEMO-G05-1C-0005,42.29956981711767,823.4588215051075
DEMO-G05-1C-0005,42.338077649080816,839.9426511816903
DEMO-G05-1C-0005,42.37658548104396,855.4087768293184
DEMO-G05-1C-0005,42.41509331300711,869.8383811992074
DEMO-G05-1C-0005,42.45360114497026,883.2184990070962
DEMO-G05-1C-0005,42.4921089769334,895.5421364328976
DEMO-G05-1C-0005,42.530616808896546,906.8083600241195
DEMO-G05-1C-0005,42.5691246408597,917.0223516352344
DEMO-G05-1C-0005,42.60763247282284,926.1954260943967
DEMO-G05-1C-0005,42.64614030478599,934.3450084275371
DEMO-G05-1C-0005,42.68464813674913,941.4945676916178
DEMO-G05-1C-0005,42.723155968712284,947.6735047761475
DEMO-G05-1C-0005,42.76166380067543,952.9169919260614
DEMO-G05-1C-0005,42.80017163263857,957.2657622194342
DEMO-G05-1C-0005,42.838679464601725,960.7658477963428
DEMO-G05-1C-0005,42.87718729656487,963.4682662765863
DEMO-G05-1C-0005,42.915695128528014,965.4286555151718
DEMO-G05-1C-0005,42.95420296049116,966.7068576159127
DEMO-G05-1C-0005,42.99271079245431,967.36645394147
DEMO-G05-1C-0005,43.031218624417455,967.4742537081728
DEMO-G05-1C-0005,43.0697264563806,967.0997396168748
DEMO-G05-1C-0005,43.108234288343745,966.3144748282581
DEMO-G05-1C-0005,43.1467421203069,965.1914764203232
DEMO-G05-1C-0005,43.18524995227004,963.8045612460918
DEMO-G05-1C-0005,43.223757784233186,962.2276708173711
DEMO-G05-1C-0005,43.26226561619633,960.5341824559872
DEMO-G05-1C-0005,43.30077344815948,958.7962144558198
DEMO-G05-1C-0005,43.33928128012263,957.0839333708838
DEMO-G05-1C-0005,43.37778911208577,955.4648717717694
DEMO-G05-1C-0005,43.416296944048916,954.0032648848093
DEMO-G05-1C-0005,43.45480477601207,952.759414439429
DEMO-G05-1C-0005,43.49331260797521,951.7890877978172
DEMO-G05-1C-0005,43.53182043993836,951.1429600312696
DEMO-G05-1C-0005,43.5703282719015,950.8661060475815
DEMO-G05-1C-0005,43.608836103864654,950.9975491769836
DEMO-G05-1C-0005,43.6473439358278,951.5698718069976
DEMO-G05-1C-0005,43.68585176779094,952.6088927403122
DEMO-G05-1C-0005,43.724359599754095,954.1334149564897
DEMO-G05-1C-0005,43.76286743171724,956.1550464132418
DEMO-G05-1C-0005,43.801375263680384,958.678095451139
DEMO-G05-1C-0005,43.83988309564353,961.6995412915919
DEMO-G05-1C-0005,43.87839092760668,965.2090790659123
DEMO-G05-1C-0005,43.916898759569825,969.1892378047457
DEMO-G05-1C-0005,43.95540659153297,973.6155688712616
DEMO-G05-1C-0005,43.993914423496115,978.456901454316
DEMO-G05-1C-0005,44.03242225545927,983.6756609623955
DEMO-G05-1C-0005,44.07093008742241,989.2282454840638
DEMO-G05-1C-0005,44.109437919385556,995.0654549126413
DEMO-G05-1C-0005,44.1479457513487,1001.1329668738788
DEMO-G05-1C-0005,44.18645358331185,1007.3718532460156
DEMO-G05-1C-0005,44.224961415275,1013.7191308187643
DEMO-G05-1C-0005,44.26346924723814,1020.1083394973488
DEMO-G05-1C-0005,44.301977079201286,1026.470141413934
DEMO-G05-1C-0005,44.34048491116444,1032.7329343544536
DEMO-G05-1C-0005,44.37899274312758,1038.8234730368067
DEMO-G05-1C-0005,44.41750057509073,1044.6674919792251
DEMO-G05-1C-0005,44.45600840705387,1050.1903239668793
DEMO-G05-1C-0005,44.494516239017024,1055.317508454458
DEMO-G05-1C-0005,44.53302407098017,1059.9753846238716
DEMO-G05-1C-0005,44.57153190294331,1064.0916642436096
DEMO-G05-1C-0005,44.61003973490646,1067.5959799425057
DEMO-G05-1C-0005,44.64854756686961,1070.4204050085807
DEMO-G05-1C-0005,44.687055398832754,1072.4999413474347
DEMO-G05-1C-0005,44.7255632307959,1073.7729727762585
DEMO-G05-1C-0005,44.76407106275905,1074.1816813817918
DEMO-G05-1C-0005,44.802578894722195,1073.6724252261622
DEMO-G05-1C-0005,44.84108672668534,1072.1960762337976
DEMO-G05-1C-0005,44.879594558648485,1069.7083176279625
DEMO-G05-1C-0005,44.91810239061164,1066.1699007968825
DEMO-G05-1C-0005,44.95661022257478,1061.546861948182
DEMO-G05-1C-0005,44.995118054537926,1055.8106993470699
DEMO-G05-1C-0005,45.03362588650107,1048.9385123201423
DEMO-G05-1C-0005,45.07213371846422,1040.9131035350645
DEMO-G05-1C-0005,45.11064155042737,1031.723046330154
DEMO-G05-1C-0005,45.14914938239051,1021.362719062525
DEMO-G05-1C-0005,45.187657214353656,1009.8323085658806
DEMO-G05-1C-0005,45.22616504631681,997.1377848583318
DEMO-G05-1C-0005,45.26467287827995,983.2908492187969
DEMO-G05-1C-0005,45.3031807102431,968.3088576609564
DEMO-G05-1C-0005,45.34168854220624,952.2147216834294
DEMO-G05-1C-0005,45.380196374169394,935.0367879719124
DEMO-G05-1C-0005,45.41870420613254,916.8086984840656
DEMO-G05-1C-0005,45.45721203809568,897.5692320738806
DEMO-G05-1C-0005,45.49571987005883,877.362128521864
DEMO-G05-1C-0005,45.53422770202198,856.2358955454359
DEMO-G05-1C-0005,45.572735533985124,834.2435990852855
DEMO-G05-1C-0005,45.61124336594827,811.4426369115328
DEMO-G05-1C-0005,45.649751197911414,787.8944953831434
DEMO-G05-1C-0005,45.688259029874565,763.664489035854
DEMO-G05-1C-0005,45.72676686183771,738.8214825787904
DEMO-G05-1C-0005,45.765274693800855,713.4375948557339
DEMO-G05-1C-0005,45.80378252576401,687.587884378531
DEMO-G05-1C-0005,45.84229035772715,661.3500161684996
DEMO-G05-1C-0005,45.880798189690296,634.8039098480003
DEMO-G05-1C-0005,45.91930602165344,608.031369201195
DEMO-G05-1C-0005,45.95781385361659,581.1156937650001
DEMO-G05-1C-0005,45.99632168557974,554.141273407057
DEMO-G05-1C-0005,46.03482951754288,527.193167283187
DEMO-G05-1C-0005,46.073337349506026,500.3566690285187
DEMO-G05-1C-0005,46.11184518146918,473.7168605056664
DEMO-G05-1C-0005,46.15035301343232,447.3581568927707
DEMO-G05-1C-0005,46.18886084539547,421.3638463259726
DEMO-G05-1C-0005,46.22736867735861,395.8156276969211
DEMO-G05-1C-0005,46.265876509321764,370.7931505294558
DEMO-G05-1C-0005,46.30438434128491,346.37356110756866
DEMO-G05-1C-0005,46.34289217324805,322.6310591857629
DEMO-G05-1C-0005,46.3814000052112,299.63646967596844
DEMO-G05-1C-0005,46.41990783717435,277.45683366598456
DEMO-G05-1C-0005,46.458415669137494,256.1550229829721
DEMO-G05-1C-0005,46.49692350110064,235.78938227348144
DEMO-G05-1C-0005,46.535431333063784,216.41340223656866
DEMO-G05-1C-0005,46.573939165026935,198.07542722746086
DEMO-G05-1C-0005,46.61244699699008,180.81839996009998
DEMO-G05-1C-0005,46.650954828953225,164.67964549252335
DEMO-G05-1C-0005,46.68946266091638,149.69069609674895
DEMO-G05-1C-0005,46.72797049287952,135.87715801294485
DEMO-G05-1C-0005,46.766478324842666,123.25862048450473
DEMO-G05-1C-0005,46.80498615680581,111.84860688366373
DEMO-G05-1C-0005,46.84349398876896,101.65456718359827
DEMO-G05-1C-0005,46.88200182073211,92.67791052645364
DEMO-G05-1C-0005,46.92050965269525,84.91407618996314
DEMO-G05-1C-0005,46.959017484658396,78.35264087756569
DEMO-G05-1C-0005,46.99752531662155,72.97745995428286
DEMO-G05-1C-0005,47.03603314858469,68.7668400263976
DEMO-G05-1C-0005,47.07454098054784,65.6937401172152
DEMO-G05-1C-0005,47.11304881251098,63.72599862144913
DEMO-G05-1C-0005,47.151556644474134,62.82658322101004
DEMO-G05-1C-0005,47.19006447643728,62.9538610087232
DEMO-G05-1C-0005,47.22857230840042,64.06188618362175
DEMO-G05-1C-0005,47.26708014036357,66.10070284216657
DEMO-G05-1C-0005,47.30558797232672,69.01666058257356
DEMO-G05-1C-0005,47.344095804289864,72.75274085305944
DEMO-G05-1C-0005,47.38260363625301,77.24889219821272
DEMO-G05-1C-0005,47.421111468216154,82.44237278015486
DEMO-G05-1C-0005,47.459619300179305,88.26809876329158
DEMO-G05-1C-0005,47.49812713214245,94.65899734516458
DEMO-G05-1C-0005,47.536634964105595,101.54636338407303
DEMO-G05-1C-0005,47.57514279606874,108.86021871217223
DEMO-G05-1C-0005,47.61365062803189,116.52967332667727
DEMO-G05-1C-0005,47.652158459995036,124.48328772039301
DEMO-G05-1C-0005,47.69066629195818,132.64943564516372
DEMO-G05-1C-0005,47.72917412392133,140.9566665999423
DEMO-G05-1C-0005,47.76768195588448,149.33406730065536
DEMO-G05-1C-0005,47.80618978784762,157.71162132606597
DEMO-G05-1C-0005,47.844697619810766,166.02056604597604
DEMO-G05-1C-0005,47.88320545177392,174.19374583037833
DEMO-G05-1C-0005,47.92171328373706,182.16596041576514
DEMO-G05-1C-0005,47.96022111570021,189.8743071721609
DEMO-G05-1C-0005,47.99872894766335,197.25851587716946
DEMO-G05-1C-0005,48.037236779626504,204.26127446562722
DEMO-G05-1C-0005,48.07574461158965,210.8285440898857
DEMO-G05-1C-0005,48.11425244355279,216.90986170010157
DEMO-G05-1C-0005,48.15276027551594,222.45862823953453
DEMO-G05-1C-0005,48.19126810747909,227.43238045016858
DEMO-G05-1C-0005,48.229775939442234,231.79304420140664
DEMO-G05-1C-0005,48.26828377140538,235.5071671917621
DEMO-G05-1C-0005,48.306791603368524,238.5461288331334
DEMO-G05-1C-0005,48.345299435331675,240.88632511114727
DEMO-G05-1C-0005,48.38380726729482,242.50932622649552
DEMO-G05-1C-0005,48.422315099257965,243.40200486301885
DEMO-G05-1C-0005,48.46082293122111,243.55663300162053
DEMO-G05-1C-0005,48.49933076318426,242.97094530770184
DEMO-G05-1C-0005,48.537838595147406,241.64816726636693
DEMO-G05-1C-0005,48.57634642711055,239.59700642682748
DEMO-G05-1C-0005,48.614854259073695,236.8316053477119
DEMO-G05-1C-0005,48.65336209103685,233.37145511000898
DEMO-G05-1C-0005,48.69186992299999,229.24126858498045
DEMO-G05-1C-0005,48.730377754963136,224.47081301059563
DEMO-G05-1C-0005,48.76888558692629,219.09470184034998
DEMO-G05-1C-0005,48.80739341888943,213.15214627921586
DEMO-G05-1C-0005,48.84590125085258,206.68666740882728
DEMO-G05-1C-0005,48.88440908281572,199.74577032003958
DEMO-G05-1C-0005,48.922916914778874,192.38058220813917
DEMO-G05-1C-0005,48.96142474674202,184.6454569325916
DEMO-G05-1C-0005,48.99993257870516,176.59754908812292
DEMO-G05-1C-0005,49.03844041066831,168.29636116299292
DEMO-G05-1C-0005,49.07694824263146,159.8032678593249
DEMO-G05-1C-0005,49.115456074594604,151.18102210467183
DEMO-G05-1C-0005,49.15396390655775,142.49324767847264
DEMO-G05-1C-0005,49.192471738520894,133.80392369841996
DEMO-G05-1C-0005,49.230979570484045,125.17686644692516
DEMO-G05-1C-0005,49.26948740244719,116.67521415687652
DEMO-G05-1C-0005,49.307995234410335,108.3609204106198
DEMO-G05-1C-0005,49.34650306637348,100.29426173202692
DEMO-G05-1C-0005,49.38501089833663,92.53336476685618
DEMO-G05-1C-0005,49.423518730299776,85.13375815422647
DEMO-G05-1C-0005,49.46202656226292,78.14795379687662
DEMO-G05-1C-0005,49.500534394226065,71.62506175026037
DEMO-G05-1C-0005,49.53904222618922,65.61044238171019
DEMO-G05-1C-0005,49.57755005815236,60.14539881729477
DEMO-G05-1C-0005,49.616057890115506,55.26691201147001
DEMO-G05-1C-0005,49.65456572207866,51.0074200631927
DEMO-G05-1C-0005,49.6930735540418,47.39464267989378
DEMO-G05-1C-0005,49.73158138600495,44.4514509778046
DEMO-G05-1C-0005,49.77008921796809,42.195782121609284
DEMO-G05-1C-0005,49.808597049931244,40.64059766520457
DEMO-G05-1C-0005,49.84710488189439,39.7938838736876
DEMO-G05-1C-0005,49.88561271385753,39.658691796699856
DEMO-G05-1C-0005,49.92412054582068,40.23321443465379
DEMO-G05-1C-0005,49.96262837778383,41.51089799859036
DEMO-G05-1C-0005,50.001136209746974,43.480584014878076
DEMO-G05-1C-0005,50.03964404171012,46.12667886797647
DEMO-G05-1C-0005,50.078151873673264,49.42934730572145
DEMO-G05-1C-0005,50.116659705636415,53.3647264466995
DEMO-G05-1C-0005,50.15516753759956,57.9051569213708
DEMO-G05-1C-0005,50.193675369562705,63.0194279383478
DEMO-G05-1C-0005,50.23218320152585,68.67303328429432
DEMO-G05-1C-0005,50.270691033489,74.8284355290877
DEMO-G05-1C-0005,50.309198865452146,81.44533600522112
DEMO-G05-1C-0005,50.34770669741529,88.48094845009331
DEMO-G05-1C-0005,50.386214529378435,95.89027453039189
DEMO-G05-1C-0005,50.42472236134159,103.62637979805955
DEMO-G05-1C-0005,50.46323019330473,111.6406689473952
DEMO-G05-1C-0005,50.501738025267876,119.88315954378415
DEMO-G05-1C-0005,50.54024585723102,128.30275366837
DEMO-G05-1C-0005,50.57875368919417,136.84750716358388
DEMO-G05-1C-0005,50.61726152115732,145.46489636667198
DEMO-G05-1C-0005,50.65576935312046,154.1020823786538
DEMO-G05-1C-0005,50.694277185083614,162.7061730322851
DEMO-G05-1C-0005,50.73278501704676,171.2244827936872
DEMO-G05-1C-0005,50.7712928490099,179.60479085850318
DEMO-G05-1C-0005,50.80980068097305,187.79559768637336
DEMO-G05-1C-0005,50.8483085129362,195.7463801590449
DEMO-G05-1C-0005,50.886816344899344,203.40784545116878
DEMO-G05-1C-0005,50.92532417686249,210.7321835722796
DEMO-G05-1C-0005,50.963832008825634,217.67331837802078
DEMO-G05-1C-0005,51.002339840788785,224.18715666322223
DEMO-G05-1C-0005,51.04084767275193,230.23183474415262
DEMO-G05-1C-0005,51.079355504715075,235.76796171723714
DEMO-G05-1C-0005,51.11786333667822,240.75885835264364
DEMO-G05-1C-0005,51.15637116864137,245.1707903488758
DEMO-G05-1C-0005,51.194879000604516,248.97319444464617
DEMO-G05-1C-0005,51.23338683256766,252.13889566272448
DEMO-G05-1C-0005,51.271894664530805,254.64431375305267
DEMO-G05-1C-0005,51.31040249649396,256.4696567151753
DEMO-G05-1C-0005,51.3489103284571,257.59909911868004
DEMO-G05-1C-0005,51.387418160420246,258.0209428112713
DEMO-G05-1C-0005,51.42592599238339,257.727757512544
DEMO-G05-1C-0005,51.46443382434654,256.7164987436838
DEMO-G05-1C-0005,51.50294165630969,254.98860054418816
DEMO-G05-1C-0005,51.54144948827283,252.550040481162
DEMO-G05-1C-0005,51.57995732023598,249.41137456933888
DEMO-G05-1C-0005,51.61846515219913,245.5877398931011
DEMO-G05-1C-0005,51.65697298416227,241.09882295888244
DEMO-G05-1C-0005,51.69548081612542,235.9687921066452
DEMO-G05-1C-0005,51.73398864808857,230.22619267320667
DEMO-G05-1C-0005,51.772496480051714,223.90380402378693
DEMO-G05-1C-0005,51.81100431201486,217.03845804813002
DEMO-G05-1C-0005,51.849512143978004,209.67081924525334
DEMO-G05-1C-0005,51.888019975941155,201.84512708890125
DEMO-G05-1C-0005,51.9265278079043,193.6089019616674
DEMO-G05-1C-0005,51.965035639867445,185.01261655738358
DEMO-G05-1C-0005,52.00354347183059,176.10933526362888
DEMO-G05-1C-0005,52.04205130379374,166.95432463371856
DEMO-G05-1C-0005,52.080559135756886,157.60463862311522
DEMO-G05-1C-0005,52.11906696772003,148.11868278341473
DEMO-G05-1C-0005,52.157574799683175,138.55576206035738
DEMO-G05-1C-0005,52.19608263164633,128.97561721728715
DEMO-G05-1C-0005,52.23459046360947,119.43795518815298
DEMO-G05-1C-0005,52.273098295572616,110.001978844191
DEMO-G05-1C-0005,52.31160612753576,100.72592172867911
DEMO-G05-1C-0005,52.35011395949891,91.66659326989172
DEMO-G05-1C-0005,52.38862179146206,82.87893982326067
DEMO-G05-1C-0005,52.4271296234252,74.41562662328136
DEMO-G05-1C-0005,52.46563745538835,66.32664535046558
DEMO-G05-1C-0005,52.5041452873515,58.65895154892191
DEMO-G05-1C-0005,52.54265311931464,51.45613557992952
DEMO-G05-1C-0005,52.58116095127779,44.75813018116975
DEMO-G05-1C-0005,52.61966878324094,38.60095703877241
DEMO-G05-1C-0005,52.658176615204084,33.01651408805362
DEMO-G05-1C-0005,52.69668444716723,28.032404558826016
DEMO-G05-1C-0005,52.73519227913037,23.671808090576974
DEMO-G05-1C-0005,52.773700111093525,19.95339358032358
DEMO-G05-1C-0005,52.81220794305667,16.891272806911232
DEMO-G05-1C-0005,52.850715775019815,14.494993314662137
DEMO-G05-1C-0005,52.88922360698296,12.769568547359944
DEMO-G05-1C-0005,52.92773143894611,11.7155428098004
DEMO-G05-1C-0005,52.966239270909256,11.329088303469089
DEMO-G05-1C-0005,53.0047471028724,11.602131238660744
DEMO-G05-1C-0005,53.043254934835545,12.522503866867053
DEMO-G05-1C-0005,53.0817627667987,14.074119202108209
DEMO-G05-1C-0005,53.12027059876184,16.237165202842483
DEMO-G05-1C-0005,53.158778430724986,18.988315260376886
DEMO-G05-1C-0005,53.19728626268813,22.300951976646083
DEMO-G05-1C-0005,53.23579409465128,26.145401404388522
DEMO-G05-1C-0005,53.27430192661443,30.489175155745375
DEMO-G05-1C-0005,53.31280975857757,35.29721805052462
DEMO-G05-1C-0005,53.35131759054072,40.532159262133604
DEMO-G05-1C-0005,53.38982542250387,46.15456521739353
DEMO-G05-1C-0005,53.42833325446701,52.123192806136004
DEMO-G05-1C-0005,53.46684108643016,58.39524174907192
DEMO-G05-1C-0005,53.5053489183933,64.92660524977632
DEMO-G05-1C-0005,53.543856750356454,71.67211831192552
DEMO-G05-1C-0005,53.5823645823196,78.5858033306686
DEMO-G05-1C-0005,53.62087241428274,85.62111276230242
DEMO-G05-1C-0005,53.659380246245895,92.73116883622622
DEMO-G05-1C-0005,53.69788807820904,99.86900039488944
DEMO-G05-1C-0005,53.736395910172185,106.9877770303671
DEMO-G05-1C-0005,53.77490374213533,114.0410407293522
DEMO-G05-1C-0005,53.81341157409848,120.98293524333194
DEMO-G05-1C-0005,53.851919406061626,127.76843336822543
DEMO-G05-1C-0005,53.89042723802477,134.3535622503086
DEMO-G05-1C-0005,53.928935069987915,140.69562673579574
DEMO-G05-1C-0005,53.96744290195107,146.7534306529224
DEMO-G05-1C-0005,54.00595073391421,152.48749576199262
DEMO-G05-1C-0005,54.044458565877356,157.86027793447226
DEMO-G05-1C-0005,54.0829663978405,162.836379931554
DEMO-G05-1C-0005,54.12147422980365,167.3827599506277
DEMO-G05-1C-0005,54.1599820617668,171.4689348995403
DEMO-G05-1C-0005,54.19848989372994,175.06717714928007
DEMO-G05-1C-0005,54.23699772569309,178.15270331100572
DEMO-G05-1C-0005,54.27550555765624,180.70385338931248
DEMO-G05-1C-0005,54.31401338961938,182.70225848596695
DEMO-G05-1C-0005,54.35252122158253,184.13299507357746
DEMO-G05-1C-0005,54.39102905354567,184.98472373248302
DEMO-G05-1C-0005,54.429536885508824,185.24981015311954
DEMO-G05-1C-0005,54.46804471747197,184.92442615561941
DEMO-G05-1C-0005,54.50655254943511,184.00862847451833
DEMO-G05-1C-0005,54.54506038139826,182.50641310335826
DEMO-G05-1C-0005,54.58356821336141,180.42574309671406
DEMO-G05-1C-0005,54.622076045324555,177.7785478877552
DEMO-G05-1C-0005,54.6605838772877,174.58069240082037
DEMO-G05-1C-0005,54.69909170925085,170.85191451970346
DEMO-G05-1C-0005,54.737599541213996,166.61572981304465
DEMO-G05-1C-0005,54.77610737317714,161.89930281399342
DEMO-G05-1C-0005,54.814615205140285,156.73328459741947
DEMO-G05-1C-0005,54.85312303710344,151.15161688647024
DEMO-G05-1C-0005,54.89163086906658,145.19130344167255
DEMO-G05-1C-0005,54.930138701029726,138.8921500289141
DEMO-G05-1C-0005,54.96864653299287,132.2964748138107
DEMO-G05-1C-0005,55.00715436495602,125.44879157582487
DEMO-G05-1C-0005,55.04566219691917,118.39546865971123
DEMO-G05-1C-0005,55.08417002888231,111.18436707025437
DEMO-G05-1C-0005,55.12267786084546,103.86446155280676
DEMO-G05-1C-0005,55.16118569280861,96.48544887328823
DEMO-G05-1C-0005,55.19969352477175,89.09734780398685
DEMO-G05-1C-0005,55.2382013567349,81.75009552620008
DEMO-G05-1C-0005,55.27670918869804,74.49314526799009
DEMO-G05-1C-0005,55.315217020661194,67.37507000251405
DEMO-G05-1C-0005,55.35372485262434,60.44317693587728
DEMO-G05-1C-0005,55.39223268458748,53.74313731693247
DEMO-G05-1C-0005,55.43074051655063,47.31863580896599
DEMO-G05-1C-0005,55.46924834851378,41.21104328430732
DEMO-G05-1C-0005,55.507756180476925,35.45911644797726
DEMO-G05-1C-0005,55.54626401244007,30.098727180120836
DEMO-G05-1C-0005,55.58477184440322,25.162623924059954
DEMO-G05-1C-0005,55.623279676366366,20.68022685426335
DEMO-G05-1C-0005,55.66178750832951,16.677457953493388
DEMO-G05-1C-0005,55.700295340292655,13.176606527632465
DEMO-G05-1C-0005,55.73880317225581,10.196230106417326
DEMO-G05-1C-0005,55.77731100421895,7.751090133072244
DEMO-G05-1C-0005,55.815818836182096,5.852121348465354
DEMO-G05-1C-0005,55.85432666814524,4.506433336357201
DEMO-G05-1C-0005,55.89283450010839,3.717342323723498
DEMO-G05-1C-0005,55.93134233207154,3.484431029246586
DEMO-G05-1C-0005,55.96985016403468,3.8036341268178013
DEMO-G05-1C-0005,56.00835799599783,4.667346739497883
DEMO-G05-1C-0005,56.04686582796098,6.064553300728387
DEMO-G05-1C-0005,56.08537365992412,7.9809741096724505
DEMO-G05-1C-0005,56.12388149188727,10.3992269603909
DEMO-G05-1C-0005,56.16238932385041,13.29900133294845
DEMO-G05-1C-0005,56.200897155813564,16.657242790175008
DEMO-G05-1C-0005,56.23940498777671,20.448345417609534
DEMO-G05-1C-0005,56.27791281973985,24.64435036697675
DEMO-G05-1C-0005,56.316420651703,29.215148805766574
DEMO-G05-1C-0005,56.35492848366615,34.12868782835541
DEMO-G05-1C-0005,56.393436315629295,39.351178138668566
DEMO-G05-1C-0005,56.43194414759244,44.84730256293082
DEMO-G05-1C-0005,56.470451979555584,50.58042468643847
DEMO-G05-1C-0005,56.508959811518736,56.51279712422359
DEMO-G05-1C-0005,56.54746764348188,62.605769127106335
DEMO-G05-1C-0005,56.585975475445025,68.81999338733918
DEMO-G05-1C-0005,56.62448330740818,75.11563203926723
DEMO-G05-1C-0005,56.66299113937132,81.4525619477689
DEMO-G05-1C-0005,56.701498971334466,87.79057943938287
DEMO-G05-1C-0005,56.74000680329761,94.08960465836282
DEMO-G05-1C-0005,56.77851463526076,100.3098857221774
DEMO-G05-1C-0005,56.81702246722391,106.41220281006109
DEMO-G05-1C-0005,56.85553029918705,112.35807224596918
DEMO-G05-1C-0005,56.8940381311502,118.10995053579207
DEMO-G05-1C-0005,56.93254596311335,123.63143819157773
DEMO-G05-1C-0005,56.97105379507649,128.88748302557522
DEMO-G05-1C-0005,57.00956162703964,133.8445824283285
DEMO-G05-1C-0005,57.04806945900278,138.4709839619191
DEMO-G05-1C-0005,57.086577290965934,142.73688340574705
DEMO-G05-1C-0005,57.12508512292908,146.61461919334874
DEMO-G05-1C-0005,57.16359295489222,150.07886197902164
DEMO-G05-1C-0005,57.20210078685537,153.10679787803235
DEMO-G05-1C-0005,57.24060861881852,155.67830373901634
DEMO-G05-1C-0005,57.279116450781665,157.77611263811662
DEMO-G05-1C-0005,57.31762428274481,159.38596763635502
DEMO-G05-1C-0005,57.356132114707954,160.49676172137126
DEMO-G05-1C-0005,57.394639946671106,161.10066176740148
DEMO-G05-1C-0005,57.43314777863425,161.19321429898167
DEMO-G05-1C-0005,57.471655610597395,160.77343083993887
DEMO-G05-1C-0005,57.51016344256055,159.8438506741407
DEMO-G05-1C-0005,57.54867127452369,158.41057894307306
DEMO-G05-1C-0005,57.587179106486836,156.48329815973068
DEMO-G05-1C-0005,57.62568693844998,154.07525143154493
DEMO-G05-1C-0005,57.66419477041313,151.2031959561123
DEMO-G05-1C-0005,57.70270260237628,147.8873256825714
DEMO-G05-1C-0005,57.74121043433942,144.1511624136086
DEMO-G05-1C-0005,57.77971826630257,140.02141505455202
DEMO-G05-1C-0005,57.81822609826572,135.527807188227
DEMO-G05-1C-0005,57.85673393022886,130.70287365869606
DEMO-G05-1C-0005,57.89524176219201,125.58172737178667
DEMO-G05-1C-0005,57.93374959415515,120.20179805323393
DEMO-G05-1C-0005,57.972257426118304,114.60254523149698
DEMO-G05-1C-0005,58.01076525808145,108.82514821776316
DEMO-G05-1C-0005,58.04927309004459,102.91217632452725
DEMO-G05-1C-0005,58.08778092200774,96.90724298209165
DEMO-G05-1C-0005,58.12628875397089,90.8546477655119
DEMO-G05-1C-0005,58.164796585934035,84.79901062055475
DEMO-G05-1C-0005,58.20330441789718,78.78490276620684
DEMO-G05-1C-0005,58.241812249860324,72.85647884584057
DEMO-G05-1C-0005,58.280320081823476,67.05711489474638
DEMO-G05-1C-0005,58.31882791378662,61.429056587483586
DEMO-G05-1C-0005,58.357335745749765,56.01308202657999
DEMO-G05-1C-0005,58.39584357771291,50.848183040149124
DEMO-G05-1C-0005,58.43435140967606,45.97126857878856
DEMO-G05-1C-0005,58.472859241639206,41.41689335303205
DEMO-G05-1C-0005,58.51136707360235,37.21701434546918
DEMO-G05-1C-0005,58.5498749055655,33.40077728173933
DEMO-G05-1C-0005,58.58838273752865,29.994334568435857
DEMO-G05-1C-0005,58.62689056949179,27.02069562010031
DEMO-G05-1C-0005,58.66539840145494,24.499609918811245
DEMO-G05-1C-0005,58.70390623341809,22.447482593269935
DEMO-G05-1C-0005,58.74241406538123,20.87732178462067
DEMO-G05-1C-0005,58.78092189734438,19.798716594963953
DEMO-G05-1C-0005,58.81942972930752,19.217844002196173
DEMO-G05-1C-0005,58.857937561270674,19.13750277839768
DEMO-G05-1C-0005,58.89644539323382,19.557172174047672
DEMO-G05-1C-0005,58.93495322519696,20.473092928751377
DEMO-G05-1C-0005,58.97346105716011,21.87836804145886
DEMO-G05-1C-0005,59.01196888912326,23.76308067684679
DEMO-G05-1C-0005,59.050476721086405,26.114426595767817
DEMO-G05-1C-0005,59.08898455304955,28.91685857058105
DEMO-G05-1C-0005,59.127492385012694,32.1522403736652
DEMO-G05-1C-0005,59.166000216975846,35.8000081017232
DEMO-G05-1C-0005,59.20450804893899,39.837336810612115
DEMO-G05-1C-0005,59.243015880902135,44.23931067653838
DEMO-G05-1C-0005,59.28152371286528,48.979095160564434
DEMO-G05-1C-0005,59.32003154482843,54.028109925327044
DEMO-G05-1C-0005,59.358539376791576,59.35620152749729
DEMO-G05-1C-0005,59.39704720875472,64.93181517865806
DEMO-G05-1C-0005,59.435555040717865,70.7221651238891
DEMO-G05-1C-0005,59.47406287268102,76.6934034250143
DEMO-G05-1C-0005,59.51257070464416,82.81078714857045
DEMO-G05-1C-0005,59.55107853660731,89.03884414278947
DEMO-G05-1C-0005,59.58958636857046,95.34153773910894
DEMO-G05-1C-0005,59.6280942005336,101.68243082999177
DEMO-G05-1C-0005,59.66660203249675,108.02484985347314
DEMO-G05-1C-0005,59.70510986445989,114.33204925565701
DEMO-G05-1C-0005,59.743617696423044,120.56737700505526
DEMO-G05-1C-0005,59.78212552838619,126.69444169750803
DEMO-G05-1C-0005,59.82063336034933,132.67728171967335
DEMO-G05-1C-0005,59.85914119231248,138.48053683374968
DEMO-G05-1C-0005,59.89764902427563,144.06962240983668
DEMO-G05-1C-0005,59.936156856238775,149.41090636735686
DEMO-G05-1C-0005,59.97466468820192,154.47188869782505
DEMO-G05-1C-0005,60.013172520165064,159.2213832310934
DEMO-G05-1C-0005,60.051680352128216,163.62970108132578
DEMO-G05-1C-0005,60.09018818409136,167.66883497167996
DEMO-G05-1C-0005,60.128696016054505,171.3126433933875
DEMO-G05-1C-0005,60.16720384801765,174.53703331131555
DEMO-G05-1C-0005,60.2057116799808,177.32013988975302
DEMO-G05-1C-0005,60.244219511943946,179.6425014856239
DEMO-G05-1C-0005,60.28272734390709,181.4872279476907
DEMO-G05-1C-0005,60.321235175870235,182.84016007636242
DEMO-G05-1C-0005,60.35974300783339,183.69001794622773
DEMO-G05-1C-0005,60.39825083979653,184.0285356787599
DEMO-G05-1C-0005,60.43675867175968,183.85058018249563
DEMO-G05-1C-0005,60.47526650372283,183.1542513582475
DEMO-G05-1C-0005,60.51377433568597,181.94096130294997
DEMO-G05-1C-0005,60.55228216764912,180.21549014194932
DEMO-G05-1C-0005,60.59078999961226,177.98601627917805
DEMO-G05-1C-0005,60.629297831575414,175.26411907949813
DEMO-G05-1C-0005,60.66780566353856,172.06475228734587
DEMO-G05-1C-0005,60.7063134955017,168.40618683867748
DEMO-G05-1C-0005,60.74482132746485,164.30992213532673
DEMO-G05-1C-0005,60.783329159428,159.80056531471837
DEMO-G05-1C-0005,60.821836991391145,154.9056785562959
DEMO-G05-1C-0005,60.86034482335429,149.65559500610271
DEMO-G05-1C-0005,60.898852655317434,144.08320446211644
DEMO-G05-1C-0005,60.937360487280586,138.22371052837252
DEMO-G05-1C-0005,60.97586831924373,132.11436150200996
DEMO-G05-1C-0005,61.014376151206875,125.79415778651453
DEMO-G05-1C-0005,61.05288398317002,119.30353911120045
DEMO-G05-1C-0005,61.09139181513317,112.68405526534067
DEMO-G05-1C-0005,61.129899647096316,105.9780244116526
DEMO-G05-1C-0005,61.16840747905946,99.22818331539239
DEMO-G05-1C-0005,61.206915311022605,92.47733400315627
DEMO-G05-1C-0005,61.24542314298576,85.76799144235694
DEMO-G05-1C-0005,61.2839309749489,79.14203680617328
DEMO-G05-1C-0005,61.32243880691205,72.64038075869917
DEMO-G05-1C-0005,61.36094663887519,66.3026409664324
DEMO-G05-1C-0005,61.39945447083834,60.16683772136423
DEMO-G05-1C-0005,61.43796230280149,54.26911115910966
DEMO-G05-1C-0005,61.47647013476463,48.64346308515744
DEMO-G05-1C-0005,61.514977966727784,43.32152589885821
DEMO-G05-1C-0005,61.55348579869093,38.33236054468007
DEMO-G05-1C-0005,61.59199363065407,33.70228483994331
DEMO-G05-1C-0005,61.63050146261722,29.45473294571648
DEMO-G05-1C-0005,61.66900929458037,25.61014617791691
DEMO-G05-1C-0005,61.707517126543515,22.185894815083017
DEMO-G05-1C-0005,61.74602495850666,19.19623005980318
DEMO-G05-1C-0005,61.784532790469804,16.652264864564504
DEMO-G05-1C-0005,61.823040622432956,14.56198194756754
DEMO-G05-1C-0005,61.8615484543961,12.930267006603703
DEMO-G05-1C-0005,61.900056286359245,11.758964892687887
DEMO-G05-1C-0005,61.93856411832239,11.046956331094131
DEMO-G05-1C-0005,61.97707195028554,10.790252674646576
DEMO-G05-1C-0005,62.015579782248686,10.98210613951906
DEMO-G05-1C-0005,62.05408761421183,11.613133002522268
DEMO-G05-1C-0005,62.092595446174975,12.671447324990591
DEMO-G05-1C-0005,62.13110327813813,14.142802904298014
DEMO-G05-1C-0005,62.16961111010127,16.010741332256117
DEMO-G05-1C-0005,62.20811894206442,18.256744251373764
DEMO-G05-1C-0005,62.24662677402756,20.86038813694308
DEMO-G05-1C-0005,62.28513460599071,23.799500186538044
DEMO-G05-1C-0005,62.32364243795386,27.050314160678617
DEMO-G05-1C-0005,62.362150269917,30.58762528138557
DEMO-G05-1C-0005,62.40065810188015,34.3849435519772
DEMO-G05-1C-0005,62.4391659338433,38.41464510538343
DEMO-G05-1C-0005,62.47767376580644,42.64812141362193
DEMO-G05-1C-0005,62.51618159776959,47.055926393259554
DEMO-G05-1C-0005,62.55468942973274,51.60792161628652
DEMO-G05-1C-0005,62.593197261695884,56.27341997993071
DEMO-G05-1C-0005,62.63170509365903,61.02132830001099
DEMO-G05-1C-0005,62.670212925622174,65.82028936866156
DEMO-G05-1C-0005,62.708720757585326,70.63882405820205
DEMO-G05-1C-0005,62.74722858954847,75.44547405806854
DEMO-G05-1C-0005,62.785736421511615,80.20894580185399
DEMO-G05-1C-0005,62.82424425347476,84.89825607769842
DEMO-G05-1C-0005,62.86275208543791,89.48287971935535
DEMO-G05-1C-0005,62.901259917401056,93.93289964956293
DEMO-G05-1C-0005,62.9397677493642,98.21915939464236
DEMO-G05-1C-0005,62.978275581327345,102.3134180129393
DEMO-G05-1C-0005,63.0167834132905,106.18850718352779
DEMO-G05-1C-0005,63.05529124525364,109.8184899895858
DEMO-G05-1C-0005,63.09379907721679,113.17882070798889
DEMO-G05-1C-0005,63.13230690917993,116.24650468749424
DEMO-G05-1C-0005,63.17081474114308,119.00025716827956
DEMO-G05-1C-0005,63.20932257310623,121.42065967106721
DEMO-G05-1C-0005,63.24783040506937,123.49031237067237
DEMO-G05-1C-0005,63.28633823703252,125.19398067342992
DEMO-G05-1C-0005,63.32484606899567,126.51873404628867
DEMO-G05-1C-0005,63.36335390095881,127.45407500514963
DEMO-G05-1C-0005,63.40186173292196,127.99205606668082
DEMO-G05-1C-0005,63.44036956488511,128.12738240878087
DEMO-G05-1C-0005,63.478877396848254,127.85749797468135
DEMO-G05-1C-0005,63.5173852288114,127.18265280040218
DEMO-G05-1C-0005,63.555893060774544,126.10594944824501
DEMO-G05-1C-0005,63.594400892737696,124.6333665927043
DEMO-G05-1C-0005,63.63290872470084,122.77375803129287
DEMO-G05-1C-0005,63.671416556663985,120.5388256794856
DEMO-G05-1C-0005,63.70992438862713,117.94306545409746
DEMO-G05-1C-0005,63.74843222059028,115.00368534716212
DEMO-G05-1C-0005,63.786940052553426,111.74049543602663
DEMO-G05-1C-0005,63.82544788451657,108.17577005454298
DEMO-G05-1C-0005,63.863955716479715,104.33408285425732
DEMO-G05-1C-0005,63.90246354844287,100.2421159992986
DEMO-G05-1C-0005,63.94097138040601,95.9284452506272
DEMO-G05-1C-0005,63.97947921236916,91.42330318815436
DEMO-G05-1C-0005,64.0179870443323,86.75832327886954
DEMO-G05-1C-0005,64.05649487629546,81.9662679091906
DEMO-G05-1C-0005,64.0950027082586,77.08074384799043
DEMO-G05-1C-0005,64.13351054022175,72.1359088798627
DEMO-G05-1C-0005,64.1720183721849,67.1661735378536
DEMO-G05-1C-0005,64.21052620414804,62.20590196317862
DEMO-G05-1C-0005,64.24903403611118,57.28911592385103
DEMO-G05-1C-0005,64.28754186807433,52.44920593354318
DEMO-G05-1C-0005,64.32604970003747,47.718653230289355
DEMO-G05-1C-0005,64.36455753200063,43.12876610762051
DEMO-G05-1C-0005,64.40306536396378,38.70943374817986
DEMO-G05-1C-0005,64.44157319592692,34.488900303002296
DEMO-G05-1C-0005,64.48008102789007,30.493561502858107
DEMO-G05-1C-0005,64.51858885985321,26.747785595547892
DEMO-G05-1C-0005,64.55709669181635,23.273759891000672
DEMO-G05-1C-0005,64.5956045237795,20.09136367961738
DEMO-G05-1C-0005,64.63411235574266,17.218067783709092
DEMO-G05-1C-0005,64.6726201877058,14.668860520515612
DEMO-G05-1C-0005,64.71112801966895,12.456199410503087
DEMO-G05-1C-0005,64.74963585163209,10.589987566351722
DEMO-G05-1C-0005,64.78814368359524,9.077573354001338
DEMO-G05-1C-0005,64.82665151555838,7.9237716332952415
DEMO-G05-1C-0005,64.86515934752153,7.130904664801701
DEMO-G05-1C-0005,64.90366717948467,6.6988606130150625
DEMO-G05-1C-0005,64.94217501144783,6.625167482735296
DEMO-G05-1C-0005,64.98068284341097,6.905080292762795
DEMO-G05-1C-0005,65.01919067537412,7.531679314474104
DEMO-G05-1C-0005,65.05769850733726,8.495977277130027
DEMO-G05-1C-0005,65.09620633930041,9.787033560331583
DEMO-G05-1C-0005,65.13471417126355,11.392073549978951
DEMO-G05-1C-0005,65.1732220032267,13.296611519947895
DEMO-G05-1C-0005,65.21172983518984,15.484575609990205
DEMO-G05-1C-0005,65.250237667153,17.93843369361412
DEMO-G05-1C-0005,65.28874549911615,20.639319160857692
DEMO-G05-1C-0005,65.32725333107929,23.567155872970975
DEMO-G05-1C-0005,65.36576116304244,26.700781772965065
DEMO-G05-1C-0005,65.40426899500558,30.018070851987574
DEMO-G05-1C-0005,65.44277682696872,33.49605337151154
DEMO-G05-1C-0005,65.48128465893187,37.11103442101508
DEMO-G05-1C-0005,65.51979249089503,40.838711046550614
DEMO-G05-1C-0005,65.55830032285817,44.65428831427198
DEMO-G05-1C-0005,65.59680815482132,48.53259477248706
DEMO-G05-1C-0005,65.63531598678446,52.44819784445988
DEMO-G05-1C-0005,65.67382381874761,56.37551972108991
DEMO-G05-1C-0005,65.71233165071075,60.288954327368714
DEMO-G05-1C-0005,65.7508394826739,64.16298590976885
DEMO-G05-1C-0005,65.78934731463704,67.97230973378379
DEMO-G05-1C-0005,65.8278551466002,71.69195529368862
DEMO-G05-1C-0005,65.86636297856334,75.29741232166789
DEMO-G05-1C-0005,65.90487081052649,78.76475974344646
DEMO-G05-1C-0005,65.94337864248963,82.07079756495419
DEMO-G05-1C-0005,65.98188647445278,85.19318149299707
DEMO-G05-1C-0005,66.02039430641592,88.11055989568287
DEMO-G05-1C-0005,66.05890213837907,90.80271249988274
DEMO-G05-1C-0005,66.09740997034221,93.2506900076925
DEMO-G05-1C-0005,66.13591780230537,95.43695359656714
DEMO-G05-1C-0005,66.17442563426852,97.3455130542994
DEMO-G05-1C-0005,66.21293346623166,98.96206209544998
DEMO-G05-1C-0005,66.2514412981948,100.27410921699726
DEMO-G05-1C-0005,66.28994913015795,101.27110228370753
DEMO-G05-1C-0005,66.3284569621211,101.94454489469354
DEMO-G05-1C-0005,66.36696479408424,102.28810247855718
DEMO-G05-1C-0005,66.4054726260474,102.29769600124861
DEMO-G05-1C-0005,66.44398045801054,101.97158115446055
DEMO-G05-1C-0005,66.48248828997369,101.31041092823357
DEMO-G05-1C-0005,66.52099612193683,100.31727956304573
DEMO-G05-1C-0005,66.55950395389998,98.99774602766645
DEMO-G05-1C-0005,66.59801178586312,97.35983537958612
DEMO-G05-1C-0005,66.63651961782627,95.41401663542096
DEMO-G05-1C-0005,66.67502744978941,93.17315610524918
DEMO-G05-1C-0005,66.71353528175257,90.65244552360573
DEMO-G05-1C-0005,66.75204311371571,87.86930473246856
DEMO-G05-1C-0005,66.79055094567886,84.84325912936262
DEMO-G05-1C-0005,66.829058777642,81.59579257456613
DEMO-G05-1C-0005,66.86756660960515,78.15017694236941
DEMO-G05-1C-0005,66.9060744415683,74.53127998809404
DEMO-G05-1C-0005,66.94458227353144,70.7653536693836
DEMO-G05-1C-0005,66.98309010549458,66.87980549259606
DEMO-G05-1C-0005,67.02159793745774,62.90295583751014
DEMO-G05-1C-0005,67.06010576942089,58.86378453328079
DEMO-G05-1C-0005,67.09861360138403,54.79167020350252
DEMO-G05-1C-0005,67.13712143334718,50.71612605997098
DEMO-G05-1C-0005,67.17562926531032,46.666535896660164
DEMO-G05-1C-0005,67.21413709727346,42.671894015341486
DEMO-G05-1C-0005,67.25264492923661,38.76055270234682
DEMO-G05-1C-0005,67.29115276119975,34.95998067667369
DEMO-G05-1C-0005,67.32966059316291,31.29653564989912
DEMO-G05-1C-0005,67.36816842512606,27.79525378856334
DEMO-G05-1C-0005,67.4066762570892,24.479658461866258
DEMO-G05-1C-0005,67.44518408905235,21.3715902062851
DEMO-G05-1C-0005,67.48369192101549,18.491059358602115
DEMO-G05-1C-0005,67.52219975297864,15.856122316007841
DEMO-G05-1C-0005,67.56070758494178,13.482781891113612
DEMO-G05-1C-0005,67.59921541690494,11.384911755550254
DEMO-G05-1C-0005,67.63772324886808,9.5742045209151
DEMO-G05-1C-0005,67.67623108083123,8.060142601575407
DEMO-G05-1C-0005,67.71473891279437,6.849990648811446
DEMO-G05-1C-0005,67.75324674475752,5.948808046934314
DEMO-G05-1C-0005,67.79175457672066,5.359479723433399
DEMO-G05-1C-0005,67.83026240868381,5.082763349244903
DEMO-G05-1C-0005,67.86877024064695,5.117350891487389
DEMO-G05-1C-0005,67.90727807261011,5.459942427974139
DEMO-G05-1C-0005,67.94578590457326,6.10533013656444
DEMO-G05-1C-0005,67.9842937365364,7.046490428421176
DEMO-G05-1C-0005,68.02280156849955,8.27468229639625
DEMO-G05-1C-0005,68.06130940046269,9.779550091584255
DEMO-G05-1C-0005,68.09981723242583,11.549229115524653
DEMO-G05-1C-0005,68.13832506438898,13.5704526152113
DEMO-G05-1C-0005,68.17683289635212,15.828658985870954
DEMO-G05-1C-0005,68.21534072831528,18.308098215189435
DEMO-G05-1C-0005,68.25384856027843,20.991936835572165
DEMO-G05-1C-0005,68.29235639224157,23.86236088178121
DEMO-G05-1C-0005,68.33086422420472,26.90067657403307
DEMO-G05-1C-0005,68.36937205616786,30.087408656133384
DEMO-G05-1C-0005,68.407879888131,33.40239650985074
DEMO-G05-1C-0005,68.44638772009415,36.82488833643712
DEMO-G05-1C-0005,68.48489555205731,40.333633840739026
DEMO-G05-1C-0005,68.52340338402045,43.90697596999767
DEMO-G05-1C-0005,68.5619112159836,47.522942346217974
DEMO-G05-1C-0005,68.60041904794674,51.15933708662429
DEMO-G05-1C-0005,68.63892687990989,54.79383373026687
DEMO-G05-1C-0005,68.67743471187303,58.404069980566376
DEMO-G05-1C-0005,68.71594254383618,61.96774493340638
DEMO-G05-1C-0005,68.75445037579932,65.46271938980193
DEMO-G05-1C-0005,68.79295820776248,68.8671197521707
DEMO-G05-1C-0005,68.83146603972563,72.15944587607672
DEMO-G05-1C-0005,68.86997387168877,75.31868309719228
DEMO-G05-1C-0005,68.90848170365192,78.32441847882137
DEMO-G05-1C-0005,68.94698953561506,81.15696113201794
DEMO-G05-1C-0005,68.9854973675782,83.79746625150536
DEMO-G05-1C-0005,69.02400519954135,86.2280622902719
DEMO-G05-1C-0005,69.0625130315045,88.43198046840303
DEMO-G05-1C-0005,69.10102086346765,90.39368558215467
DEMO-G05-1C-0005,69.1395286954308,92.09900685281194
DEMO-G05-1C-0005,69.17803652739394,93.53526733754885
DEMO-G05-1C-0005,69.21654435935709,94.69141022194793
DEMO-G05-1C-0005,69.25505219132023,95.55812013336839
DEMO-G05-1C-0005,69.29356002328338,96.12793746215584
DEMO-G05-1C-0005,69.33206785524652,96.39536356111344
DEMO-G05-1C-0005,69.37057568720967,96.35695461927301
DEMO-G05-1C-0005,69.40908351917281,96.01140198038959
DEMO-G05-1C-0005,69.44759135113597,95.35959670564503
DEMO-G05-1C-0005,69.48609918309911,94.40467626815843
DEMO-G05-1C-0005,69.52460701506226,93.15205141799007
DEMO-G05-1C-0005,69.5631148470254,91.60941147157634
DEMO-G05-1C-0005,69.60162267898855,89.78670655895421
DEMO-G05-1C-0005,69.64013051095169,87.69610570261071
DEMO-G05-1C-0005,69.67863834291484,85.35192999856096
DEMO-G05-1C-0005,69.71714617487798,82.77056061493772
DEMO-G05-1C-0005,69.75565400684114,79.97032180625195
DEMO-G05-1C-0005,69.79416183880429,76.97133964920064
DEMO-G05-1C-0005,69.83266967076743,73.79537772460156
DEMO-G05-1C-0005,69.87117750273057,70.46565148286932
DEMO-G05-1C-0005,69.90968533469372,67.00662352138309
DEMO-G05-1C-0005,69.94819316665686,63.443782453430025
DEMO-G05-1C-0005,69.98670099862001,59.80340844465879
DEMO-G05-1C-0005,70.02520883058315,56.11232881885343
DEMO-G05-1C-0005,70.06371666254631,52.39766737852362
DEMO-G05-1C-0005,70.10222449450946,48.68659123726491
DEMO-G05-1C-0005,70.1407323264726,45.006059014639334
DEMO-G05-1C-0005,70.17924015843575,41.382574197764804
DEMO-G05-1C-0005,70.21774799039889,37.84194732874977
DEMO-G05-1C-0005,70.25625582236204,34.40907043905316
DEMO-G05-1C-0005,70.29476365432518,31.107706829688844
DEMO-G05-1C-0005,70.33327148628834,27.96029890205056
DEMO-G05-1C-0005,70.37177931825148,24.987796292293375
DEMO-G05-1C-0005,70.41028715021463,22.209506068920973
DEMO-G05-1C-0005,70.44879498217777,19.642966235335713
DEMO-G05-1C-0005,70.48730281414092,17.30384325378913
DEMO-G05-1C-0005,70.52581064610406,15.205853790649067
DEMO-G05-1C-0005,70.56431847806721,13.360710390523353
DEMO-G05-1C-0005,70.60282631003035,11.778090331571134
DEMO-G05-1C-0005,70.64133414199351,10.465626507529215
DEMO-G05-1C-0005,70.67984197395666,9.428918831945657
DEMO-G05-1C-0005,70.7183498059198,8.671564373058665
DEMO-G05-1C-0005,70.75685763788294,8.195204206925375
DEMO-G05-1C-0005,70.79536546984609,7.999584823078669
DEMO-G05-1C-0005,70.83387330180923,8.082631829890744
DEMO-G05-1C-0005,70.87238113377238,8.44053368321805
DEMO-G05-1C-0005,70.91088896573552,9.067833197162404
DEMO-G05-1C-0005,70.94939679769868,9.957524684392755
DEMO-G05-1C-0005,70.98790462966183,11.101154708798617
DEMO-G05-1C-0005,71.02641246162497,12.488924608291258
DEMO-G05-1C-0005,71.06492029358812,14.109793152847045
DEMO-G05-1C-0005,71.10342812555126,15.95157793498718
DEMO-G05-1C-0005,71.1419359575144,18.001054339294665
DEMO-G05-1C-0005,71.18044378947755,20.244051197197745
DEMO-G05-1C-0005,71.2189516214407,22.66554249614023
DEMO-G05-1C-0005,71.25745945340385,25.249734772050765
DEMO-G05-1C-0005,71.295967285367,27.9801500645778
DEMO-G05-1C-0005,71.33447511733014,30.839704550631012
DEMO-G05-1C-0005,71.37298294929329,33.810783188116964
DEMO-G05-1C-0005,71.41149078125643,36.87531089438642
DEMO-G05-1C-0005,71.44999861321958,40.01482094883215
DEMO-G05-1C-0005,71.48850644518272,43.210521443370084
DEMO-G05-1C-0005,71.52701427714588,46.44336070576742
DEMO-G05-1C-0005,71.56552210910903,49.69409268720507
DEMO-G05-1C-0005,71.60402994107217,52.94334333612226
DEMO-G05-1C-0005,71.64253777303531,56.17167897477291
DEMO-G05-1C-0005,71.68104560499846,59.359677653563224
DEMO-G05-1C-0005,71.7195534369616,62.4880043817401
DEMO-G05-1C-0005,71.75806126892475,65.53749102315443
DEMO-G05-1C-0005,71.7965691008879,68.48922150436765
DEMO-G05-1C-0005,71.83507693285105,71.32462281199403
DEMO-G05-1C-0005,71.8735847648142,74.02556205976379
DEMO-G05-1C-0005,71.91209259677734,76.57444968665148
DEMO-G05-1C-0005,71.95060042874049,78.95434860945042
DEMO-G05-1C-0005,71.98910826070363,81.14908890049217
DEMO-G05-1C-0005,72.02761609266678,83.14338729854482
DEMO-G05-1C-0005,72.06612392462992,84.92297059329997
DEMO-G05-1C-0005,72.10463175659307,86.47470165706036
DEMO-G05-1C-0005,72.14313958855622,87.78670663731862
DEMO-G05-1C-0005,72.18164742051937,88.84850157772063
DEMO-G05-1C-0005,72.22015525248251,89.6511165095146
DEMO-G05-1C-0005,72.25866308444566,90.18721485894189
DEMO-G05-1C-0005,72.2971709164088,90.4512058558024
DEMO-G05-1C-0005,72.33567874837195,90.43934751294975
DEMO-G05-1C-0005,72.37418658033509,90.14983768345682
DEMO-G05-1C-0005,72.41269441229825,89.58289069894828
DEMO-G05-1C-0005,72.4512022442614,88.74079715574365
DEMO-G05-1C-0005,72.48971007622454,87.62796454939934
DEMO-G05-1C-0005,72.52821790818768,86.2509366667639
DEMO-G05-1C-0005,72.56672574015083,84.61838992776191
DEMO-G05-1C-0005,72.60523357211397,82.74110522540805
DEMO-G05-1C-0005,72.64374140407712,80.63191423663471
DEMO-G05-1C-0005,72.68224923604026,78.3056196602987
DEMO-G05-1C-0005,72.72075706800342,75.77888937110191
DEMO-G05-1C-0005,72.75926489996657,73.07012504420364
DEMO-G05-1C-0005,72.79777273192971,70.19930638895993
DEMO-G05-1C-0005,72.83628056389286,67.18781271175354
DEMO-G05-1C-0005,72.874788395856,64.05822408821092
DEMO-G05-1C-0005,72.91329622781915,60.83410494296753
DEMO-G05-1C-0005,72.95180405978229,57.539773292071686
DEMO-G05-1C-0005,72.99031189174543,54.200059280438914
DEMO-G05-1C-0005,73.0288197237086,50.84005693030309
DEMO-G05-1C-0005,73.06732755567174,47.484873194142
DEMO-G05-1C-0005,73.10583538763488,44.15937847074849
DEMO-G05-1C-0005,73.14434321959803,40.88796269254249
DEMO-G05-1C-0005,73.18285105156117,37.69430092901542
DEMO-G05-1C-0005,73.22135888352432,34.601132181240516
DEMO-G05-1C-0005,73.25986671548746,31.630054677725386
DEMO-G05-1C-0005,73.29837454745062,28.801340536345048
DEMO-G05-1C-0005,73.33688237941377,26.133772148624715
DEMO-G05-1C-0005,73.37539021137691,23.64450208983946
DEMO-G05-1C-0005,73.41389804334005,21.348937781832934
DEMO-G05-1C-0005,73.4524058753032,19.26065155405413
DEMO-G05-1C-0005,73.49091370726634,17.391316181296673
DEMO-G05-1C-0005,73.52942153922949,15.750665440349941
DEMO-G05-1C-0005,73.56792937119263,14.346478736654356
DEMO-G05-1C-0005,73.60643720315579,13.184588417519052
DEMO-G05-1C-0005,73.64494503511894,12.268908018961755
DEMO-G05-1C-0005,73.68345286708208,11.601479394084738
DEMO-G05-1C-0005,73.72196069904523,11.182536444886367
DEMO-G05-1C-0005,73.76046853100837,11.010583026149925
DEMO-G05-1C-0005,73.79897636297152,11.08248250764933
DEMO-G05-1C-0005,73.83748419493466,11.393556465083305
DEMO-G05-1C-0005,73.8759920268978,11.937690015604685
DEMO-G05-1C-0005,73.91449985886096,12.707441414142327
DEMO-G05-1C-0005,73.95300769082411,13.694153675022251
DEMO-G05-1C-0005,73.99151552278725,14.888066172387244
DEMO-G05-1C-0005,74.0300233547504,16.278424395360283
DEMO-G05-1C-0005,74.06853118671354,17.853586282630992
DEMO-G05-1C-0005,74.10703901867669,19.601123829210678
DEMO-G05-1C-0005,74.14554685063983,21.507918938878152
DEMO-G05-1C-0005,74.18405468260298,23.560252782989558
DEMO-G05-1C-0005,74.22256251456614,25.743888213727047
DEMO-G05-1C-0005,74.26107034652928,28.044145061863684
DEMO-G05-1C-0005,74.29957817849242,30.4459684200699
DEMO-G05-1C-0005,74.33808601045557,32.933990267644546
DEMO-G05-1C-0005,74.37659384241871,35.492585026319276
DEMO-G05-1C-0005,74.41510167438186,38.105919844951025
DEMO-G05-1C-0005,74.453609506345,40.758000589484766
DEMO-G05-1C-0005,74.49211733830816,43.43271465982175
DEMO-G05-1C-0005,74.5306251702713,46.11387186439128
DEMO-G05-1C-0005,74.56913300223445,48.785244653760074
DEMO-G05-1C-0005,74.6076408341976,51.43060904517214
DEMO-G05-1C-0005,74.64614866616074,54.03378755956247
DEMO-G05-1C-0005,74.68465649812389,56.57869544131719
DEMO-G05-1C-0005,74.72316433008703,59.04939133965419
DEMO-G05-1C-0005,74.76167216205017,61.43013350033395
DEMO-G05-1C-0005,74.80017999401333,63.705442349730134
DEMO-G05-1C-0005,74.83868782597648,65.86017015278401
DEMO-G05-1C-0005,74.87719565793962,67.87957819530895
DEMO-G05-1C-0005,74.91570348990277,69.74942168349752
DEMO-G05-1C-0005,74.95421132186591,71.45604227350061
DEMO-G05-1C-0005,74.99271915382906,72.98646784664255
DEMO-G05-1C-0005,75.0312269857922,74.32851883654455
DEMO-G05-1C-0005,75.06973481775535,75.47092009921201
DEMO-G05-1C-0005,75.1082426497185,76.40341700286723
DEMO-G05-1C-0005,75.14675048168165,77.11689410821494
DEMO-G05-1C-0005,75.1852583136448,77.60349452026563
DEMO-G05-1C-0005,75.22376614560794,77.8567377286834
DEMO-G05-1C-0005,75.26227397757108,77.87163352440245
DEMO-G05-1C-0005,75.30078180953423,77.64478939577786
DEMO-G05-1C-0005,75.33928964149737,77.17450867825825
DEMO-G05-1C-0005,75.37779747346053,76.46087666662102
DEMO-G05-1C-0005,75.41630530542368,75.50583190813698
DEMO-G05-1C-0005,75.45481313738682,74.31321998517492
DEMO-G05-1C-0005,75.49332096934997,72.8888272735315
DEMO-G05-1C-0005,75.53182880131311,71.2403924300856
DEMO-G05-1C-0005,75.57033663327626,69.37759372090153
DEMO-G05-1C-0005,75.6088444652394,67.31201074380793
DEMO-G05-1C-0005,75.64735229720254,65.05705962043842
DEMO-G05-1C-0005,75.6858601291657,62.62790131861926
DEMO-G05-1C-0005,75.72436796112885,60.04132340121772
DEMO-G05-1C-0005,75.762875793092,57.315596161447125
DEMO-G05-1C-0005,75.80138362505514,54.470304774807296
DEMO-G05-1C-0005,75.83989145701828,51.526159749254425
DEMO-G05-1C-0005,75.87839928898143,48.50478856242585
DEMO-G05-1C-0005,75.91690712094457,45.4285119132187
DEMO-G05-1C-0005,75.95541495290772,42.32010846194932
DEMO-G05-1C-0005,75.99392278487088,39.20257226954277
DEMO-G05-1C-0005,76.03243061683402,36.09886735730715
DEMO-G05-1C-0005,76.07093844879716,33.03168388551989
DEMO-G05-1C-0005,76.10944628076031,30.023200388620573
DEMO-G05-1C-0005,76.14795411272345,27.09485631045975
DEMO-G05-1C-0005,76.1864619446866,24.26713876394981
DEMO-G05-1C-0005,76.22496977664974,21.559387010568976
DEMO-G05-1C-0005,76.2634776086129,18.989617635206493
DEMO-G05-1C-0005,76.30198544057605,16.57437280348023
DEMO-G05-1C-0005,76.34049327253919,14.328593355572986
DEMO-G05-1C-0005,76.37900110450234,12.265517838112135
DEMO-G05-1C-0005,76.41750893646548,10.39660792668518
DEMO-G05-1C-0005,76.45601676842863,8.731500068800543
DEMO-G05-1C-0005,76.49452460039177,7.277982598915976
DEMO-G05-1C-0005,76.53303243235491,6.0419970592032275
DEMO-G05-1C-0005,76.57154026431807,5.027662013340243
DEMO-G05-1C-0005,76.61004809628122,4.237317273550917
DEMO-G05-1C-0005,76.64855592824436,3.6715861768069233
DEMO-G05-1C-0005,76.68706376020751,3.329453345155515
DEMO-G05-1C-0005,76.72557159217065,3.2083552447064134
DEMO-G05-1C-0005,76.7640794241338,3.3042808132252373
DEMO-G05-1C-0005,76.80258725609694,3.611879450836369
DEMO-G05-1C-0005,76.84109508806009,4.124573754558182
DEMO-G05-1C-0005,76.87960292002325,4.834674517055969
DEMO-G05-1C-0005,76.91811075198639,5.733495694930074
DEMO-G05-1C-0005,76.95661858394953,6.811467274062012
DEMO-G05-1C-0005,76.99512641591268,8.058244211475184
DEMO-G05-1C-0005,77.03363424787582,9.46280990775491
DEMO-G05-1C-0005,77.07214207983897,11.01357295497139
DEMO-G05-1C-0005,77.11064991180211,12.698456206118598
DEMO-G05-1C-0005,77.14915774376526,14.504977517783553
DEMO-G05-1C-0005,77.18766557572842,16.420321822757817
DEMO-G05-1C-0005,77.22617340769156,18.43140448831588
DEMO-G05-1C-0005,77.2646812396547,20.524926203837303
DEMO-G05-1C-0005,77.30318907161785,22.68741991322872
DEMO-G05-1C-0005,77.341696903581,24.90529055823877
DEMO-G05-1C-0005,77.38020473554414,27.164848623383882
DEMO-G05-1C-0005,77.41871256750728,29.452338667120713
DEMO-G05-1C-0005,77.45722039947044,31.753964183174702
DEMO-G05-1C-0005,77.49572823143359,34.05591025667319
DEMO-G05-1C-0005,77.53423606339673,36.34436555927615
DEMO-G05-1C-0005,77.57274389535988,38.60554526349595
DEMO-G05-1C-0005,77.61125172732302,40.825716448115905
DEMO-G05-1C-0005,77.64975955928617,42.99122751314858
DEMO-G05-1C-0005,77.68826739124931,45.088543025438064
DEMO-G05-1C-0005,77.72677522321246,47.10428527556727
DEMO-G05-1C-0005,77.76528305517562,49.02528364578562
DEMO-G05-1C-0005,77.80379088713876,50.83863266966331
DEMO-G05-1C-0005,77.8422987191019,52.53175941029829
DEMO-G05-1C-0005,77.88080655106505,54.09250049875112
DEMO-G05-1C-0005,77.9193143830282,55.50918886199366
DEMO-G05-1C-0005,77.95782221499134,56.77074983418613
DEMO-G05-1C-0005,77.99633004695448,57.866805991646274
DEMO-G05-1C-0005,78.03483787891763,58.78778968587566
DEMO-G05-1C-0005,78.07334571088079,59.52506187707221
DEMO-G05-1C-0005,78.11185354284393,60.07103550000343
DEMO-G05-1C-0005,78.15036137480708,60.41930123419924
DEMO-G05-1C-0005,78.18886920677022,60.56475321095216
DEMO-G05-1C-0005,78.22737703873337,60.50371188280988
DEMO-G05-1C-0005,78.26588487069651,60.23404101983381
DEMO-G05-1C-0005,78.30439270265965,59.755255595151404
DEMO-G05-1C-0005,78.34290053462281,59.06861719483404
DEMO-G05-1C-0005,78.38140836658596,58.17721354821435
DEMO-G05-1C-0005,78.4199161985491,57.08601883777245
DEMO-G05-1C-0005,78.45842403051225,55.80193162378155
DEMO-G05-1C-0005,78.49693186247539,54.33378751555713
DEMO-G05-1C-0005,78.53543969443854,52.69234414199118
DEMO-G05-1C-0005,78.57394752640168,50.8902365164137
DEMO-G05-1C-0005,78.61245535836483,48.94190154650634
DEMO-G05-1C-0005,78.65096319032799,46.86347119322294
DEMO-G05-1C-0005,78.68947102229113,44.67263461187031
DEMO-G05-1C-0005,78.72797885425427,42.38847048456663
DEMO-G05-1C-0005,78.76648668621742,40.031251643745534
DEMO-G05-1C-0005,78.80499451818056,37.62222495308635
DEMO-G05-1C-0005,78.84350235014371,35.18337021782299
DEMO-G05-1C-0005,78.88201018210685,32.73714260234244
DEMO-G05-1C-0005,78.92051801407,30.306203605845976
DEMO-G05-1C-0005,78.95902584603316,27.913146057449556
DEMO-G05-1C-0005,78.9975336779963,25.580218820352552
DEMO-G05-1C-0005,79.03604150995945,23.329056928411898
DEMO-G05-1C-0005,79.07454934192259,21.180422717121537
DEMO-G05-1C-0005,79.11305717388574,19.153963162619156
DEMO-G05-1C-0005,79.15156500584888,17.26798812608432
DEMO-G05-1C-0005,79.19007283781202,15.539273542754554
DEMO-G05-1C-0005,79.22858066977518,13.982892827824589
DEMO-G05-1C-0005,79.26708850173833,12.61207893201306
DEMO-G05-1C-0005,79.30559633370147,11.438118605726295
DEMO-G05-1C-0005,79.34410416566462,10.470279559066372
DEMO-G05-1C-0005,79.38261199762776,9.715770369103698
DEMO-G05-1C-0005,79.4211198295909,9.179732214389201
DEMO-G05-1C-0005,79.45962766155405,8.865260831758523
DEMO-G05-1C-0005,79.4981354935172,8.773456507772282
DEMO-G05-1C-0005,79.53664332548036,8.903499444951992
DEMO-G05-1C-0005,79.5751511574435,9.252747483601421
DEMO-G05-1C-0005,79.61365898940664,9.81685290989427
DEMO-G05-1C-0005,79.65216682136979,10.58989493216436
DEMO-G05-1C-0005,79.69067465333293,11.564524349053183
DEMO-G05-1C-0005,79.72918248529608,12.732116952547258
DEMO-G05-1C-0005,79.76769031725922,14.082932292926245
DEMO-G05-1C-0005,79.80619814922237,15.606274568561126
DEMO-G05-1C-0005,79.84470598118553,17.290652580601318
DEMO-G05-1C-0005,79.88321381314867,19.12393590171976
DEMO-G05-1C-0005,79.92172164511182,21.093504643023728
DEMO-G05-1C-0005,79.96022947707496,23.18639045963964
DEMO-G05-1C-0005,79.9987373090381,25.389406711529983
DEMO-G05-1C-0005,80.03724514100125,27.689265991317818
DEMO-G05-1C-0005,80.0757529729644,30.07268354567969
DEMO-G05-1C-0005,80.11426080492754,32.52646545221632
DEMO-G05-1C-0005,80.1527686368907,35.03758076938779
DEMO-G05-1C-0005,80.19127646885384,37.59321725222631
DEMO-G05-1C-0005,80.22978430081699,40.18082061793252
DEMO-G05-1C-0005,80.26829213278013,42.7881177481957
DEMO-G05-1C-0005,80.30679996474328,45.403124621580076
DEMO-G05-1C-0005,80.34530779670642,48.014140170500205
DEMO-G05-1C-0005,80.38381562866957,50.60972764189675
DEMO-G05-1C-0005,80.42232346063273,53.17868539713897
DEMO-G05-1C-0005,80.46083129259587,55.710009402737725
DEMO-G05-1C-0005,80.49933912455901,58.19284992791043
DEMO-G05-1C-0005,80.53784695652216,60.61646516815661
DEMO-G05-1C-0005,80.5763547884853,62.97017464815959
DEMO-G05-1C-0005,80.61486262044845,65.24331531761871
DEMO-G05-1C-0005,80.6533704524116,67.4252032377201
DEMO-G05-1C-0005,80.69187828437474,69.50510366470509
DEMO-G05-1C-0005,80.7303861163379,71.4722121728951
DEMO-G05-1C-0005,80.76889394830104,73.3156492276018
DEMO-G05-1C-0005,80.80740178026419,75.02447032422138
DEMO-G05-1C-0005,80.84590961222733,76.58769345958015
DEMO-G05-1C-0005,80.88441744419048,77.99434530146827
DEMO-G05-1C-0005,80.92292527615362,79.23352697730147
DEMO-G05-1C-0005,80.96143310811676,80.29449991758497
DEMO-G05-1C-0005,80.99994094007991,81.16679166758168
DEMO-G05-1C-0005,81.03844877204307,81.84032102475088
DEMO-G05-1C-0005,81.07695660400621,82.3055412731004
DEMO-G05-1C-0005,81.11546443596936,82.55359967301311
DEMO-G05-1C-0005,81.1539722679325,82.57651073320547
DEMO-G05-1C-0005,81.19248009989565,82.36734014944096
DEMO-G05-1C-0005,81.23098793185879,81.92039565709477
DEMO-G05-1C-0005,81.26949576382194,81.2314204299325
DEMO-G05-1C-0005,81.3080035957851,80.29778409045774
DEMO-G05-1C-0005,81.34651142774824,79.11866590665022
DEMO-G05-1C-0005,81.38501925971138,77.69522437003913
DEMO-G05-1C-0005,81.42352709167453,76.03074711676771
DEMO-G05-1C-0005,81.46203492363767,74.13077510337219
DEMO-G05-1C-0005,81.50054275560082,72.00319511652388
DEMO-G05-1C-0005,81.53905058756396,69.65829510823555
DEMO-G05-1C-0005,81.57755841952711,67.10877752334551
DEMO-G05-1C-0005,81.61606625149027,64.36972672846721
DEMO-G05-1C-0005,81.65457408345341,61.45852784887185
DEMO-G05-1C-0005,81.69308191541656,58.39473574173946
DEMO-G05-1C-0005,81.7315897473797,55.19989443143764
DEMO-G05-1C-0005,81.77009757934285,51.89730903784356
DEMO-G05-1C-0005,81.80860541130599,48.51177396205043
DEMO-G05-1C-0005,81.84711324326913,45.06926276344633
DEMO-G05-1C-0005,81.88562107523228,41.59658667628192
DEMO-G05-1C-0005,81.92412890719544,38.12102998248049
DEMO-G05-1C-0005,81.96263673915858,34.66997140480729
DEMO-G05-1C-0005,82.00114457112173,31.27050125160241
DEMO-G05-1C-0005,82.03965240308487,27.949044197712315
DEMO-G05-1C-0005,82.07816023504802,24.7309973180498
DEMO-G05-1C-0005,82.11666806701116,21.6403923218237
DEMO-G05-1C-0005,82.1551758989743,18.699589912503914
DEMO-G05-1C-0005,82.19368373093747,15.92901288924341
DEMO-G05-1C-0005,82.23219156290061,13.346923092454805
DEMO-G05-1C-0005,82.27069939486375,10.969245670779934
DEMO-G05-1C-0005,82.3092072268269,8.80944250000979
DEMO-G05-1C-0005,82.34771505879004,6.878435001879658
DEMO-G05-1C-0005,82.38622289075319,5.184575164270033
DEMO-G05-1C-0005,82.42473072271633,3.733662310684124
DEMO-G05-1C-0005,82.46323855467948,2.529002142555855
DEMO-G05-1C-0005,82.50174638664264,1.5715038011910192
DEMO-G05-1C-0005,82.54025421860578,0.8598101662594692
DEMO-G05-1C-0005,82.57876205056893,0.39045630890989297
DEMO-G05-1C-0005,82.61726988253207,0.15805092142211397
DEMO-G05-1C-0005,82.65577771449522,0.15547561532784282
DEMO-G05-1C-0005,82.69428554645836,0.37409717530798897
DEMO-G05-1C-0005,82.7327933784215,0.8039881354147482
DEMO-G05-1C-0005,82.77130121038465,1.4341513687451268
DEMO-G05-1C-0005,82.80980904234781,2.252744718411841
DEMO-G05-1C-0005,82.84831687431095,3.247302020873149
DEMO-G05-1C-0005,82.8868247062741,4.404947165563089
DEMO-G05-1C-0005,82.92533253823724,5.712598089641709
DEMO-G05-1C-0005,82.96384037020039,7.157157825249259
DEMO-G05-1C-0005,83.00234820216353,8.725689908570766
DEMO-G05-1C-0005,83.04085603412668,10.405575642012897
DEMO-G05-1C-0005,83.07936386608982,12.184650893912337
DEMO-G05-1C-0005,83.11787169805298,14.05132034773669
DEMO-G05-1C-0005,83.15637953001612,15.994647397000406
DEMO-G05-1C-0005,83.19488736197927,18.004418241756994
DEMO-G05-1C-0005,83.23339519394241,20.07117918908659
DEMO-G05-1C-0005,83.27190302590556,22.18624669675533
DEMO-G05-1C-0005,83.3104108578687,24.341690318332162
DEMO-G05-1C-0005,83.34891868983185,26.530289391486956
DEMO-G05-1C-0005,83.387426521795,28.745465030606415
DEMO-G05-1C-0005,83.42593435375815,30.981189704683374
DEMO-G05-1C-0005,83.4644421857213,33.23187736127152
DEMO-G05-1C-0005,83.50295001768444,35.49225765681215
DEMO-G05-1C-0005,83.54145784964759,37.75723833639035
DEMO-G05-1C-0005,83.57996568161073,40.02176014348847
DEMO-G05-1C-0005,83.61847351357387,42.28064881567345
DEMO-G05-1C-0005,83.65698134553702,44.52846873131335
DEMO-G05-1C-0005,83.69548917750018,46.759382625208815
DEMO-G05-1C-0005,83.73399700946332,48.96702150943131
DEMO-G05-1C-0005,83.77250484142647,51.14436855125434
DEMO-G05-1C-0005,83.81101267338961,53.28366021099237
DEMO-G05-1C-0005,83.84952050535276,55.376307468047834
DEMO-G05-1C-0005,83.8880283373159,57.41283950116453
DEMO-G05-1C-0005,83.92653616927905,59.38287176938744
DEMO-G05-1C-0005,83.96504400124219,61.27510008587151
DEMO-G05-1C-0005,84.00355183320535,63.07732199755964
DEMO-G05-1C-0005,84.0420596651685,64.77648657830399
DEMO-G05-1C-0005,84.08056749713164,66.35877359730289
DEMO-E06-5Q-0006,3.9242147979586597,611.4262247898656
DEMO-E06-5Q-0006,3.9529706465025676,629.391599068383
DEMO-E06-5Q-0006,3.981726495046476,647.5519747409452
DEMO-E06-5Q-0006,4.010482343590384,665.8843060031792
DEMO-E06-5Q-0006,4.039238192134292,684.3627602205734
DEMO-E06-5Q-0006,4.0679940406782,702.9585939479404
DEMO-E06-5Q-0006,4.096749889222108,721.64005092932
DEMO-E06-5Q-0006,4.125505737766017,740.3722859621163
DEMO-E06-5Q-0006,4.154261586309924,759.1173184669124
DEMO-E06-5Q-0006,4.1830174348538325,777.8340194929759
DEMO-E06-5Q-0006,4.211773283397741,796.4781356990492
DEMO-E06-5Q-0006,4.240529131941649,815.0023535695289
DEMO-E06-5Q-0006,4.269284980485557,833.3564067485185
DEMO-E06-5Q-0006,4.298040829029465,851.4872288904974
DEMO-E06-5Q-0006,4.326796677573373,869.3391538315916
DEMO-E06-5Q-0006,4.355552526117282,886.854164177612
DEMO-E06-5Q-0006,4.384308374661189,903.9721885869712
DEMO-E06-5Q-0006,4.413064223205097,920.6314471059949
DEMO-E06-5Q-0006,4.441820071749006,936.768842904652
DEMO-E06-5Q-0006,4.470575920292914,952.3203976821744
DEMO-E06-5Q-0006,4.4993317688368215,967.2217268901752
DEMO-E06-5Q-0006,4.52808761738073,981.4085497877111
DEMO-E06-5Q-0006,4.556843465924638,994.8172282346334
DEMO-E06-5Q-0006,4.5855993144685465,1007.3853270872935
DEMO-E06-5Q-0006,4.614355163012454,1019.0521881264376
DEMO-E06-5Q-0006,4.643111011556362,1029.7595086636052
DEMO-E06-5Q-0006,4.671866860100271,1039.4519153797855
DEMO-E06-5Q-0006,4.700622708644179,1048.0775235841909
DEMO-E06-5Q-0006,4.729378557188086,1055.5884719703467
DEMO-E06-5Q-0006,4.758134405731995,1061.941423111042
DEMO-E06-5Q-0006,4.786890254275903,1067.0980203816875
DEMO-E06-5Q-0006,4.8156461028198105,1071.0252927299825
DEMO-E06-5Q-0006,4.844401951363719,1073.695999703038
DEMO-E06-5Q-0006,4.873157799907627,1075.0889103728416
DEMO-E06-5Q-0006,4.9019136484515355,1075.1890112285619
DEMO-E06-5Q-0006,4.930669496995444,1073.9876396806574
DEMO-E06-5Q-0006,4.959425345539351,1071.4825414919167
DEMO-E06-5Q-0006,4.98818119408326,1067.6778521545828
DEMO-E06-5Q-0006,5.016937042627168,1062.584003910014
DEMO-E06-5Q-0006,5.0456928911710754,1056.2175616993588
DEMO-E06-5Q-0006,5.074448739714984,1048.6009927872271
DEMO-E06-5Q-0006,5.103204588258892,1039.7623760693925
DEMO-E06-5Q-0006,5.1319604368028005,1029.73505812439
DEMO-E06-5Q-0006,5.160716285346709,1018.5572638722501
DEMO-E06-5Q-0006,5.189472133890616,1006.2716702483444
DEMO-E06-5Q-0006,5.218227982434525,992.9249515843269
DEMO-E06-5Q-0006,5.246983830978433,978.5673054205175
DEMO-E06-5Q-0006,5.27573967952234,963.2519672728713
DEMO-E06-5Q-0006,5.304495528066249,947.0347224690528
DEMO-E06-5Q-0006,5.333251376610157,929.9734225837512
DEMO-E06-5Q-0006,5.3620072251540645,912.1275132785261
DEMO-E06-5Q-0006,5.390763073697973,893.5575795233419
DEMO-E06-5Q-0006,5.419518922241881,874.3249132821065
DEMO-E06-5Q-0006,5.4482747707857895,854.491107817981
DEMO-E06-5Q-0006,5.477030619329698,834.1176818477618
DEMO-E06-5Q-0006,5.505786467873605,813.2657358759712
DEMO-E06-5Q-0006,5.534542316417514,791.9956421913735
DEMO-E06-5Q-0006,5.563298164961422,770.366769229717
DEMO-E06-5Q-0006,5.592054013505329,748.437240309614
DEMO-E06-5Q-0006,5.620809862049238,726.2637261422007
DEMO-E06-5Q-0006,5.649565710593146,703.9012700036517
DEMO-E06-5Q-0006,5.678321559137054,681.4031440433688
DEMO-E06-5Q-0006,5.707077407680963,658.8207348769346
DEMO-E06-5Q-0006,5.73583325622487,636.2034563766282
DEMO-E06-5Q-0006,5.7645891047687785,613.598687416365
DEMO-E06-5Q-0006,5.793344953312687,591.0517322439994
DEMO-E06-5Q-0006,5.822100801856594,568.6058011327657
DEMO-E06-5Q-0006,5.850856650400503,546.3020089957886
DEMO-E06-5Q-0006,5.879612498944411,524.1793897234301
DEMO-E06-5Q-0006,5.908368347488319,502.27492411344565
DEMO-E06-5Q-0006,5.937124196032228,480.6235793998453
DEMO-E06-5Q-0006,5.965880044576135,459.25835853970716
DEMO-E06-5Q-0006,5.994635893120043,438.2103575806419
DEMO-E06-5Q-0006,6.023391741663952,417.5088295986855
DEMO-E06-5Q-0006,6.052147590207859,397.181253861192
DEMO-E06-5Q-0006,6.0809034387517675,377.2534090271798
DEMO-E06-5Q-0006,6.109659287295676,357.7494493443705
DEMO-E06-5Q-0006,6.138415135839583,338.691982934737
DEMO-E06-5Q-0006,6.1671709843834925,320.102151376454
DEMO-E06-5Q-0006,6.1959268329274,301.99970988796713
DEMO-E06-5Q-0006,6.224682681471308,284.40310749877665
DEMO-E06-5Q-0006,6.253438530015217,267.32956665129643
DEMO-E06-5Q-0006,6.282194378559124,250.79516171926159
DEMO-E06-5Q-0006,6.310950227103032,234.8148959519107
DEMO-E06-5Q-0006,6.339706075646941,219.40277636120777
DEMO-E06-5Q-0006,6.368461924190848,204.5718860639081
DEMO-E06-5Q-0006,6.3972177727347574,190.33445357404898
DEMO-E06-5Q-0006,6.425973621278665,176.70191851734742
DEMO-E06-5Q-0006,6.454729469822573,163.68499321022392
DEMO-E06-5Q-0006,6.483485318366482,151.29371951616562
DEMO-E06-5Q-0006,6.512241166910389,139.53752036408852
DEMO-E06-5Q-0006,6.540997015454297,128.42524529061257
DEMO-E06-5Q-0006,6.569752863998206,117.96520935368535
DEMO-E06-5Q-0006,6.598508712542113,108.16522476152869
DEMO-E06-5Q-0006,6.627264561086022,99.03262457078515
DEMO-E06-5Q-0006,6.65602040962993,90.57427783289951
DEMO-E06-5Q-0006,6.684776258173837,82.79659560953115
DEMO-E06-5Q-0006,6.7135321067177465,75.70552733720052
DEMO-E06-5Q-0006,6.742287955261654,69.30654709857724
DEMO-E06-5Q-0006,6.771043803805562,63.60462945295348
DEMO-E06-5Q-0006,6.799799652349471,58.60421459075628
DEMO-E06-5Q-0006,6.828555500893378,54.30916270556433
DEMO-E06-5Q-0006,6.857311349437286,50.722697620632275
DEMO-E06-5Q-0006,6.886067197981195,47.847339863761206
DEMO-E06-5Q-0006,6.914823046525102,45.68482955256225
DEMO-E06-5Q-0006,6.943578895069011,44.236039629642875
DEMO-E06-5Q-0006,6.972334743612919,43.5008801716757
DEMO-E06-5Q-0006,7.001090592156827,43.47819468517982
DEMO-E06-5Q-0006,7.0298464407007355,44.16564949250982
DEMO-E06-5Q-0006,7.058602289244643,45.55961750113135
DEMO-E06-5Q-0006,7.087358137788551,47.65505783470358
DEMO-E06-5Q-0006,7.11611398633246,50.44539298253909
DEMO-E06-5Q-0006,7.144869834876367,53.922385291091516
DEMO-E06-5Q-0006,7.173625683420276,58.0760147735574
DEMO-E06-5Q-0006,7.202381531964184,62.89436034736095
DEMO-E06-5Q-0006,7.231137380508092,68.36348672015224
DEMO-E06-5Q-0006,7.259893229052,74.4673392284773
DEMO-E06-5Q-0006,7.288649077595908,81.18764898524826
DEMO-E06-5Q-0006,7.317404926139816,88.50385070801907
DEMO-E06-5Q-0006,7.3461607746837245,96.39301557586992
DEMO-E06-5Q-0006,7.374916623227632,104.82980139459751
DEMO-E06-5Q-0006,7.403672471771541,113.7864222347796
DEMO-E06-5Q-0006,7.432428320315449,123.23263954281609
DEMO-E06-5Q-0006,7.461184168859357,133.13577650998172
DEMO-E06-5Q-0006,7.489940017403265,143.46075721881527
DEMO-E06-5Q-0006,7.518695865947173,154.17017177128886
DEMO-E06-5Q-0006,7.547451714491081,165.22436824222137
DEMO-E06-5Q-0006,7.576207563034989,176.58157189903483
DEMO-E06-5Q-0006,7.604963411578897,188.19803169181603
DEMO-E06-5Q-0006,7.633719260122805,200.02819355386126
DEMO-E06-5Q-0006,7.6624751086667136,212.02489957234224
DEMO-E06-5Q-0006,7.691230957210621,224.13961160249715
DEMO-E06-5Q-0006,7.71998680575453,236.3226574191036
DEMO-E06-5Q-0006,7.748742654298438,248.52349703866406
DEMO-E06-5Q-0006,7.777498502842346,260.6910064178547
DEMO-E06-5Q-0006,7.806254351386254,272.77377535102465
DEMO-E06-5Q-0006,7.835010199930162,284.7204160638193
DEMO-E06-5Q-0006,7.86376604847407,296.4798787418266
DEMO-E06-5Q-0006,7.8925218970179785,308.0017700513457
DEMO-E06-5Q-0006,7.921277745561886,319.23667061030466
DEMO-E06-5Q-0006,7.950033594105795,330.1364473550222
DEMO-E06-5Q-0006,7.978789442649703,340.65455682397544
DEMO-E06-5Q-0006,8.00754529119361,350.74633554134624
DEMO-E06-5Q-0006,8.03630113973752,360.3692739261445
DEMO-E06-5Q-0006,8.065056988281427,369.48327047010883
DEMO-E06-5Q-0006,8.093812836825336,378.0508633096794
DEMO-E06-5Q-0006,8.122568685369243,386.0374367525746
DEMO-E06-5Q-0006,8.15132453391315,393.4114007950556
DEMO-E06-5Q-0006,8.18008038245706,400.14434216780677
DEMO-E06-5Q-0006,8.208836231000967,406.21114596232707
DEMO-E06-5Q-0006,8.237592079544875,411.59008740184646
DEMO-E06-5Q-0006,8.266347928088784,416.26289381766173
DEMO-E06-5Q-0006,8.295103776632692,420.2147773615478
DEMO-E06-5Q-0006,8.3238596251766,423.43443941681534
DEMO-E06-5Q-0006,8.352615473720508,425.9140480562393
DEMO-E06-5Q-0006,8.381371322264416,427.6491902277881
DEMO-E06-5Q-0006,8.410127170808325,428.63880062438443
DEMO-E06-5Q-0006,8.438883019352232,428.8850694095859
DEMO-E06-5Q-0006,8.46763886789614,428.39333112664025
DEMO-E06-5Q-0006,8.496394716440049,427.171937215431
DEMO-E06-5Q-0006,8.525150564983957,425.2321146034442
DEMO-E06-5Q-0006,8.553906413527864,422.5878128274596
DEMO-E06-5Q-0006,8.582662262071773,419.2555420876654
DEMO-E06-5Q-0006,8.61141811061568,415.2542045414612
DEMO-E06-5Q-0006,8.64017395915959,410.60492101687663
DEMO-E06-5Q-0006,8.668929807703497,405.33085517217535
DEMO-E06-5Q-0006,8.697685656247405,399.4570369553099
DEMO-E06-5Q-0006,8.726441504791314,393.0101870309672
DEMO-E06-5Q-0006,8.755197353335221,386.0185436497588
DEMO-E06-5Q-0006,8.783953201879129,378.51169323905515
DEMO-E06-5Q-0006,8.812709050423038,370.5204058026414
DEMO-E06-5Q-0006,8.841464898966946,362.07647603059445
DEMO-E06-5Q-0006,8.870220747510855,353.2125708447579
DEMO-E06-5Q-0006,8.898976596054762,343.9620839412744
DEMO-E06-5Q-0006,8.92773244459867,334.3589977413716
DEMO-E06-5Q-0006,8.956488293142579,324.43775302616666
DEMO-E06-5Q-0006,8.985244141686486,314.2331264107737
DEMO-E06-5Q-0006,9.013999990230394,303.78011570754774
DEMO-E06-5Q-0006,9.042755838774303,293.11383313707825
DEMO-E06-5Q-0006,9.07151168731821,282.26940626773455
DEMO-E06-5Q-0006,9.10026753586212,271.28188649871606
DEMO-E06-5Q-0006,9.129023384406027,260.1861648465088
DEMO-E06-5Q-0006,9.157779232949935,249.01689474849132
DEMO-E06-5Q-0006,9.186535081493844,237.80842155891722
DEMO-E06-5Q-0006,9.215290930037751,226.59471837980396
DEMO-E06-5Q-0006,9.244046778581659,215.40932784110194
DEMO-E06-5Q-0006,9.272802627125568,204.28530941954386
DEMO-E06-5Q-0006,9.301558475669475,193.2551918626745
DEMO-E06-5Q-0006,9.330314324213385,182.35093026293688
DEMO-E06-5Q-0006,9.359070172757292,171.6038673057319
DEMO-E06-5Q-0006,9.3878260213012,161.04469819475048
DEMO-E06-5Q-0006,9.416581869845109,150.70343873762653
DEMO-E06-5Q-0006,9.445337718389016,140.60939605527034
DEMO-E06-5Q-0006,9.474093566932924,130.7911413596591
DEMO-E06-5Q-0006,9.502849415476833,121.27648422812106
DEMO-E06-5Q-0006,9.53160526402074,112.09244778814042
DEMO-E06-5Q-0006,9.560361112564648,103.26524421651774
DEMO-E06-5Q-0006,9.589116961108557,94.82024995157653
DEMO-E06-5Q-0006,9.617872809652464,86.78198001810605
DEMO-E06-5Q-0006,9.646628658196374,79.17406087320829
DEMO-E06-5Q-0006,9.675384506740281,72.01920119828283
DEMO-E06-5Q-0006,9.704140355284189,65.33916008905871
DEMO-E06-5Q-0006,9.732896203828098,59.15471213284911
DEMO-E06-5Q-0006,9.761652052372005,53.485608910699376
DEMO-E06-5Q-0006,9.790407900915913,48.35053652236648
DEMO-E06-5Q-0006,9.819163749459822,43.767068804317816
DEMO-E06-5Q-0006,9.84791959800373,39.75161599513374
DEMO-E06-5Q-0006,9.876675446547639,36.31936869853266
DEMO-E06-5Q-0006,9.905431295091546,33.4842371010845
DEMO-E06-5Q-0006,9.934187143635453,31.258785518573568
DEMO-E06-5Q-0006,9.962942992179363,29.654162470758674
DEMO-E06-5Q-0006,9.99169884072327,28.680026617347394
DEMO-E06-5Q-0006,10.020454689267178,28.344469026601075
DEMO-E06-5Q-0006,10.049210537811087,28.6539323899589
DEMO-E06-5Q-0006,10.077966386354994,29.613127939121913
DEMO-E06-5Q-0006,10.106722234898903,31.224950963479895
DEMO-E06-5Q-0006,10.13547808344281,33.490395962866
DEMO-E06-5Q-0006,10.164233931986718,36.408472600326874
DEMO-E06-5Q-0006,10.192989780530628,39.976123738778256
DEMO-E06-5Q-0006,10.221745629074535,44.18814695085527
DEMO-E06-5Q-0006,10.250501477618442,49.03712097972448
DEMO-E06-5Q-0006,10.279257326162352,54.51333869682381
DEMO-E06-5Q-0006,10.308013174706259,60.60474814745685
DEMO-E06-5Q-0006,10.336769023250168,67.29690329392784
DEMO-E06-5Q-0006,10.365524871794076,74.57292605596083
DEMO-E06-5Q-0006,10.394280720337983,82.41348120736943
DEMO-E06-5Q-0006,10.423036568881892,90.79676561474056
DEMO-E06-5Q-0006,10.4517924174258,99.69851319726936
DEMO-E06-5Q-0006,10.480548265969707,109.0920168466908
DEMO-E06-5Q-0006,10.509304114513617,118.94816837296244
DEMO-E06-5Q-0006,10.538059963057524,129.2355173366043
DEMO-E06-5Q-0006,10.566815811601431,139.9203493946606
DEMO-E06-5Q-0006,10.59557166014534,150.96678452753645
DEMO-E06-5Q-0006,10.624327508689248,162.33689523280162
DEMO-E06-5Q-0006,10.653083357233157,173.99084447445102
DEMO-E06-5Q-0006,10.681839205777065,185.8870428681418
DEMO-E06-5Q-0006,10.710595054320972,197.9823242709731
DEMO-E06-5Q-0006,10.739350902864881,210.2321386355624
DEMO-E06-5Q-0006,10.768106751408789,222.59076068970458
DEMO-E06-5Q-0006,10.796862599952696,235.01151272204925
DEMO-E06-5Q-0006,10.825618448496606,247.44699949823433
DEMO-E06-5Q-0006,10.854374297040513,259.84935310715474
DEMO-E06-5Q-0006,10.883130145584422,272.1704853498688
DEMO-E06-5Q-0006,10.91188599412833,284.3623451386335
DEMO-E06-5Q-0006,10.940641842672237,296.37717827515615
DEMO-E06-5Q-0006,10.969397691216146,308.1677869275709
DEMO-E06-5Q-0006,10.998153539760054,319.68778612671497
DEMO-E06-5Q-0006,11.026909388303961,330.8918546533802
DEMO-E06-5Q-0006,11.05566523684787,341.73597778838234
DEMO-E06-5Q-0006,11.084421085391778,352.17767954321675
DEMO-E06-5Q-0006,11.113176933935687,362.1762421769534
DEMO-E06-5Q-0006,11.141932782479595,371.69291102946784
DEMO-E06-5Q-0006,11.170688631023502,380.6910829561767
DEMO-E06-5Q-0006,11.199444479567411,389.1364769282099
DEMO-E06-5Q-0006,11.228200328111319,396.99728565733614
DEMO-E06-5Q-0006,11.256956176655226,404.24430740961276
DEMO-E06-5Q-0006,11.285712025199135,410.85105747817494
DEMO-E06-5Q-0006,11.314467873743043,416.7938590870996
DEMO-E06-5Q-0006,11.34322372228695,422.0519137881715
DEMO-E06-5Q-0006,11.37197957083086,426.6073516848939
DEMO-E06-5Q-0006,11.400735419374767,430.4452620683944
DEMO-E06-5Q-0006,11.429491267918676,433.5537052736501
DEMO-E06-5Q-0006,11.458247116462584,435.9237067589352
DEMO-E06-5Q-0006,11.487002965006491,437.5492345741561
DEMO-E06-5Q-0006,11.5157588135504,438.4271615139806
DEMO-E06-5Q-0006,11.544514662094308,438.5572133489654
DEMO-E06-5Q-0006,11.573270510638215,437.94190459296186
DEMO-E06-5Q-0006,11.602026359182124,436.58646329933123
DEMO-E06-5Q-0006,11.630782207726032,434.4987463839205
DEMO-E06-5Q-0006,11.659538056269941,431.6891469518525
DEMO-E06-5Q-0006,11.688293904813849,428.170495060749
DEMO-E06-5Q-0006,11.717049753357756,423.9579532884897
DEMO-E06-5Q-0006,11.745805601901665,419.068908391808
DEMO-E06-5Q-0006,11.774561450445573,413.52286024678597
DEMO-E06-5Q-0006,11.80331729898948,407.34130915643266
DEMO-E06-5Q-0006,11.83207314753339,400.54764249749957
DEMO-E06-5Q-0006,11.860828996077297,393.16702156112297
DEMO-E06-5Q-0006,11.889584844621206,385.22626932263597
DEMO-E06-5Q-0006,11.918340693165113,376.75375975733033
DEMO-E06-5Q-0006,11.947096541709023,367.7793092029201
DEMO-E06-5Q-0006,11.97585239025293,358.3340701580562
DEMO-E06-5Q-0006,12.004608238796838,348.4504278004797
DEMO-E06-5Q-0006,12.033364087340747,338.1618994097233
DEMO-E06-5Q-0006,12.062119935884654,327.50303678822263
DEMO-E06-5Q-0006,12.090875784428562,316.5093316919438
DEMO-E06-5Q-0006,12.119631632972471,305.2171242074284
DEMO-E06-5Q-0006,12.148387481516378,293.6635139464439
DEMO-E06-5Q-0006,12.177143330060288,281.88627387225046
DEMO-E06-5Q-0006,12.205899178604195,269.9237665224723
DEMO-E06-5Q-0006,12.234655027148102,257.81486235218495
DEMO-E06-5Q-0006,12.263410875692012,245.59885988696448
DEMO-E06-5Q-0006,12.29216672423592,233.31540734827536
DEMO-E06-5Q-0006,12.320922572779827,221.00442539262158
DEMO-E06-5Q-0006,12.349678421323736,208.70603059049233
DEMO-E06-5Q-0006,12.378434269867643,196.46045926096633
DEMO-E06-5Q-0006,12.40719011841155,184.30799127240743
DEMO-E06-5Q-0006,12.43594596695546,172.28887341865703
DEMO-E06-5Q-0006,12.464701815499367,160.44324198328482
DEMO-E06-5Q-0006,12.493457664043277,148.81104411147592
DEMO-E06-5Q-0006,12.522213512587184,137.43195762038252
DEMO-E06-5Q-0006,12.550969361131092,126.34530889370083
DEMO-E06-5Q-0006,12.579725209675,115.5899885257175
DEMO-E06-5Q-0006,12.608481058218908,105.20436440382221
DEMO-E06-5Q-0006,12.637236906762816,95.22619194717687
DEMO-E06-5Q-0006,12.665992755306725,85.69252125318292
DEMO-E06-5Q-0006,12.694748603850632,76.63960094301684
DEMO-E06-5Q-0006,12.723504452394542,68.10277854331281
DEMO-E06-5Q-0006,12.752260300938449,60.116397293484084
DEMO-E06-5Q-0006,12.781016149482356,52.7136893274954
DEMO-E06-5Q-0006,12.809771998026266,45.92666524553364
DEMO-E06-5Q-0006,12.838527846570173,39.786000164993474
DEMO-E06-5Q-0006,12.86728369511408,34.32091642153153
DEMO-E06-5Q-0006,12.89603954365799,29.55906317955988
DEMO-E06-5Q-0006,12.924795392201897,25.52639330675886
DEMO-E06-5Q-0006,12.953551240745806,22.24703796865323
DEMO-E06-5Q-0006,12.982307089289714,19.743179505769433
DEMO-E06-5Q-0006,13.011062937833621,18.03492326636758
DEMO-E06-5Q-0006,13.03981878637753,17.140169180606897
DEMO-E06-5Q-0006,13.068574634921438,17.074483975483755
DEMO-E06-5Q-0006,13.097330483465345,17.850975041924602
DEMO-E06-5Q-0006,13.126086332009255,19.480167073681073
DEMO-E06-5Q-0006,13.154842180553162,21.96988269959053
DEMO-E06-5Q-0006,13.18359802909707,25.32512842367018
DEMO-E06-5Q-0006,13.212353877640979,29.547987268433474
DEMO-E06-5Q-0006,13.241109726184886,34.63751958298422
DEMO-E06-5Q-0006,13.269865574728795,40.58967352578569
DEMO-E06-5Q-0006,13.298621423272703,47.397206759854505
DEMO-E06-5Q-0006,13.32737727181661,55.049620902762996
DEMO-E06-5Q-0006,13.35613312036052,63.53311025299297
DEMO-E06-5Q-0006,13.384888968904427,72.83052626584033
DEMO-E06-5Q-0006,13.413644817448334,82.92135917483972
DEMO-E06-5Q-0006,13.442400665992244,93.7817380475842
DEMO-E06-5Q-0006,13.471156514536151,105.38445042765152
DEMO-E06-5Q-0006,13.49991236308006,117.69898254765315
DEMO-E06-5Q-0006,13.528668211623968,130.69158090330583
DEMO-E06-5Q-0006,13.557424060167875,144.325335757194
DEMO-E06-5Q-0006,13.586179908711784,158.56028689613106
DEMO-E06-5Q-0006,13.614935757255692,173.3535517017189
DEMO-E06-5Q-0006,13.6436916057996,188.65947531400738
DEMO-E06-5Q-0006,13.672447454343509,204.42980237819654
DEMO-E06-5Q-0006,13.701203302887416,220.6138695697788
DEMO-E06-5Q-0006,13.729959151431325,237.1588178003224
DEMO-E06-5Q-0006,13.758714999975233,254.0098227203385
DEMO-E06-5Q-0006,13.78747084851914,271.1103418640059
DEMO-E06-5Q-0006,13.81622669706305,288.4023765287122
DEMO-E06-5Q-0006,13.844982545606957,305.8267462565971
DEMO-E06-5Q-0006,13.873738394150864,323.3233735906349
DEMO-E06-5Q-0006,13.902494242694774,340.83157661915794
DEMO-E06-5Q-0006,13.931250091238681,358.29036670371386
DEMO-E06-5Q-0006,13.96000593978259,375.6387487088488
DEMO-E06-5Q-0006,13.988761788326498,392.8160210202882
DEMO-E06-5Q-0006,14.017517636870405,409.76207265117114
DEMO-E06-5Q-0006,14.046273485414314,426.41767479342155
DEMO-E06-5Q-0006,14.075029333958222,442.72476427209153
DEMO-E06-5Q-0006,14.10378518250213,458.6267165012316
DEMO-E06-5Q-0006,14.132541031046038,474.0686057175374
DEMO-E06-5Q-0006,14.161296879589946,488.99745047774496
DEMO-E06-5Q-0006,14.190052728133853,503.362442642788
DEMO-E06-5Q-0006,14.218808576677763,517.1151583299982
DEMO-E06-5Q-0006,14.24756442522167,530.2097495886785
DEMO-E06-5Q-0006,14.27632027376558,542.6031158375822
DEMO-E06-5Q-0006,14.305076122309487,554.2550543896069
DEMO-E06-5Q-0006,14.333831970853394,565.1283896732174
DEMO-E06-5Q-0006,14.362587819397303,575.1890810363273
DEMO-E06-5Q-0006,14.39134366794121,584.4063092818578
DEMO-E06-5Q-0006,14.420099516485118,592.7525423303025
DEMO-E06-5Q-0006,14.448855365029027,600.2035806297716
DEMO-E06-5Q-0006,14.477611213572935,606.7385831354896
DEMO-E06-5Q-0006,14.506367062116844,612.3400748559294
DEMO-E06-5Q-0006,14.535122910660752,616.993937110655
DEMO-E06-5Q-0006,14.563878759204659,620.6893817646537
DEMO-E06-5Q-0006,14.592634607748568,623.418910795268
DEMO-E06-5Q-0006,14.621390456292476,625.1782626117546
DEMO-E06-5Q-0006,14.650146304836383,625.9663465846453
DEMO-E06-5Q-0006,14.678902153380292,625.785167254345
DEMO-E06-5Q-0006,14.7076580019242,624.6397396776454
DEMO-E06-5Q-0006,14.736413850468109,622.5379973389989
DEMO-E06-5Q-0006,14.765169699012016,619.4906940033185
DEMO-E06-5Q-0006,14.793925547555924,615.5113008206955
DEMO-E06-5Q-0006,14.822681396099833,610.6158999138513
DEMO-E06-5Q-0006,14.85143724464374,604.823075588259
DEMO-E06-5Q-0006,14.880193093187648,598.1538042056989
DEMO-E06-5Q-0006,14.908948941731557,590.6313436562898
DEMO-E06-5Q-0006,14.937704790275465,582.2811232542953
DEMO-E06-5Q-0006,14.966460638819372,573.1306347709362
DEMO-E06-5Q-0006,14.995216487363281,563.2093252048636
DEMO-E06-5Q-0006,15.023972335907189,552.5484917794424
DEMO-E06-5Q-0006,15.052728184451098,541.1811795466313
DEMO-E06-5Q-0006,15.081484032995006,529.1420818716261
DEMO-E06-5Q-0006,15.110239881538913,516.4674439707602
DEMO-E06-5Q-0006,15.138995730082822,503.194969578959
DEMO-E06-5Q-0006,15.16775157862673,489.3637307322214
DEMO-E06-5Q-0006,15.196507427170637,475.0140805660513
DEMO-E06-5Q-0006,15.225263275714546,460.1875689525969
DEMO-E06-5Q-0006,15.254019124258454,444.92686072773853
DEMO-E06-5Q-0006,15.282774972802363,429.2756561946888
DEMO-E06-5Q-0006,15.31153082134627,413.2786135328536
DEMO-E06-5Q-0006,15.340286669890178,396.9812726899317
DEMO-E06-5Q-0006,15.369042518434087,380.42998029137857
DEMO-E06-5Q-0006,15.397798366977995,363.6718150646222
DEMO-E06-5Q-0006,15.426554215521902,346.75451324573385
DEMO-E06-5Q-0006,15.455310064065811,329.7263934136788
DEMO-E06-5Q-0006,15.484065912609719,312.6362801821142
DEMO-E06-5Q-0006,15.512821761153628,295.53342617055716
DEMO-E06-5Q-0006,15.541577609697535,278.46743167651977
DEMO-E06-5Q-0006,15.570333458241443,261.48816147728604
DEMO-E06-5Q-0006,15.599089306785352,244.6456582052424
DEMO-E06-5Q-0006,15.62784515532926,227.99005176384202
DEMO-E06-5Q-0006,15.656601003873167,211.57146428292117
DEMO-E06-5Q-0006,15.685356852417076,195.43991015219515
DEMO-E06-5Q-0006,15.714112700960984,179.64519072069697
DEMO-E06-5Q-0006,15.742868549504893,164.23678330783542
DEMO-E06-5Q-0006,15.7716243980488,149.26372423861685
DEMO-E06-5Q-0006,15.800380246592708,134.77448569170127
DEMO-E06-5Q-0006,15.829136095136617,120.8168462339659
DEMO-E06-5Q-0006,15.857891943680524,107.43775500918447
DEMO-E06-5Q-0006,15.886647792224432,94.68318965080599
DEMO-E06-5Q-0006,15.915403640768341,82.5980080992755
DEMO-E06-5Q-0006,15.944159489312248,71.22579462186516
DEMO-E06-5Q-0006,15.972915337856156,60.60870045711997
DEMO-E06-5Q-0006,16.001671186400063,50.78727963514315
DEMO-E06-5Q-0006,16.030427034943973,41.800320657982276
DEMO-E06-5Q-0006,16.059182883487882,33.68467485957824
DEMO-E06-5Q-0006,16.087938732031787,26.475082400149223
DEMO-E06-5Q-0006,16.116694580575697,20.203996983618396
DEMO-E06-5Q-0006,16.145450429119606,14.90141051611554
DEMO-E06-5Q-0006,16.17420627766351,10.594679046424519
DEMO-E06-5Q-0006,16.20296212620742,7.308351442709193
DEMO-E06-5Q-0006,16.23171797475133,5.064002361218238
DEMO-E06-5Q-0006,16.260473823295236,3.8800711490280397
DEMO-E06-5Q-0006,16.289229671839145,3.7717083915656695
DEMO-E06-5Q-0006,16.317985520383054,4.750631863834131
DEMO-E06-5Q-0006,16.34674136892696,6.8249936694680775
DEMO-E06-5Q-0006,16.37549721747087,9.99926035170365
DEMO-E06-5Q-0006,16.40425306601478,14.274107733102225
DEMO-E06-5Q-0006,16.433008914558684,19.646332184962503
DEMO-E06-5Q-0006,16.461764763102593,26.108779941813143
DEMO-E06-5Q-0006,16.490520611646502,33.650295960736685
DEMO-E06-5Q-0006,16.51927646019041,42.25569367993635
DEMO-E06-5Q-0006,16.548032308734317,51.90574685669146
DEMO-E06-5Q-0006,16.576788157278227,62.57720446345448
DEMO-E06-5Q-0006,16.605544005822136,74.24282939460977
DEMO-E06-5Q-0006,16.63429985436604,86.87146148851757
DEMO-E06-5Q-0006,16.66305570290995,100.4281051036196
DEMO-E06-5Q-0006,16.69181155145386,114.87404120779182
DEMO-E06-5Q-0006,16.720567399997766,130.16696365202188
DEMO-E06-5Q-0006,16.749323248541675,146.26113900759373
DEMO-E06-5Q-0006,16.778079097085584,163.10758905625624
DEMO-E06-5Q-0006,16.80683494562949,180.6542947406293
DEMO-E06-5Q-0006,16.8355907941734,198.84642011320037
DEMO-E06-5Q-0006,16.864346642717308,217.6265545717804
DEMO-E06-5Q-0006,16.893102491261214,236.93497144276807
DEMO-E06-5Q-0006,16.921858339805123,256.7099007749242
DEMO-E06-5Q-0006,16.950614188349032,276.8878140401613
DEMO-E06-5Q-0006,16.979370036892938,297.40371830687553
DEMO-E06-5Q-0006,17.008125885436847,318.1914573581925
DEMO-E06-5Q-0006,17.036881733980756,339.1840171734694
DEMO-E06-5Q-0006,17.065637582524666,360.3138331774094
DEMO-E06-5Q-0006,17.09439343106857,381.5130966862494
DEMO-E06-5Q-0006,17.12314927961248,402.71405804415144
DEMO-E06-5Q-0006,17.15190512815639,423.84932404242016
DEMO-E06-5Q-0006,17.180660976700295,444.85214734709405
DEMO-E06-5Q-0006,17.209416825244205,465.6567058230199
DEMO-E06-5Q-0006,17.238172673788114,486.19836983073986
DEMO-E06-5Q-0006,17.26692852233202,506.41395578216293
DEMO-E06-5Q-0006,17.29568437087593,526.2419644668443
DEMO-E06-5Q-0006,17.324440219419838,545.6228028984003
DEMO-E06-5Q-0006,17.353196067963744,564.4989886750274
DEMO-E06-5Q-0006,17.381951916507653,582.8153360944352
DEMO-E06-5Q-0006,17.410707765051562,600.5191235075398
DEMO-E06-5Q-0006,17.439463613595468,617.5602416325927
DEMO-E06-5Q-0006,17.468219462139377,633.8913227783987
DEMO-E06-5Q-0006,17.496975310683286,649.4678511385127
DEMO-E06-5Q-0006,17.525731159227195,664.2482545153841
DEMO-E06-5Q-0006,17.5544870077711,678.1939780116094
DEMO-E06-5Q-0006,17.58324285631501,691.2695403835688
DEMO-E06-5Q-0006,17.61199870485892,703.4425738893863
DEMO-E06-5Q-0006,17.640754553402825,714.683848577824
DEMO-E06-5Q-0006,17.669510401946734,724.9672820572138
DEMO-E06-5Q-0006,17.698266250490644,734.2699358541951
DEMO-E06-5Q-0006,17.72702209903455,742.5719995214647
DEMO-E06-5Q-0006,17.75577794757846,749.8567636830356
DEMO-E06-5Q-0006,17.784533796122368,756.1105832156867
DEMO-E06-5Q-0006,17.813289644666273,761.3228317581217
DEMO-E06-5Q-0006,17.842045493210183,765.4858487161853
DEMO-E06-5Q-0006,17.870801341754092,768.5948798950443
DEMO-E06-5Q-0006,17.899557190297998,770.648012839518
DEMO-E06-5Q-0006,17.928313038841907,771.6461079031033
DEMO-E06-5Q-0006,17.957068887385816,771.5927259968244
DEMO-E06-5Q-0006,17.98582473592972,770.4940538921594
DEMO-E06-5Q-0006,18.01458058447363,768.358827869906
DEMO-E06-5Q-0006,18.04333643301754,765.1982564200995
DEMO-E06-5Q-0006,18.07209228156145,761.0259426086477
DEMO-E06-5Q-0006,18.100848130105355,755.8578066354213
DEMO-E06-5Q-0006,18.129603978649264,749.7120090170557
DEMO-E06-5Q-0006,18.158359827193173,742.6088747371098
DEMO-E06-5Q-0006,18.18711567573708,734.5708186170903
DEMO-E06-5Q-0006,18.21587152428099,725.6222720750756
DEMO-E06-5Q-0006,18.244627372824898,715.7896113551055
DEMO-E06-5Q-0006,18.273383221368803,705.1010872304939
DEMO-E06-5Q-0006,18.302139069912712,693.5867561086146
DEMO-E06-5Q-0006,18.33089491845662,681.2784123937046
DEMO-E06-5Q-0006,18.359650767000527,668.2095218984006
DEMO-E06-5Q-0006,18.388406615544437,654.4151560342664
DEMO-E06-5Q-0006,18.417162464088346,639.9319264571975
DEMO-E06-5Q-0006,18.44591831263225,624.7979197948505
DEMO-E06-5Q-0006,18.47467416117616,609.0526320413622
DEMO-E06-5Q-0006,18.50343000972007,592.7369021690675
DEMO-E06-5Q-0006,18.53218585826398,575.8928444783104
DEMO-E06-5Q-0006,18.560941706807885,558.5637791851416
DEMO-E06-5Q-0006,18.589697555351794,540.7941607325176
DEMO-E06-5Q-0006,18.618453403895703,522.6295033043895
DEMO-E06-5Q-0006,18.64720925243961,504.1163030234619
DEMO-E06-5Q-0006,18.675965100983518,485.3019563231251
DEMO-E06-5Q-0006,18.704720949527427,466.23467400207784
DEMO-E06-5Q-0006,18.733476798071333,446.96339049665414
DEMO-E06-5Q-0006,18.762232646615242,427.5376679412685
DEMO-E06-5Q-0006,18.79098849515915,408.0075946314014
DEMO-E06-5Q-0006,18.819744343703057,388.42367755665913
DEMO-E06-5Q-0006,18.848500192246966,368.8367287332389
DEMO-E06-5Q-0006,18.877256040790876,349.2977451358949
DEMO-E06-5Q-0006,18.90601188933478,329.857782108417
DEMO-E06-5Q-0006,18.93476773787869,310.5678202191654
DEMO-E06-5Q-0006,18.9635235864226,291.47862562296854
DEMO-E06-5Q-0006,18.992279434966505,272.64060409248464
DEMO-E06-5Q-0006,19.021035283510415,254.10364899028713
DEMO-E06-5Q-0006,19.049791132054324,235.91698356565774
DEMO-E06-5Q-0006,19.078546980598233,218.12899807703246
DEMO-E06-5Q-0006,19.10730282914214,200.78708236006588
DEMO-E06-5Q-0006,19.136058677686048,183.93745458121464
DEMO-E06-5Q-0006,19.164814526229957,167.6249870355283
DEMO-E06-5Q-0006,19.193570374773863,151.89302996304212
DEMO-E06-5Q-0006,19.222326223317772,136.78323446880978
DEMO-E06-5Q-0006,19.25108207186168,122.33537573493803
DEMO-E06-5Q-0006,19.279837920405587,108.58717780648962
DEMO-E06-5Q-0006,19.308593768949496,95.57414131501798
DEMO-E06-5Q-0006,19.337349617493405,83.32937557105676
DEMO-E06-5Q-0006,19.36610546603731,71.88343650821903
DEMO-E06-5Q-0006,19.39486131458122,61.264171994715355
DEMO-E06-5Q-0006,19.42361716312513,51.49657604118454
DEMO-E06-5Q-0006,19.452373011669035,42.60265342533866
DEMO-E06-5Q-0006,19.481128860212944,34.60129622300872
DEMO-E06-5Q-0006,19.509884708756854,27.50817368092817
DEMO-E06-5Q-0006,19.538640557300763,21.335636788791412
DEMO-E06-5Q-0006,19.56739640584467,16.092638806953506
DEMO-E06-5Q-0006,19.596152254388578,11.784672882501713
DEMO-E06-5Q-0006,19.624908102932487,8.413727741269902
DEMO-E06-5Q-0006,19.653663951476393,5.978262278824198
DEMO-E06-5Q-0006,19.682419800020302,4.473199691516166
DEMO-E06-5Q-0006,19.71117564856421,3.8899415923028218
DEMO-E06-5Q-0006,19.739931497108117,4.216402348156011
DEMO-E06-5Q-0006,19.768687345652026,5.437063660167308
DEMO-E06-5Q-0006,19.797443194195935,7.533049187492256
DEMO-E06-5Q-0006,19.82619904273984,10.482218796069166
DEMO-E06-5Q-0006,19.85495489128375,14.25928179651695
DEMO-E06-5Q-0006,19.88371073982766,18.835928326721106
DEMO-E06-5Q-0006,19.912466588371565,24.18097783712957
DEMO-E06-5Q-0006,19.941222436915474,30.260543454309573
DEMO-E06-5Q-0006,19.969978285459383,37.03821083399359
DEMO-E06-5Q-0006,19.99873413400329,44.4752299716609
DEMO-E06-5Q-0006,20.0274899825472,52.53071831874305
DEMO-E06-5Q-0006,20.056245831091108,61.16187345785925
DEMO-E06-5Q-0006,20.085001679635013,70.32419352214922
DEMO-E06-5Q-0006,20.113757528178922,79.97170350244595
DEMO-E06-5Q-0006,20.14251337672283,90.05718557175176
DEMO-E06-5Q-0006,20.171269225266737,100.53241156881055
DEMO-E06-5Q-0006,20.200025073810647,111.34837582025047
DEMO-E06-5Q-0006,20.228780922354556,122.45552654237213
DEMO-E06-5Q-0006,20.25753677089846,133.8039941472274
DEMO-E06-5Q-0006,20.28629261944237,145.3438148805565
DEMO-E06-5Q-0006,20.31504846798628,157.02514833908728
DEMO-E06-5Q-0006,20.343804316530186,168.79848754861828
DEMO-E06-5Q-0006,20.372560165074095,180.6148604291737
DEMO-E06-5Q-0006,20.401316013618004,192.42602162645363
DEMO-E06-5Q-0006,20.430071862161913,204.1846338467706
DEMO-E06-5Q-0006,20.45882771070582,215.8444379925491
DEMO-E06-5Q-0006,20.487583559249728,227.36041155485364
DEMO-E06-5Q-0006,20.516339407793637,238.68891487544155
DEMO-E06-5Q-0006,20.545095256337543,249.787825041413
DEMO-E06-5Q-0006,20.573851104881452,260.6166573184215
DEMO-E06-5Q-0006,20.60260695342536,271.13667416211615
DEMO-E06-5Q-0006,20.631362801969267,281.3109819703258
DEMO-E06-5Q-0006,20.660118650513176,291.1046158494865
DEMO-E06-5Q-0006,20.688874499057086,300.4846127671034
DEMO-E06-5Q-0006,20.71763034760099,309.420073547013
DEMO-E06-5Q-0006,20.7463861961449,317.88221423573384
DEMO-E06-5Q-0006,20.77514204468881,325.8444074259279
DEMO-E06-5Q-0006,20.803897893232715,333.28221416765854
DEMO-E06-5Q-0006,20.832653741776625,340.1734071294551
DEMO-E06-5Q-0006,20.861409590320534,346.4979856902685
DEMO-E06-5Q-0006,20.89016543886444,352.2381836505834
DEMO-E06-5Q-0006,20.91892128740835,357.3784702472141
DEMO-E06-5Q-0006,20.947677135952258,361.9055451423466
DEMO-E06-5Q-0006,20.976432984496167,365.8083280343892
DEMO-E06-5Q-0006,21.005188833040073,369.07794350691387
DEMO-E06-5Q-0006,21.033944681583982,371.7077016934931
DEMO-E06-5Q-0006,21.06270053012789,373.69307529165764
DEMO-E06-5Q-0006,21.091456378671797,375.0316734094153
DEMO-E06-5Q-0006,21.120212227215706,375.723212673806
DEMO-E06-5Q-0006,21.148968075759615,375.7694859738237
DEMO-E06-5Q-0006,21.17772392430352,375.1743291506261
DEMO-E06-5Q-0006,21.20647977284743,373.94358588713794
DEMO-E06-5Q-0006,21.23523562139134,372.08507098785515
DEMO-E06-5Q-0006,21.263991469935245,369.6085321786853
DEMO-E06-5Q-0006,21.292747318479154,366.52561049668117
DEMO-E06-5Q-0006,21.321503167023064,362.8497992814532
DEMO-E06-5Q-0006,21.35025901556697,358.59640172440044
DEMO-E06-5Q-0006,21.37901486411088,353.78248687938384
DEMO-E06-5Q-0006,21.407770712654788,348.4268439897473
DEMO-E06-5Q-0006,21.436526561198693,342.5499349420902
DEMO-E06-5Q-0006,21.465282409742603,336.17384461755614
DEMO-E06-5Q-0006,21.494038258286512,329.3222288770821
DEMO-E06-5Q-0006,21.52279410683042,322.0202598884335
DEMO-E06-5Q-0006,21.551549955374327,314.29456848040047
DEMO-E06-5Q-0006,21.580305803918236,306.1731831936224
DEMO-E06-5Q-0006,21.609061652462145,297.6854656884864
DEMO-E06-5Q-0006,21.63781750100605,288.8620421685273
DEMO-E06-5Q-0006,21.66657334954996,279.7347304833156
DEMO-E06-5Q-0006,21.69532919809387,270.33646258779174
DEMO-E06-5Q-0006,21.724085046637775,260.7012020557998
DEMO-E06-5Q-0006,21.752840895181684,250.86385637405598
DEMO-E06-5Q-0006,21.781596743725594,240.86018377919802
DEMO-E06-5Q-0006,21.8103525922695,230.72669444455778
DEMO-E06-5Q-0006,21.83910844081341,220.5005458749615
DEMO-E06-5Q-0006,21.867864289357318,210.21943242681746
DEMO-E06-5Q-0006,21.896620137901223,199.92146893665037
DEMO-E06-5Q-0006,21.925375986445133,189.64506851364283
DEMO-E06-5Q-0006,21.95413183498904,179.4288146300892
DEMO-E06-5Q-0006,21.98288768353295,169.3113277270459
DEMO-E06-5Q-0006,22.011643532076857,159.33112664034527
DEMO-E06-5Q-0006,22.040399380620766,149.52648524320972
DEMO-E06-5Q-0006,22.069155229164675,139.9352847949808
DEMO-E06-5Q-0006,22.09791107770858,130.59486257967663
DEMO-E06-5Q-0006,22.12666692625249,121.54185751192219
DEMO-E06-5Q-0006,22.1554227747964,112.8120534794709
DEMO-E06-5Q-0006,22.184178623340305,104.4402212798525
DEMO-E06-5Q-0006,22.212934471884214,96.4599600916117
DEMO-E06-5Q-0006,22.241690320428123,88.90353949681318
DEMO-E06-5Q-0006,22.27044616897203,81.80174313883994
DEMO-E06-5Q-0006,22.299202017515938,75.18371515676192
DEMO-E06-5Q-0006,22.327957866059847,69.07681058280703
DEMO-E06-5Q-0006,22.356713714603753,63.50645092126918
DEMO-E06-5Q-0006,22.385469563147662,58.49598614431264
DEMO-E06-5Q-0006,22.41422541169157,54.066564341319776
DEMO-E06-5Q-0006,22.442981260235477,50.237010242800345
DEMO-E06-5Q-0006,22.471737108779386,47.02371380686009
DEMO-E06-5Q-0006,22.500492957323296,44.440530005452096
DEMO-E06-5Q-0006,22.529248805867205,42.49869087916514
DEMO-E06-5Q-0006,22.55800465441111,41.20673084352863
DEMO-E06-5Q-0006,22.58676050295502,40.570426127495075
DEMO-E06-5Q-0006,22.61551635149893,40.592749107031366
DEMO-E06-5Q-0006,22.644272200042835,41.27383816509943
DEMO-E06-5Q-0006,22.673028048586744,42.61098356558281
DEMO-E06-5Q-0006,22.701783897130653,44.598629675017975
DEMO-E06-5Q-0006,22.73053974567456,47.22839370476484
DEMO-E06-5Q-0006,22.759295594218468,50.48910098005204
DEMO-E06-5Q-0006,22.788051442762377,54.36683657395834
DEMO-E06-5Q-0006,22.816807291306283,58.84501297667582
DEMO-E06-5Q-0006,22.845563139850192,63.90445330617682
DEMO-E06-5Q-0006,22.8743189883941,69.52348940848313
DEMO-E06-5Q-0006,22.903074836938007,75.67807404687127
DEMO-E06-5Q-0006,22.931830685481916,82.34190624187104
DEMO-E06-5Q-0006,22.960586534025826,89.48656870020756
DEMO-E06-5Q-0006,22.989342382569735,97.08167616280161
DEMO-E06-5Q-0006,23.01809823111364,105.0950334110898
DEMO-E06-5Q-0006,23.04685407965755,113.49280159860464
DEMO-E06-5Q-0006,23.07560992820146,122.23967152158819
DEMO-E06-5Q-0006,23.104365776745365,131.2990424090505
DEMO-E06-5Q-0006,23.133121625289274,140.63320479881773
DEMO-E06-5Q-0006,23.161877473833183,150.2035260716644
DEMO-E06-5Q-0006,23.19063332237709,159.9706372394936
DEMO-E06-5Q-0006,23.219389170920998,169.89461962496426
DEMO-E06-5Q-0006,23.248145019464907,179.93519012722425
DEMO-E06-5Q-0006,23.276900868008813,190.0518838401269
DEMO-E06-5Q-0006,23.305656716552722,200.20423287351645
DEMO-E06-5Q-0006,23.33441256509663,210.35194032285443
DEMO-E06-5Q-0006,23.363168413640537,220.45504843568435
DEMO-E06-5Q-0006,23.391924262184446,230.47410013298443
DEMO-E06-5Q-0006,23.420680110728355,240.3702931572588
DEMO-E06-5Q-0006,23.44943595927226,250.10562623530018
DEMO-E06-5Q-0006,23.47819180781617,259.6430367598435
DEMO-E06-5Q-0006,23.50694765636008,268.94652960920234
DEMO-E06-5Q-0006,23.53570350490399,277.981296835572
DEMO-E06-5Q-0006,23.564459353447894,286.7138280597053
DEMO-E06-5Q-0006,23.593215201991804,295.1120115106425
DEMO-E06-5Q-0006,23.621971050535713,303.1452257431809
DEMO-E06-5Q-0006,23.65072689907962,310.7844221519184
DEMO-E06-5Q-0006,23.679482747623528,318.00219847802737
DEMO-E06-5Q-0006,23.708238596167437,324.7728635733305
DEMO-E06-5Q-0006,23.736994444711343,331.07249374516
DEMO-E06-5Q-0006,23.765750293255252,336.8789810547233
DEMO-E06-5Q-0006,23.79450614179916,342.17207398146775
DEMO-E06-5Q-0006,23.823261990343067,346.9334108962074
DEMO-E06-5Q-0006,23.852017838886976,351.14654680680655
DEMO-E06-5Q-0006,23.880773687430885,354.796973852453
DEMO-E06-5Q-0006,23.90952953597479,357.87213602636115
DEMO-E06-5Q-0006,23.9382853845187,360.361438602649
DEMO-E06-5Q-0006,23.96704123306261,362.25625273173324
DEMO-E06-5Q-0006,23.99579708160652,363.54991565038944
DEMO-E06-5Q-0006,24.024552930150424,364.23772692845296
DEMO-E06-5Q-0006,24.053308778694333,364.3169411444264
DEMO-E06-5Q-0006,24.082064627238243,363.78675734785514
DEMO-E06-5Q-0006,24.11082047578215,362.64830562786767
DEMO-E06-5Q-0006,24.139576324326057,360.9046310654034
DEMO-E06-5Q-0006,24.168332172869967,358.5606753020675
DEMO-E06-5Q-0006,24.197088021413872,355.6232559120047
DEMO-E06-5Q-0006,24.22584386995778,352.1010437152261
DEMO-E06-5Q-0006,24.25459971850169,348.004538122212
DEMO-E06-5Q-0006,24.283355567045597,343.34604055097384
DEMO-E06-5Q-0006,24.312111415589506,338.1396259097386
DEMO-E06-5Q-0006,24.340867264133415,332.4011120916377
DEMO-E06-5Q-0006,24.36962311267732,326.1480273828531
DEMO-E06-5Q-0006,24.39837896122123,319.3995756433115
DEMO-E06-5Q-0006,24.42713480976514,312.17659907960416
DEMO-E06-5Q-0006,24.455890658309045,304.5015383941551
DEMO-E06-5Q-0006,24.484646506852954,296.3983900631134
DEMO-E06-5Q-0006,24.513402355396863,287.8926604688366
DEMO-E06-5Q-0006,24.542158203940772,279.01131659117345
DEMO-E06-5Q-0006,24.570914052484678,269.78273294611887
DEMO-E06-5Q-0006,24.599669901028587,260.2366344508366
DEMO-E06-5Q-0006,24.628425749572497,250.40403489105836
DEMO-E06-5Q-0006,24.657181598116402,240.31717067078003
DEMO-E06-5Q-0006,24.68593744666031,230.0094295354595
DEMO-E06-5Q-0006,24.71469329520422,219.51527397850563
DEMO-E06-5Q-0006,24.743449143748126,208.8701590672459
DEMO-E06-5Q-0006,24.772204992292036,198.11044445850808
DEMO-E06-5Q-0006,24.800960840835945,187.27330041570247
DEMO-E06-5Q-0006,24.82971668937985,176.3966076886315
DEMO-E06-5Q-0006,24.85847253792376,165.51885117391896
DEMO-E06-5Q-0006,24.88722838646767,154.67900733760447
DEMO-E06-5Q-0006,24.915984235011575,143.91642545180972
DEMO-E06-5Q-0006,24.944740083555484,133.27070277344808
DEMO-E06-5Q-0006,24.973495932099393,122.78155387445851
DEMO-E06-5Q-0006,25.002251780643302,112.48867441869126
DEMO-E06-5Q-0006,25.031007629187208,102.43159976959886
DEMO-E06-5Q-0006,25.059763477731117,92.64955890412257
DEMO-E06-5Q-0006,25.088519326275026,83.18132420006395
DEMO-E06-5Q-0006,25.117275174818932,74.0650577558676
DEMO-E06-5Q-0006,25.14603102336284,65.33815499105691
DEMO-E06-5Q-0006,25.17478687190675,57.037086361654495
DEMO-E06-5Q-0006,25.203542720450656,49.197238105315456
DEMO-E06-5Q-0006,25.232298568994565,41.852753004945306
DEMO-E06-5Q-0006,25.261054417538475,35.036372224736574
DEMO-E06-5Q-0006,25.28981026608238,28.779279327818024
DEMO-E06-5Q-0006,25.31856611462629,23.110947628358165
DEMO-E06-5Q-0006,25.3473219631702,18.05899206163148
DEMO-E06-5Q-0006,25.376077811714104,13.649026772030087
DEMO-E06-5Q-0006,25.404833660258014,9.904529620299279
DEMO-E06-5Q-0006,25.433589508801923,6.846714796639866
DEMO-E06-5Q-0006,25.46234535734583,4.494414695091459
DEMO-E06-5Q-0006,25.491101205889738,2.8639721568702905
DEMO-E06-5Q-0006,25.519857054433647,1.9691441258666214
DEMO-E06-5Q-0006,25.548612902977556,1.8210176790452293
DEMO-E06-5Q-0006,25.577368751521462,2.4279392985906907
DEMO-E06-5Q-0006,25.60612460006537,3.7954581425911726
DEMO-E06-5Q-0006,25.63488044860928,5.926283948150825
DEMO-E06-5Q-0006,25.663636297153186,8.820260066890908
DEMO-E06-5Q-0006,25.692392145697095,12.474351989770563
DEMO-E06-5Q-0006,25.721147994241004,16.88265156826085
DEMO-E06-5Q-0006,25.74990384278491,22.036396984566736
DEMO-E06-5Q-0006,25.77865969132882,27.924008367217958
DEMO-E06-5Q-0006,25.80741553987273,34.53113879260452
DEMO-E06-5Q-0006,25.836171388416634,41.84074026052757
DEMO-E06-5Q-0006,25.864927236960543,49.83314408481984
DEMO-E06-5Q-0006,25.893683085504453,58.48615500137378
DEMO-E06-5Q-0006,25.92243893404836,67.77515816735156
DEMO-E06-5Q-0006,25.951194782592268,77.67323810911546
DEMO-E06-5Q-0006,25.979950631136177,88.15130857417405
DEMO-E06-5Q-0006,26.008706479680082,99.17825215575681
DEMO-E06-5Q-0006,26.03746232822399,110.72106848823698
DEMO-E06-5Q-0006,26.0662181767679,122.74502975886044
DEMO-E06-5Q-0006,26.09497402531181,135.213842245732
DEMO-E06-5Q-0006,26.123729873855716,148.08981257462216
DEMO-E06-5Q-0006,26.152485722399625,161.33401738683395
DEMO-E06-5Q-0006,26.181241570943534,174.90647512708728
DEMO-E06-5Q-0006,26.20999741948744,188.766318692818
DEMO-E06-5Q-0006,26.23875326803135,202.87196773345664
DEMO-E06-5Q-0006,26.26750911657526,217.181299448882
DEMO-E06-5Q-0006,26.296264965119164,231.65181680835371
DEMO-E06-5Q-0006,26.325020813663073,246.24081319374093
DEMO-E06-5Q-0006,26.353776662206982,260.9055325613498
DEMO-E06-5Q-0006,26.382532510750888,275.6033243138158
DEMO-E06-5Q-0006,26.411288359294797,290.29179217513894
DEMO-E06-5Q-0006,26.440044207838707,304.9289364664787
DEMO-E06-5Q-0006,26.468800056382612,319.47328928601416
DEMO-E06-5Q-0006,26.49755590492652,333.88404220101353
DEMO-E06-5Q-0006,26.52631175347043,348.121166163388
DEMO-E06-5Q-0006,26.55506760201434,362.1455234594863
DEMO-E06-5Q-0006,26.583823450558246,375.9189715997334
DEMO-E06-5Q-0006,26.612579299102155,389.4044591427474
DEMO-E06-5Q-0006,26.641335147646064,402.56611353115045
DEMO-E06-5Q-0006,26.67009099618997,415.3693210912578
DEMO-E06-5Q-0006,26.69884684473388,427.7807994160525
DEMO-E06-5Q-0006,26.727602693277788,439.76866240953694
DEMO-E06-5Q-0006,26.756358541821694,451.30247832082154
DEMO-E06-5Q-0006,26.785114390365603,462.3533211376066
DEMO-E06-5Q-0006,26.813870238909512,472.89381574139645
DEMO-E06-5Q-0006,26.842626087453418,482.89817725085857
DEMO-E06-5Q-0006,26.871381935997327,492.34224499528415
DEMO-E06-5Q-0006,26.900137784541236,501.2035115675753
DEMO-E06-5Q-0006,26.928893633085142,509.4611474060532
DEMO-E06-5Q-0006,26.95764948162905,517.0960213467756
DEMO-E06-5Q-0006,26.98640533017296,524.0907175737818
DEMO-E06-5Q-0006,27.015161178716866,530.429549374243
DEMO-E06-5Q-0006,27.043917027260775,536.0985700792161
DEMO-E06-5Q-0006,27.072672875804685,541.0855815396575
DEMO-E06-5Q-0006,27.101428724348594,545.3801404516224
DEMO-E06-5Q-0006,27.1301845728925,548.9735628053005
DEMO-E06-5Q-0006,27.15894042143641,551.8589266900841
DEMO-E06-5Q-0006,27.187696269980318,554.0310736427988
DEMO-E06-5Q-0006,27.216452118524224,555.4866086797191
DEMO-E06-5Q-0006,27.245207967068133,556.2238991048406
DEMO-E06-5Q-0006,27.273963815612042,556.2430721386281
DEMO-E06-5Q-0006,27.302719664155948,555.5460113630711
DEMO-E06-5Q-0006,27.331475512699857,554.1363519312495
DEMO-E06-5Q-0006,27.360231361243766,552.0194744433519
DEMO-E06-5Q-0006,27.388987209787672,549.202497346713
DEMO-E06-5Q-0006,27.41774305833158,545.6942676754228
DEMO-E06-5Q-0006,27.44649890687549,541.5053499062362
DEMO-E06-5Q-0006,27.475254755419396,536.6480126720468
DEMO-E06-5Q-0006,27.504010603963305,531.1362130428272
DEMO-E06-5Q-0006,27.532766452507214,524.9855780571157
DEMO-E06-5Q-0006,27.561522301051124,518.2133831651536
DEMO-E06-5Q-0006,27.59027814959503,510.83852722827044
DEMO-E06-5Q-0006,27.61903399813894,502.8815037081948
DEMO-E06-5Q-0006,27.647789846682848,494.3643676754469
DEMO-E06-5Q-0006,27.676545695226753,485.31069826739
DEMO-E06-5Q-0006,27.705301543770663,475.74555623496633
DEMO-E06-5Q-0006,27.734057392314572,465.69543623223683
DEMO-E06-5Q-0006,27.762813240858478,455.18821352496207
DEMO-E06-5Q-0006,27.791569089402387,444.25308482362135
DEMO-E06-5Q-0006,27.820324937946296,432.92050298242964
DEMO-E06-5Q-0006,27.8490807864902,421.2221053491727
DEMO-E06-5Q-0006,27.87783663503411,409.19063560044856
DEMO-E06-5Q-0006,27.90659248357802,396.8598589534573
DEMO-E06-5Q-0006,27.935348332121926,384.2644707079187
DEMO-E06-5Q-0006,27.964104180665835,371.4399981398555
DEMO-E06-5Q-0006,27.992860029209744,358.4226958420787
DEMO-E06-5Q-0006,28.02161587775365,345.2494346836012
DEMO-E06-5Q-0006,28.05037172629756,331.9575846409554
DEMO-E06-5Q-0006,28.07912757484147,318.58489183774446
DEMO-E06-5Q-0006,28.107883423385378,305.16935021310223
DEMO-E06-5Q-0006,28.136639271929283,291.7490683247955
DEMO-E06-5Q-0006,28.165395120473192,278.3621318762068
DEMO-E06-5Q-0006,28.1941509690171,265.0464626379117
DEMO-E06-5Q-0006,28.222906817561007,251.8396745118711
DEMO-E06-5Q-0006,28.251662666104917,238.77892755881186
DEMO-E06-5Q-0006,28.280418514648826,225.9007808750291
DEMO-E06-5Q-0006,28.30917436319273,213.24104526249184
DEMO-E06-5Q-0006,28.33793021173664,200.83463668483478
DEMO-E06-5Q-0006,28.36668606028055,188.71543153966067
DEMO-E06-5Q-0006,28.395441908824456,176.91612480408068
DEMO-E06-5Q-0006,28.424197757368365,165.46809212431066
DEMO-E06-5Q-0006,28.452953605912274,154.40125692082927
DEMO-E06-5Q-0006,28.48170945445618,143.7439635675305
DEMO-E06-5Q-0006,28.51046530300009,133.5228576761403
DEMO-E06-5Q-0006,28.539221151543998,123.76277447599426
DEMO-E06-5Q-0006,28.567977000087907,114.48663622421346
DEMO-E06-5Q-0006,28.596732848631813,105.7153595129065
DEMO-E06-5Q-0006,28.625488697175722,97.46777325908788
DEMO-E06-5Q-0006,28.65424454571963,89.76054807056546
DEMO-E06-5Q-0006,28.683000394263537,82.60813757826341
DEMO-E06-5Q-0006,28.711756242807446,76.02273221395635
DEMO-E06-5Q-0006,28.740512091351356,70.01422579382245
DEMO-E06-5Q-0006,28.76926793989526,64.59019514430909
DEMO-E06-5Q-0006,28.79802378843917,59.75589287961422
DEMO-E06-5Q-0006,28.82677963698308,55.51425331157345
DEMO-E06-5Q-0006,28.855535485526985,51.86591134479793
DEMO-E06-5Q-0006,28.884291334070895,48.80923408481856
DEMO-E06-5Q-0006,28.913047182614804,46.340364766381704
DEMO-E06-5Q-0006,28.94180303115871,44.453278494862396
DEMO-E06-5Q-0006,28.97055887970262,43.13984918777612
DEMO-E06-5Q-0006,28.999314728246528,42.38992700685127
DEMO-E06-5Q-0006,29.028070576790434,42.191425485517705
DEMO-E06-5Q-0006,29.056826425334343,42.53041748293229
DEMO-E06-5Q-0006,29.085582273878252,43.39123903464265
DEMO-E06-5Q-0006,29.11433812242216,44.75660012214366
DEMO-E06-5Q-0006,29.143093970966067,46.60770134929205
DEMO-E06-5Q-0006,29.171849819509976,48.92435549276747
DEMO-E06-5Q-0006,29.200605668053885,51.68511288632476
DEMO-E06-5Q-0006,29.22936151659779,54.86738960404193
DEMO-E06-5Q-0006,29.2581173651417,58.44759742550316
DEMO-E06-5Q-0006,29.28687321368561,62.401274595002235
DEMO-E06-5Q-0006,29.315629062229515,66.70321642657638
DEMO-E06-5Q-0006,29.344384910773424,71.32760485573758
DEMO-E06-5Q-0006,29.373140759317334,76.24813609613247
DEMO-E06-5Q-0006,29.40189660786124,81.43814562364678
DEMO-E06-5Q-0006,29.43065245640515,86.87072978061734
DEMO-E06-5Q-0006,29.459408304949058,92.51886336719653
DEMO-E06-5Q-0006,29.488164153492963,98.3555126647314
DEMO-E06-5Q-0006,29.516920002036873,104.35374341547536
DEMO-E06-5Q-0006,29.545675850580782,110.48682336335506
DEMO-E06-5Q-0006,29.57443169912469,116.72831904046716
DEMO-E06-5Q-0006,29.603187547668597,123.05218656243036
DEMO-E06-5Q-0006,29.631943396212506,129.4328562719401
DEMO-E06-5Q-0006,29.660699244756415,135.84531114260963
DEMO-E06-5Q-0006,29.68945509330032,142.26515892419872
DEMO-E06-5Q-0006,29.71821094184423,148.66869807431735
DEMO-E06-5Q-0006,29.74696679038814,155.03297758077454
DEMO-E06-5Q-0006,29.775722638932045,161.3358508317967
DEMO-E06-5Q-0006,29.804478487475954,167.55602373853412
DEMO-E06-5Q-0006,29.833234336019864,173.6730973549429
DEMO-E06-5Q-0006,29.86199018456377,179.66760527433752
DEMO-E06-5Q-0006,29.89074603310768,185.52104610940702
DEMO-E06-5Q-0006,29.919501881651588,191.2159113833038
DEMO-E06-5Q-0006,29.948257730195493,196.73570917361013
DEMO-E06-5Q-0006,29.977013578739403,202.06498385873263
DEMO-E06-5Q-0006,30.00576942728331,207.1893323176027
DEMO-E06-5Q-0006,30.034525275827217,212.09541692898517
DEMO-E06-5Q-0006,30.063281124371127,216.77097570633114
DEMO-E06-5Q-0006,30.092036972915036,221.2048298884104
DEMO-E06-5Q-0006,30.120792821458945,225.38688928538113
DEMO-E06-5Q-0006,30.14954867000285,229.30815565494953
DEMO-E06-5Q-0006,30.17830451854676,232.96072435435127
DEMO-E06-5Q-0006,30.20706036709067,236.3377844815931
DEMO-E06-5Q-0006,30.235816215634575,239.43361768439166
DEMO-E06-5Q-0006,30.264572064178484,242.24359577809125
DEMO-E06-5Q-0006,30.293327912722393,244.7641772750923
DEMO-E06-5Q-0006,30.3220837612663,246.99290288885697
DEMO-E06-5Q-0006,30.35083960981021,248.92839003574022
DEMO-E06-5Q-0006,30.379595458354117,250.5703263185838
DEMO-E06-5Q-0006,30.408351306898023,251.91946193780473
DEMO-E06-5Q-0006,30.437107155441932,252.97760093914803
DEMO-E06-5Q-0006,30.46586300398584,253.74759117311208
DEMO-E06-5Q-0006,30.494618852529747,254.2333128097693
DEMO-E06-5Q-0006,30.523374701073656,254.43966522480702
DEMO-E06-5Q-0006,30.552130549617566,254.37255204882686
DEMO-E06-5Q-0006,30.580886398161475,254.03886415242175
DEMO-E06-5Q-0006,30.60964224670538,253.44646032491679
DEMO-E06-5Q-0006,30.63839809524929,252.60414539521082
DEMO-E06-5Q-0006,30.6671539437932,251.52164553914523
DEMO-E06-5Q-0006,30.695909792337105,250.2095805195452
DEMO-E06-5Q-0006,30.724665640881014,248.67943261249738
DEMO-E06-5Q-0006,30.753421489424923,246.94351198698064
DEMO-E06-5Q-0006,30.78217733796883,245.01491832413575
DEMO-E06-5Q-0006,30.810933186512738,242.9074984877339
DEMO-E06-5Q-0006,30.839689035056647,240.6358000880924
DEMO-E06-5Q-0006,30.868444883600553,238.2150208179183
DEMO-E06-5Q-0006,30.897200732144462,235.66095347977537
DEMO-E06-5Q-0006,30.92595658068837,232.98992667077653
DEMO-E06-5Q-0006,30.954712429232277,230.21874114003754
DEMO-E06-5Q-0006,30.983468277776186,227.36460188804165
DEMO-E06-5Q-0006,31.012224126320096,224.44504613334328
DEMO-E06-5Q-0006,31.040979974864,221.477867330631
DEMO-E06-5Q-0006,31.06973582340791,218.48103548390804
DEMO-E06-5Q-0006,31.09849167195182,215.4726140587992
DEMO-E06-5Q-0006,31.12724752049573,212.47067385771732
DEMO-E06-5Q-0006,31.156003369039635,209.49320427994198
DEMO-E06-5Q-0006,31.184759217583544,206.5580224445681
DEMO-E06-5Q-0006,31.213515066127453,203.6826807067235
DEMO-E06-5Q-0006,31.24227091467136,200.8843731457137
DEMO-E06-5Q-0006,31.271026763215268,198.17984164648655
DEMO-E06-5Q-0006,31.299782611759177,195.58528223270156
DEMO-E06-5Q-0006,31.328538460303083,193.11625233927526
DEMO-E06-5Q-0006,31.357294308846992,190.78757973444948
DEMO-E06-5Q-0006,31.3860501573909,188.61327381514306
DEMO-E06-5Q-0006,31.414806005934807,186.60644000441798
DEMO-E06-5Q-0006,31.443561854478716,184.7791979757329
DEMO-E06-5Q-0006,31.472317703022625,183.14260441526778
DEMO-E06-5Q-0006,31.50107355156653,181.70658101089057
DEMO-E06-5Q-0006,31.52982940011044,180.47984832440665
DEMO-E06-5Q-0006,31.55858524865435,179.46986616299708
DEMO-E06-5Q-0006,31.587341097198255,178.68278101652493
DEMO-E06-5Q-0006,31.616096945742164,178.12338107051693
DEMO-E06-5Q-0006,31.644852794286074,177.79505924071293
DEMO-E06-5Q-0006,31.673608642829983,177.6997846051613
DEMO-E06-5Q-0006,31.70236449137389,177.8380825348098
DEMO-E06-5Q-0006,31.731120339917798,178.20902374474284
DEMO-E06-5Q-0006,31.759876188461707,178.8102224065637
DEMO-E06-5Q-0006,31.788632037005613,179.63784337936906
DEMO-E06-5Q-0006,31.817387885549522,180.68661853340078
DEMO-E06-5Q-0006,31.84614373409343,181.94987205811282
DEMO-E06-5Q-0006,31.874899582637337,183.41955456615946
DEMO-E06-5Q-0006,31.903655431181246,185.08628572785878
DEMO-E06-5Q-0006,31.932411279725155,186.9394050980568
DEMO-E06-5Q-0006,31.96116712826906,188.96703072987742
DEMO-E06-5Q-0006,31.98992297681297,191.15612510844412
DEMO-E06-5Q-0006,32.01867882535688,193.49256788289594
DEMO-E06-5Q-0006,32.04743467390079,195.96123482756533
DEMO-E06-5Q-0006,32.0761905224447,198.54608242305872
DEMO-E06-5Q-0006,32.10494637098861,201.23023741597967
DEMO-E06-5Q-0006,32.133702219532516,203.9960906914921
DEMO-E06-5Q-0006,32.16245806807642,206.82539477652062
DEMO-E06-5Q-0006,32.19121391662033,209.69936428233058
DEMO-E06-5Q-0006,32.21996976516424,212.5987785936325
DEMO-E06-5Q-0006,32.248725613708146,215.5040861165635
DEMO-E06-5Q-0006,32.277481462252055,218.3955094095361
DEMO-E06-5Q-0006,32.306237310795964,221.25315053849198
DEMO-E06-5Q-0006,32.33499315933987,224.05709602080083
DEMO-E06-5Q-0006,32.363749007883776,226.78752074948738
DEMO-E06-5Q-0006,32.392504856427685,229.42479032081258
DEMO-E06-5Q-0006,32.421260704971594,231.9495612229865
DEMO-E06-5Q-0006,32.4500165535155,234.34287838114903
DEMO-E06-5Q-0006,32.47877240205941,236.58626959328402
DEMO-E06-5Q-0006,32.507528250603315,238.6618364327394
DEMO-E06-5Q-0006,32.536284099147224,240.55234123492255
DEMO-E06-5Q-0006,32.56503994769113,242.24128982822248
DEMO-E06-5Q-0006,32.59379579623504,243.71300971151356
DEMO-E06-5Q-0006,32.62255164477895,244.95272342264758
DEMO-E06-5Q-0006,32.65130749332286,245.94661688345866
DEMO-E06-5Q-0006,32.68006334186677,246.68190254691794
DEMO-E06-5Q-0006,32.70881919041067,247.1468772106929
DEMO-E06-5Q-0006,32.73757503895458,247.33097439841242
DEMO-E06-5Q-0006,32.76633088749849,247.2248112450377
DEMO-E06-5Q-0006,32.7950867360424,246.82022985590032
DEMO-E06-5Q-0006,32.82384258458631,246.11033313974812
DEMO-E06-5Q-0006,32.85259843313022,245.08951514471164
DEMO-E06-5Q-0006,32.88135428167412,243.7534859521229
DEMO-E06-5Q-0006,32.91011013021803,242.09929120659066
DEMO-E06-5Q-0006,32.93886597876194,240.12532638147806
DEMO-E06-5Q-0006,32.96762182730585,237.83134589704144
DEMO-E06-5Q-0006,32.99637767584976,235.2184672237217
DEMO-E06-5Q-0006,33.02513352439367,232.28917011553582
DEMO-E06-5Q-0006,33.05388937293757,229.04729112817463
DEMO-E06-5Q-0006,33.08264522148148,225.49801358320985
DEMO-E06-5Q-0006,33.11140107002539,221.6478531438891
DEMO-E06-5Q-0006,33.140156918569296,217.50463916936897
DEMO-E06-5Q-0006,33.168912767113206,213.0774920130886
DEMO-E06-5Q-0006,33.197668615657115,208.37679642729745
DEMO-E06-5Q-0006,33.226424464201024,203.4141712300257
DEMO-E06-5Q-0006,33.255180312744926,198.20243538282432
DEMO-E06-5Q-0006,33.283936161288835,192.75557061814135
DEMO-E06-5Q-0006,33.312692009832745,187.08868074419746
DEMO-E06-5Q-0006,33.341447858376654,181.21794774314236
DEMO-E06-5Q-0006,33.37020370692056,175.16058476566437
DEMO-E06-5Q-0006,33.39895955546447,168.93478611217205
DEMO-E06-5Q-0006,33.427715404008374,162.55967427797742
DEMO-E06-5Q-0006,33.456471252552284,156.05524412769907
DEMO-E06-5Q-0006,33.48522710109619,149.44230425318358
DEMO-E06-5Q-0006,33.5139829496401,142.74241555970187
DEMO-E06-5Q-0006,33.54273879818401,135.97782711787238
DEMO-E06-5Q-0006,33.57149464672792,129.17140931370665
DEMO-E06-5Q-0006,33.60025049527182,122.34658432717606
DEMO-E06-5Q-0006,33.62900634381573,115.52725397080258
DEMO-E06-5Q-0006,33.65776219235964,108.73772492434763
DEMO-E06-5Q-0006,33.68651804090355,102.00263141020123
DEMO-E06-5Q-0006,33.71527388944746,95.34685536620785
DEMO-E06-5Q-0006,33.74402973799137,88.79544418909335
DEMO-E06-5Q-0006,33.77278558653528,82.37352614180607
DEMO-E06-5Q-0006,33.80154143507918,76.10622354227026
DEMO-E06-5Q-0006,33.83029728362309,70.01856387877099
DEMO-E06-5Q-0006,33.859053132167,64.13538902834642
DEMO-E06-5Q-0006,33.88780898071091,58.481262788615126
DEMO-E06-5Q-0006,33.91656482925482,53.08037696995381
DEMO-E06-5Q-0006,33.945320677798726,47.95645633329145
DEMO-E06-5Q-0006,33.97407652634263,43.13266269833163
DEMO-E06-5Q-0006,34.00283237488654,38.63149858683562
DEMO-E06-5Q-0006,34.03158822343045,34.474710805297526
DEMO-E06-5Q-0006,34.060344071974356,30.683194409409577
DEMO-E06-5Q-0006,34.089099920518265,27.27689752907884
DEMO-E06-5Q-0006,34.117855769062174,24.27472756569923
DEMO-E06-5Q-0006,34.146611617606084,21.694459302696664
DEMO-E06-5Q-0006,34.175367466149986,19.55264549479422
DEMO-E06-5Q-0006,34.204123314693895,17.864530520291247
DEMO-E06-5Q-0006,34.232879163237804,16.643967693336368
DEMO-E06-5Q-0006,34.26163501178171,15.903340838798032
DEMO-E06-5Q-0006,34.29039086032562,15.653490730632095
DEMO-E06-5Q-0006,34.31914670886953,15.903646985085441
DEMO-E06-5Q-0006,34.347902557413434,16.661365982419063
DEMO-E06-5Q-0006,34.37665840595734,17.932475365081423
DEMO-E06-5Q-0006,34.40541425450125,19.721025626354223
DEMO-E06-5Q-0006,34.43417010304516,22.02924926181471
DEMO-E06-5Q-0006,34.46292595158907,24.85752790676047
DEMO-E06-5Q-0006,34.49168180013298,28.20436782675818
DEMO-E06-5Q-0006,34.52043764867688,32.0663840662539
DEMO-E06-5Q-0006,34.54919349722079,36.43829349272233
DEMO-E06-5Q-0006,34.5779493457647,41.312916902037685
DEMO-E06-5Q-0006,34.60670519430861,46.681190275672265
DEMO-E06-5Q-0006,34.63546104285252,52.532185203224074
DEMO-E06-5Q-0006,34.66421689139643,58.853138405729176
DEMO-E06-5Q-0006,34.69297273994034,65.62949021753948
DEMO-E06-5Q-0006,34.72172858848424,72.84493180839388
DEMO-E06-5Q-0006,34.75048443702815,80.48146085394379
DEMO-E06-5Q-0006,34.77924028557206,88.51944529342427
DEMO-E06-5Q-0006,34.80799613411597,96.93769474858267
DEMO-E06-5Q-0006,34.83675198265988,105.71353911914174
DEMO-E06-5Q-0006,34.865507831203786,114.82291381791435
DEMO-E06-5Q-0006,34.89426367974769,124.2404510637708
DEMO-E06-5Q-0006,34.9230195282916,133.93957661371974
DEMO-E06-5Q-0006,34.951775376835506,143.89261128615018
DEMO-E06-5Q-0006,34.980531225379416,154.0708766069411
DEMO-E06-5Q-0006,35.009287073923325,164.44480389765317
DEMO-E06-5Q-0006,35.038042922467234,174.98404612095405
DEMO-E06-5Q-0006,35.066798771011136,185.65759180224362
DEMO-E06-5Q-0006,35.095554619555045,196.433880357785
DEMO-E06-5Q-0006,35.124310468098955,207.28091817775777
DEMO-E06-5Q-0006,35.153066316642864,218.1663948373804
DEMO-E06-5Q-0006,35.18182216518677,229.05779883929415
DEMO-E06-5Q-0006,35.21057801373068,239.9225323254643
DEMO-E06-5Q-0006,35.23933386227459,250.7280242358522
DEMO-E06-5Q-0006,35.268089710818494,261.4418414332383
DEMO-E06-5Q-0006,35.2968455593624,272.0317973581983
DEMO-E06-5Q-0006,35.32560140790631,282.4660578241401
DEMO-E06-5Q-0006,35.35435725645022,292.71324360918567
DEMO-E06-5Q-0006,35.38311310499413,302.74252954825414
DEMO-E06-5Q-0006,35.41186895353804,312.52373987489574
DEMO-E06-5Q-0006,35.44062480208194,322.0274396069108
DEMO-E06-5Q-0006,35.46938065062585,331.22502181274723
DEMO-E06-5Q-0006,35.49813649916976,340.08879063590393
DEMO-E06-5Q-0006,35.52689234771367,348.5920399924253
DEMO-E06-5Q-0006,35.55564819625758,356.70912789096434
DEMO-E06-5Q-0006,35.58440404480149,364.4155463562231
DEMO-E06-5Q-0006,35.61315989334539,371.68798696432845
DEMO-E06-5Q-0006,35.6419157418893,378.5044020228034
DEMO-E06-5Q-0006,35.67067159043321,384.8440614482898
DEMO-E06-5Q-0006,35.69942743897712,390.6876054121311
DEMO-E06-5Q-0006,35.72818328752103,396.01709283704196
DEMO-E06-5Q-0006,35.756939136064936,400.81604583814163
DEMO-E06-5Q-0006,35.785694984608845,405.06949020790086
DEMO-E06-5Q-0006,35.81445083315275,408.7639920480817
DEMO-E06-5Q-0006,35.84320668169666,411.887690651972
DEMO-E06-5Q-0006,35.871962530240566,414.4303277378604
DEMO-E06-5Q-0006,35.900718378784475,416.38327312975093
DEMO-E06-5Q-0006,35.929474227328384,417.73954697392765
DEMO-E06-5Q-0006,35.958230075872294,418.4938385707114
DEMO-E06-5Q-0006,35.9869859244162,418.6425218893304
DEMO-E06-5Q-0006,36.01574177296011,418.1836678210586
DEMO-E06-5Q-0006,36.044497621504014,417.1170532113439
DEMO-E06-5Q-0006,36.07325347004792,415.4441666963361
DEMO-E06-5Q-0006,36.10200931859183,413.1682113527064
DEMO-E06-5Q-0006,36.13076516713574,410.294104152747
DEMO-E06-5Q-0006,36.15952101567965,406.82847219916465
DEMO-E06-5Q-0006,36.18827686422356,402.77964569651476
DEMO-E06-5Q-0006,36.21703271276746,398.1576475986554
DEMO-E06-5Q-0006,36.24578856131137,392.9741798545981
DEMO-E06-5Q-0006,36.27454440985528,387.2426061587141
DEMO-E06-5Q-0006,36.30330025839919,380.97793109600974
DEMO-E06-5Q-0006,36.3320561069431,374.19677555905264
DEMO-E06-5Q-0006,36.36081195548701,366.9173483008844
DEMO-E06-5Q-0006,36.38956780403091,359.1594134778716
DEMO-E06-5Q-0006,36.41832365257482,350.9442540285038
DEMO-E06-5Q-0006,36.44707950111873,342.2946307288902
DEMO-E06-5Q-0006,36.47583534966264,333.23473676339347
DEMO-E06-5Q-0006,36.50459119820655,323.7901476502048
DEMO-E06-5Q-0006,36.53334704675046,313.9877663664045
DEMO-E06-5Q-0006,36.562102895294366,303.85576352604545
DEMO-E06-5Q-0006,36.59085874383827,293.4235124779444
DEMO-E06-5Q-0006,36.61961459238218,282.7215192075642
DEMO-E06-5Q-0006,36.64837044092609,271.7813469497742
DEMO-E06-5Q-0006,36.677126289469996,260.63553544625296
DEMO-E06-5Q-0006,36.705882138013905,249.31751481340325
DEMO-E06-5Q-0006,36.734637986557814,237.8615140232146
DEMO-E06-5Q-0006,36.763393835101716,226.3024640408979
DEMO-E06-5Q-0006,36.792149683645626,214.67589570887796
DEMO-E06-5Q-0006,36.820905532189535,203.01783251642968
DEMO-E06-5Q-0006,36.849661380733444,191.3646784479244
DEMO-E06-5Q-0006,36.87841722927735,179.7531011589783
DEMO-E06-5Q-0006,36.90717307782126,168.21991078909744
DEMO-E06-5Q-0006,36.93592892636517,156.80193478009565
DEMO-E06-5Q-0006,36.964684774909074,145.5358891313008
DEMO-E06-5Q-0006,36.99344062345298,134.45824658428924
DEMO-E06-5Q-0006,37.02219647199689,123.60510229064482
DEMO-E06-5Q-0006,37.0509523205408,113.01203757495804
DEMO-E06-5Q-0006,37.07970816908471,102.71398246079676
DEMO-E06-5Q-0006,37.10846401762862,92.74507767892551
DEMO-E06-5Q-0006,37.13721986617252,83.13853692311127
DEMO-E06-5Q-0006,37.16597571471643,73.92651015868792
DEMO-E06-5Q-0006,37.19473156326034,65.1399488215134
DEMO-E06-5Q-0006,37.22348741180425,56.80847376916128
DEMO-E06-5Q-0006,37.25224326034816,48.96024686140077
DEMO-E06-5Q-0006,37.28099910889207,41.62184705238867
DEMO-E06-5Q-0006,37.30975495743597,34.81815187213313
DEMO-E06-5Q-0006,37.33851080597988,28.572225159273003
DEMO-E06-5Q-0006,37.36726665452379,22.905211880994628
DEMO-E06-5Q-0006,37.3960225030677,17.836240838669216
DEMO-E06-5Q-0006,37.42477835161161,13.382336010225442
DEMO-E06-5Q-0006,37.45353420015552,9.558337222440567
DEMO-E06-5Q-0006,37.482290048699426,6.376830779050144
DEMO-E06-5Q-0006,37.51104589724333,3.8480905946133106
DEMO-E06-5Q-0006,37.53980174578724,1.980030300432056
DEMO-E06-5Q-0006,37.568557594331146,0.7781666987371987
DEMO-E06-5Q-0006,37.597313442875056,0.2455948459804311
DEMO-E06-5Q-0006,37.626069291418965,0.382974946993832
DEMO-E06-5Q-0006,37.654825139962874,1.1885311403408174
DEMO-E06-5Q-0006,37.683580988506776,2.658062152976044
DEMO-E06-5Q-0006,37.712336837050685,4.784963700891185
DEMO-E06-5Q-0006,37.741092685594595,7.560262413255397
DEMO-E06-5Q-0006,37.769848534138504,10.972660962120774
DEMO-E06-5Q-0006,37.79860438268241,15.008593989425268
DEMO-E06-5Q-0006,37.82736023122632,19.652294339053498
DEMO-E06-5Q-0006,37.856116079770224,24.885869025197003
DEMO-E06-5Q-0006,37.88487192831413,30.689384300164228
DEMO-E06-5Q-0006,37.91362777685804,37.04095912587842
DEMO-E06-5Q-0006,37.94238362540195,43.916866304146104
DEMO-E06-5Q-0006,37.97113947394586,51.29164048184365
DEMO-E06-5Q-0006,37.99989532248977,59.13819221843137
DEMO-E06-5Q-0006,38.02865117103368,67.42792728496974
DEMO-E06-5Q-0006,38.05740701957758,76.13087035567786
DEMO-E06-5Q-0006,38.08616286812149,85.21579225464478
DEMO-E06-5Q-0006,38.1149187166654,94.65033993128762
DEMO-E06-5Q-0006,38.14367456520931,104.40116835780638
DEMO-E06-5Q-0006,38.17243041375322,114.43407356921708
DEMO-E06-5Q-0006,38.20118626229713,124.71412610116991
DEMO-E06-5Q-0006,38.22994211084103,135.2058041213707
DEMO-E06-5Q-0006,38.25869795938494,145.87312559611257
DEMO-E06-5Q-0006,38.28745380792885,156.6797788834876
DEMO-E06-5Q-0006,38.31620965647276,167.58925119789401
DEMO-E06-5Q-0006,38.34496550501667,178.56495444574617
DEMO-E06-5Q-0006,38.373721353560576,189.57034798889617
DEMO-E06-5Q-0006,38.40247720210448,200.56905794916977
DEMO-E06-5Q-0006,38.43123305064839,211.52499272387135
DEMO-E06-5Q-0006,38.4599888991923,222.40245443732618
DEMO-E06-5Q-0006,38.488744747736206,233.1662461068564
DEMO-E06-5Q-0006,38.517500596280115,243.78177435231066
DEMO-E06-5Q-0006,38.546256444824024,254.21514752605128
DEMO-E06-5Q-0006,38.575012293367934,264.4332691846592
DEMO-E06-5Q-0006,38.603768141911836,274.4039268639312
DEMO-E06-5Q-0006,38.632523990455745,284.0958761553449
DEMO-E06-5Q-0006,38.661279838999654,293.4789201141801
DEMO-E06-5Q-0006,38.69003568754356,302.52398405735556
DEMO-E06-5Q-0006,38.71879153608747,311.2031858323689
DEMO-E06-5Q-0006,38.74754738463138,319.48990165764883
DEMO-E06-5Q-0006,38.776303233175284,327.3588276492474
DEMO-E06-5Q-0006,38.80505908171919,334.78603715923083
DEMO-E06-5Q-0006,38.8338149302631,341.74903405717816
DEMO-E06-5Q-0006,38.86257077880701,348.22680208881985
DEMO-E06-5Q-0006,38.89132662735092,354.19985044426903
DEMO-E06-5Q-0006,38.92008247589483,359.6502556635784
DEMO-E06-5Q-0006,38.94883832443873,364.5616999993243
DEMO-E06-5Q-0006,38.97759417298264,368.9195063449301
DEMO-E06-5Q-0006,39.00635002152655,372.7106698237881
DEMO-E06-5Q-0006,39.03510587007046,375.9238861183057
DEMO-E06-5Q-0006,39.06386171861437,378.54957659992084
DEMO-E06-5Q-0006,39.09261756715828,380.5799103013966
DEMO-E06-5Q-0006,39.12137341570219,382.0088227515392
DEMO-E06-5Q-0006,39.15012926424609,382.83203167021713
DEMO-E06-5Q-0006,39.17888511279,383.04704949871007
DEMO-E06-5Q-0006,39.20764096133391,382.6531927170449
DEMO-E06-5Q-0006,39.23639680987782,381.65158787674295
DEMO-E06-5Q-0006,39.26515265842173,380.04517425455424
DEMO-E06-5Q-0006,39.293908506965636,377.8387030106645
DEMO-E06-5Q-0006,39.32266435550954,375.0387327139576
DEMO-E06-5Q-0006,39.35142020405345,371.6536210776669
DEMO-E06-5Q-0006,39.380176052597356,367.6935127314613
DEMO-E06-5Q-0006,39.408931901141266,363.17032284117056
DEMO-E06-5Q-0006,39.437687749685175,358.09771637532884
DEMO-E06-5Q-0006,39.466443598229084,352.49108280897804
DEMO-E06-5Q-0006,39.49519944677299,346.3675060499681
DEMO-E06-5Q-0006,39.523955295316895,339.74572937198906
DEMO-E06-5Q-0006,39.552711143860805,332.64611514160765
DEMO-E06-5Q-0006,39.581466992404714,325.09059913465245
DEMO-E06-5Q-0006,39.61022284094862,317.1026392498935
DEMO-E06-5Q-0006,39.63897868949253,308.7071584460743
DEMO-E06-5Q-0006,39.66773453803644,299.9304817514164
DEMO-E06-5Q-0006,39.696490386580344,290.8002672234473
DEMO-E06-5Q-0006,39.72524623512425,281.34543077077336
DEMO-E06-5Q-0006,39.75400208366816,271.5960647878503
DEMO-E06-5Q-0006,39.78275793221207,261.58335059784395
DEMO-E06-5Q-0006,39.81151378075598,251.3394647480843
DEMO-E06-5Q-0006,39.84026962929989,240.89747925581503
DEMO-E06-5Q-0006,39.86902547784379,230.2912559596966
DEMO-E06-5Q-0006,39.8977813263877,219.55533519297686
DEMO-E06-5Q-0006,39.92653717493161,208.7248190578516
DEMO-E06-5Q-0006,39.95529302347552,197.83524964554067
DEMO-E06-5Q-0006,39.98404887201943,186.92248261274162
DEMO-E06-5Q-0006,40.01280472056334,176.02255659115735
DEMO-E06-5Q-0006,40.04156056910725,165.1715589716776
DEMO-E06-5Q-0006,40.07031641765115,154.405488667597
DEMO-E06-5Q-0006,40.09907226619506,143.7601165206207
DEMO-E06-5Q-0006,40.12782811473897,133.27084406865703
DEMO-E06-5Q-0006,40.15658396328288,122.97256144372975
DEMO-E06-5Q-0006,40.185339811826786,112.89950521160819
DEMO-E06-5Q-0006,40.214095660370695,103.0851170001028
DEMO-E06-5Q-0006,40.2428515089146,93.56190379008268
DEMO-E06-5Q-0006,40.27160735745851,84.36130076115897
DEMO-E06-5Q-0006,40.300363206002416,75.51353759205054
DEMO-E06-5Q-0006,40.329119054546325,67.04750911320461
DEMO-E06-5Q-0006,40.357874903090234,58.99065119648744
DEMO-E06-5Q-0006,40.386630751634144,51.36882274300552
DEMO-E06-5Q-0006,40.415386600178046,44.20619459579093
DEMO-E06-5Q-0006,40.444142448721955,37.52514615932753
DEMO-E06-5Q-0006,40.472898297265864,31.346170453314976
DEMO-E06-5Q-0006,40.50165414580977,25.68778826405195
DEMO-E06-5Q-0006,40.53040999435368,20.566471984576722
DEMO-E06-5Q-0006,40.55916584289759,15.996579655004613
DEMO-E06-5Q-0006,40.5879216914415,11.990299628471533
DEMO-E06-5Q-0006,40.6166775399854,8.557606197233829
DEMO-E06-5Q-0006,40.64543338852931,5.70622641888178
DEMO-E06-5Q-0006,40.67418923707322,3.441618285934173
DEMO-E06-5Q-0006,40.70294508561713,1.7669602845479695
DEMO-E06-5Q-0006,40.73170093416104,0.6831522913705973
DEMO-E06-5Q-0006,40.76045678270495,0.18882766286939484
DEMO-E06-5Q-0006,40.78921263124885,0.28037628032739514
DEMO-E06-5Q-0006,40.81796847979276,0.9519782272370177
DEMO-E06-5Q-0006,40.84672432833667,2.1956476952578807
DEMO-E06-5Q-0006,40.87548017688058,4.001286641210634
DEMO-E06-5Q-0006,40.90423602542449,6.356747651613949
DEMO-E06-5Q-0006,40.9329918739684,9.247905413725233
DEMO-E06-5Q-0006,40.9617477225123,12.658736143397782
DEMO-E06-5Q-0006,40.99050357105621,16.571404280714887
DEMO-E06-5Q-0006,41.01925941960012,20.96635573438129
DEMO-E06-5Q-0006,41.04801526814403,25.822416935267704
DEMO-E06-5Q-0006,41.07677111668794,31.116898948187693
DEMO-E06-5Q-0006,41.105526965231846,36.82570588847304
DEMO-E06-5Q-0006,41.134282813775755,42.92344689591833
DEMO-E06-5Q-0006,41.16303866231966,49.38355093248491
DEMO-E06-5Q-0006,41.191794510863566,56.17838369113128
DEMO-E06-5Q-0006,41.220550359407476,63.27936593059574
DEMO-E06-5Q-0006,41.249306207951385,70.6570925840225
DEMO-E06-5Q-0006,41.278062056495294,78.28145202709254
DEMO-E06-5Q-0006,41.3068179050392,86.12174493314276
DEMO-E06-5Q-0006,41.335573753583105,94.1468021874153
DEMO-E06-5Q-0006,41.364329602127015,102.32510137961445
DEMO-E06-5Q-0006,41.393085450670924,110.62488144218862
DEMO-E06-5Q-0006,41.42184129921483,119.01425505070236
DEMO-E06-5Q-0006,41.45059714775874,127.46131845121832
DEMO-E06-5Q-0006,41.47935299630265,135.93425842769526
DEMO-E06-5Q-0006,41.50810884484656,144.4014561685593
DEMO-E06-5Q-0006,41.53686469339046,152.8315878362125
DEMO-E06-5Q-0006,41.56562054193437,161.19372168511063
DEMO-E06-5Q-0006,41.59437639047828,169.45741161302976
DEMO-E06-5Q-0006,41.62313223902219,177.592787066168
DEMO-E06-5Q-0006,41.6518880875661,185.57063925101505
DEMO-E06-5Q-0006,41.68064393611001,193.36250363460812
DEMO-E06-5Q-0006,41.70939978465391,200.94073873994108
DEMO-E06-5Q-0006,41.73815563319782,208.27860126407936
DEMO-E06-5Q-0006,41.76691148174173,215.35031756386942
DEMO-E06-5Q-0006,41.79566733028564,222.13115156736305
DEMO-E06-5Q-0006,41.82442317882955,228.59746917841775
DEMO-E06-5Q-0006,41.85317902737346,234.72679924774388
DEMO-E06-5Q-0006,41.88193487591736,240.49789118577763
DEMO-E06-5Q-0006,41.91069072446127,245.8907692914003
DEMO-E06-5Q-0006,41.93944657300518,250.8867838660623
DEMO-E06-5Q-0006,41.96820242154909,255.46865917532284
DEMO-E06-5Q-0006,41.996958270092996,259.6205383094633
DEMO-E06-5Q-0006,42.025714118636905,263.328024982125
DEMO-E06-5Q-0006,42.054469967180815,266.57822229075384
DEMO-E06-5Q-0006,42.08322581572472,269.3597684458107
DEMO-E06-5Q-0006,42.111981664268626,271.66286945703024
DEMO-E06-5Q-0006,42.140737512812535,273.4793287452344
DEMO-E06-5Q-0006,42.169493361356444,274.80257362738905
DEMO-E06-5Q-0006,42.198249209900354,275.6276786012977
DEMO-E06-5Q-0006,42.22700505844426,275.9513853348055
DEMO-E06-5Q-0006,42.255760906988165,275.77211924302384
DEMO-E06-5Q-0006,42.284516755532074,275.0900025165519
DEMO-E06-5Q-0006,42.31327260407598,273.90686344382755
DEMO-E06-5Q-0006,42.34202845261989,272.22624185275635
DEMO-E06-5Q-0006,42.3707843011638,270.0533904803167
DEMO-E06-5Q-0006,42.39954014970771,267.39527206497206
DEMO-E06-5Q-0006,42.42829599825161,264.26055194543034
DEMO-E06-5Q-0006,42.45705184679552,260.65958594128614
DEMO-E06-5Q-0006,42.48580769533943,256.6044032865433
DEMO-E06-5Q-0006,42.51456354388334,252.1086843864885
DEMO-E06-5Q-0006,42.54331939242725,247.1877331721385
DEMO-E06-5Q-0006,42.57207524097116,241.85844383484218
DEMO-E06-5Q-0006,42.60083108951507,236.13926173678468
DEMO-E06-5Q-0006,42.62958693805897,230.0501383115237
DEMO-E06-5Q-0006,42.65834278660288,223.61247979210125
DEMO-E06-5Q-0006,42.68709863514679,216.8490896331277
DEMO-E06-5Q-0006,42.7158544836907,209.78410452726993
DEMO-E06-5Q-0006,42.74461033223461,202.44292395579927
DEMO-E06-5Q-0006,42.77336618077852,194.852133257044
DEMO-E06-5Q-0006,42.80212202932242,187.03942024545694
DEMO-E06-5Q-0006,42.83087787786633,179.03348546711155
DEMO-E06-5Q-0006,42.85963372641024,170.86394623437843
DEMO-E06-5Q-0006,42.88838957495415,162.56123464244374
DEMO-E06-5Q-0006,42.917145423498056,154.15648983290797
DEMO-E06-5Q-0006,42.945901272041965,145.68144483378182
DEMO-E06-5Q-0006,42.97465712058587,137.1683083699872
DEMO-E06-5Q-0006,43.003412969129776,128.64964210315813
DEMO-E06-5Q-0006,43.032168817673686,120.15823382302217
DEMO-E06-5Q-0006,43.060924666217595,111.72696717366972
DEMO-E06-5Q-0006,43.089680514761504,103.38868855593454
DEMO-E06-5Q-0006,43.11843636330541,95.17607190054416
DEMO-E06-5Q-0006,43.14719221184932,87.12148205450984
DEMO-E06-5Q-0006,43.175948060393225,79.25683756492876
DEMO-E06-5Q-0006,43.204703908937134,71.61347367830106
DEMO-E06-5Q-0006,43.23345975748104,64.22200639963805
DEMO-E06-5Q-0006,43.26221560602495,57.11219847243364
DEMO-E06-5Q-0006,43.29097145456886,50.31282814835759
DEMO-E06-5Q-0006,43.31972730311277,43.85156161301406
DEMO-E06-5Q-0006,43.34848315165667,37.75482992183653
DEMO-E06-5Q-0006,43.37723900020058,32.047711277342884
DEMO-E06-5Q-0006,43.40599484874449,26.753819446414575
DEMO-E06-5Q-0006,43.4347506972884,21.89519907367456
DEMO-E06-5Q-0006,43.46350654583231,17.492228595261924
DEMO-E06-5Q-0006,43.49226239437622,13.563531397026866
DEMO-E06-5Q-0006,43.52101824292012,10.125895792918275
DEMO-E06-5Q-0006,43.54977409146403,7.194204324494924
DEMO-E06-5Q-0006,43.57852994000794,4.781372801891165
DEMO-E06-5Q-0006,43.60728578855185,2.8982994214531788
DEMO-E06-5Q-0006,43.63604163709576,1.5538242070539117
DEMO-E06-5Q-0006,43.66479748563967,0.7546989319742617
DEMO-E06-5Q-0006,43.69355333418358,0.5055675876058632
DEMO-E06-5Q-0006,43.72230918272748,0.8089573754627225
DEMO-E06-5Q-0006,43.75106503127139,1.6652801113030988
DEMO-E06-5Q-0006,43.7798208798153,3.0728438458595604
DEMO-E06-5Q-0006,43.808576728359206,5.027874426849364
DEMO-E06-5Q-0006,43.837332576903115,7.524546652616101
DEMO-E06-5Q-0006,43.866088425447025,10.555024599869839
DEMO-E06-5Q-0006,43.89484427399093,14.109510647217988
DEMO-E06-5Q-0006,43.923600122534836,18.176302663246467
DEMO-E06-5Q-0006,43.952355971078745,22.74185878303507
DEMO-E06-5Q-0006,43.981111819622654,27.79086916072456
DEMO-E06-5Q-0006,44.009867668166564,33.30633405799078
DEMO-E06-5Q-0006,44.03862351671047,39.269647609048455
DEMO-E06-5Q-0006,44.06737936525438,45.66068659199568
DEMO-E06-5Q-0006,44.096135213798284,52.45790353354334
DEMO-E06-5Q-0006,44.12489106234219,59.63842347897027
DEMO-E06-5Q-0006,44.1536469108861,67.17814377115485
DEMO-E06-5Q-0006,44.18240275943001,75.05183620092312
DEMO-E06-5Q-0006,44.21115860797392,83.23325091519132
DEMO-E06-5Q-0006,44.23991445651783,91.69522149872518
DEMO-E06-5Q-0006,44.26867030506173,100.40977067897151
DEMO-E06-5Q-0006,44.29742615360564,109.34821614056436
DEMO-E06-5Q-0006,44.32618200214955,118.4812759760873
DEMO-E06-5Q-0006,44.35493785069346,127.77917334164142
DEMO-E06-5Q-0006,44.38369369923737,137.21173992895726
DEMO-E06-5Q-0006,44.41244954778128,146.74851790963464
DEMO-E06-5Q-0006,44.44120539632518,156.35886005071245
DEMO-E06-5Q-0006,44.46996124486909,166.01202774395142
DEMO-E06-5Q-0006,44.498717093413,175.6772867327827
DEMO-E06-5Q-0006,44.52747294195691,185.32400036105986
DEMO-E06-5Q-0006,44.55622879050082,194.92172020557874
DEMO-E06-5Q-0006,44.58498463904473,204.4402739896221
DEMO-E06-5Q-0006,44.613740487588636,213.84985070729982
DEMO-E06-5Q-0006,44.64249633613254,223.12108291783565
DEMO-E06-5Q-0006,44.67125218467645,232.22512619493568
DEMO-E06-5Q-0006,44.70000803322036,241.13373573910616
DEMO-E06-5Q-0006,44.728763881764266,249.8193401797517
DEMO-E06-5Q-0006,44.757519730308175,258.25511260938225
DEMO-E06-5Q-0006,44.786275578852084,266.4150389040755
DEMO-E06-5Q-0006,44.815031427395986,274.27398339264835
DEMO-E06-5Q-0006,44.843787275939896,281.8077519416488
DEMO-E06-5Q-0006,44.872543124483805,288.993152524573
DEMO-E06-5Q-0006,44.901298973027714,295.8080533417975
DEMO-E06-5Q-0006,44.93005482157162,302.23143855232223
DEMO-E06-5Q-0006,44.95881067011553,308.24346167045906
DEMO-E06-5Q-0006,44.987566518659435,313.8254966694557
DEMO-E06-5Q-0006,45.016322367203344,318.96018682058946
DEMO-E06-5Q-0006,45.04507821574725,323.63149128033433
DEMO-E06-5Q-0006,45.07383406429116,327.82472942029733
DEMO-E06-5Q-0006,45.10258991283507,331.52662287482576
DEMO-E06-5Q-0006,45.13134576137898,334.7253352600565
DEMO-E06-5Q-0006,45.16010160992289,337.4105094957177
DEMO-E06-5Q-0006,45.18885745846679,339.5733026379301
DEMO-E06-5Q-0006,45.2176133070107,341.20641810758895
DEMO-E06-5Q-0006,45.24636915555461,342.30413517529024
DEMO-E06-5Q-0006,45.27512500409852,342.8623355404763
DEMO-E06-5Q-0006,45.30388085264243,342.87852682001727
DEMO-E06-5Q-0006,45.33263670118634,342.3518627400492
DEMO-E06-5Q-0006,45.36139254973024,341.2831598054171
DEMO-E06-5Q-0006,45.39014839827415,339.674910203468
DEMO-E06-5Q-0006,45.41890424681806,337.5312906840129
DEMO-E06-5Q-0006,45.44766009536197,334.85816714543046
DEMO-E06-5Q-0006,45.47641594390588,331.6630946483431
DEMO-E06-5Q-0006,45.50517179244979,327.95531257381884
DEMO-E06-5Q-0006,45.53392764099369,323.7457346426572
DEMO-E06-5Q-0006,45.5626834895376,319.0469335167643
DEMO-E06-5Q-0006,45.59143933808151,313.8731197128326
DEMO-E06-5Q-0006,45.620195186625416,308.2401145731004
DEMO-E06-5Q-0006,45.648951035169326,302.1653170578968
DEMO-E06-5Q-0006,45.677706883713235,295.66766415008374
DEMO-E06-5Q-0006,45.706462732257144,288.7675846926387
DEMO-E06-5Q-0006,45.735218580801046,281.48694651717904
DEMO-E06-5Q-0006,45.763974429344955,273.84899676318713
DEMO-E06-5Q-0006,45.792730277888865,265.87829533492146
DEMO-E06-5Q-0006,45.821486126432774,257.600641494848
DEMO-E06-5Q-0006,45.85024197497668,249.0429936487769
DEMO-E06-5Q-0006,45.87899782352059,240.23338243797005
DEMO-E06-5Q-0006,45.907753672064494,231.20081731654926
DEMO-E06-5Q-0006,45.9365095206084,221.97518685807339
DEMO-E06-5Q-0006,45.96526536915231,212.58715310221893
DEMO-E06-5Q-0006,45.99402121769622,203.06804031967977
DEMO-E06-5Q-0006,46.02277706624013,193.44971864069757
DEMO-E06-5Q-0006,46.05153291478404,183.76448305790797
DEMO-E06-5Q-0006,46.08028876332795,174.04492837701693
DEMO-E06-5Q-0006,46.10904461187185,164.32382074809428
DEMO-E06-5Q-0006,46.13780046041576,154.63396646432818
DEMO-E06-5Q-0006,46.16655630895967,145.00807876395643
DEMO-E06-5Q-0006,46.19531215750358,135.47864341259023
DEMO-E06-5Q-0006,46.22406800604749,126.07778387728447
DEMO-E06-5Q-0006,46.2528238545914,116.837126929486
DEMO-E06-5Q-0006,46.2815797031353,107.7876695304387
DEMO-E06-5Q-0006,46.31033555167921,98.95964785972593
DEMO-E06-5Q-0006,46.33909140022312,90.38240934476389
DEMO-E06-5Q-0006,46.36784724876703,82.08428853621066
DEMO-E06-5Q-0006,46.39660309731094,74.09248765121058
DEMO-E06-5Q-0006,46.425358945854846,66.4329625738791
DEMO-E06-5Q-0006,46.45411479439875,59.13031506018206
DEMO-E06-5Q-0006,46.48287064294266,52.20769184352436
DEMO-E06-5Q-0006,46.51162649148657,45.68669127824687
DEMO-E06-5Q-0006,46.540382340030476,39.5872780920658
DEMO-E06-5Q-0006,46.569138188574385,33.92770674596247
DEMO-E06-5Q-0006,46.597894037118294,28.72445382253111
DEMO-E06-5Q-0006,46.626649885662204,23.99215978233248
DEMO-E06-5Q-0006,46.655405734206106,19.743580343690383
DEMO-E06-5Q-0006,46.684161582750015,15.989547655956292
DEMO-E06-5Q-0006,46.712917431293924,12.738941350697395
DEMO-E06-5Q-0006,46.74167327983783,9.99866947080881
DEMO-E06-5Q-0006,46.77042912838174,7.773659195590383
DEMO-E06-5Q-0006,46.79918497692565,6.066857201128955
DEMO-E06-5Q-0006,46.827940825469554,4.879239421241747
DEMO-E06-5Q-0006,46.85669667401346,4.20982990544681
DEMO-E06-5Q-0006,46.88545252255737,4.055728407796407
DEMO-E06-5Q-0006,46.91420837110128,4.41214628454435
DEMO-E06-5Q-0006,46.94296421964519,5.2724502299853215
DEMO-E06-5Q-0006,46.9717200681891,6.628213338795608
DEMO-E06-5Q-0006,47.000475916733,8.469272949900274
DEMO-E06-5Q-0006,47.02923176527691,10.783794701503894
DEMO-E06-5Q-0006,47.05798761382082,13.55834220914575
DEMO-E06-5Q-0006,47.08674346236473,16.77795176850864
DEMO-E06-5Q-0006,47.11549931090864,20.426211481662563
DEMO-E06-5Q-0006,47.14425515945255,24.48534420926691
DEMO-E06-5Q-0006,47.17301100799646,28.93629376122135
DEMO-E06-5Q-0006,47.20176685654036,33.75881375412754
DEMO-E06-5Q-0006,47.23052270508427,38.93155858465373
DEMO-E06-5Q-0006,47.25927855362818,44.43217599322317
DEMO-E06-5Q-0006,47.28803440217209,50.23740072148687
DEMO-E06-5Q-0006,47.316790250716,56.32314879903785
DEMO-E06-5Q-0006,47.345546099259906,62.664612029357286
DEMO-E06-5Q-0006,47.37430194780381,69.23635228116974
DEMO-E06-5Q-0006,47.40305779634772,76.01239522859622
DEMO-E06-5Q-0006,47.431813644891626,82.96632322131484
DEMO-E06-5Q-0006,47.460569493435536,90.07136700353577
DEMO-E06-5Q-0006,47.489325341979445,97.30049603772463
DEMO-E06-5Q-0006,47.518081190523354,104.62650722496846
DEMO-E06-5Q-0006,47.546837039067256,112.0221118483016
DEMO-E06-5Q-0006,47.575592887611165,119.46002059810156
DEMO-E06-5Q-0006,47.604348736155075,126.91302656889715
DEMO-E06-5Q-0006,47.633104584698984,134.35408614508455
DEMO-E06-5Q-0006,47.66186043324289,141.75639771822824
DEMO-E06-5Q-0006,47.6906162817868,149.0934782011636
DEMO-E06-5Q-0006,47.71937213033071,156.33923732342438
DEMO-E06-5Q-0006,47.748127978874614,163.4680497090873
DEMO-E06-5Q-0006,47.77688382741852,170.4548247511318
DEMO-E06-5Q-0006,47.80563967596243,177.27507430658835
DEMO-E06-5Q-0006,47.83439552450634,183.90497824364445
DEMO-E06-5Q-0006,47.86315137305025,190.32144787555134
DEMO-E06-5Q-0006,47.89190722159416,196.50218731709327
DEMO-E06-5Q-0006,47.92066307013806,202.4257527969817
DEMO-E06-5Q-0006,47.94941891868197,208.07160995455786
DEMO-E06-5Q-0006,47.97817476722588,213.42018914159556
DEMO-E06-5Q-0006,48.00693061576979,218.45293873953284
DEMO-E06-5Q-0006,48.0356864643137,223.15237649009958
DEMO-E06-5Q-0006,48.06444231285761,227.50213882259646
DEMO-E06-5Q-0006,48.09319816140151,231.48702814461686
DEMO-E06-5Q-0006,48.12195400994542,235.09305804483995
DEMO-E06-5Q-0006,48.15070985848933,238.30749633731762
DEMO-E06-5Q-0006,48.17946570703324,241.11890585615416
DEMO-E06-5Q-0006,48.20822155557715,243.51718288859811
DEMO-E06-5Q-0006,48.236977404121056,245.49359311322738
DEMO-E06-5Q-0006,48.265733252664965,247.04080488877358
DEMO-E06-5Q-0006,48.29448910120887,248.15291971842666
DEMO-E06-5Q-0006,48.32324494975278,248.82549969469022
DEMO-E06-5Q-0006,48.352000798296686,249.05559171145998
DEMO-E06-5Q-0006,48.380756646840595,248.8417482133269
DEMO-E06-5Q-0006,48.409512495384504,248.18404423767385
DEMO-E06-5Q-0006,48.438268343928414,247.0840904934249
DEMO-E06-5Q-0006,48.467024192472316,245.54504221153184
DEMO-E06-5Q-0006,48.495780041016225,243.57160349722412
DEMO-E06-5Q-0006,48.524535889560134,241.1700269126568
DEMO-E06-5Q-0006,48.55329173810404,238.3481080216294
DEMO-E06-5Q-0006,48.58204758664795,235.11517463556586
DEMO-E06-5Q-0006,48.61080343519186,231.48207051225094
DEMO-E06-5Q-0006,48.63955928373577,227.46113327630218
DEMO-E06-5Q-0006,48.66831513227967,223.0661663528057
DEMO-E06-5Q-0006,48.69707098082358,218.31240473331673
DEMO-E06-5Q-0006,48.72582682936749,213.21647442646838
DEMO-E06-5Q-0006,48.7545826779114,207.7963454832722
DEMO-E06-5Q-0006,48.78333852645531,202.07127853010184
DEMO-E06-5Q-0006,48.81209437499922,196.0617647897626
DEMO-E06-5Q-0006,48.84085022354312,189.7894596222613
DEMO-E06-5Q-0006,48.86960607208703,183.27710967203816
DEMO-E06-5Q-0006,48.89836192063094,176.5484737662569
DEMO-E06-5Q-0006,48.92711776917485,169.6282377687117
DEMO-E06-5Q-0006,48.95587361771876,162.54192365555804
DEMO-E06-5Q-0006,48.98462946626267,155.31579314094964
DEMO-E06-5Q-0006,49.01338531480657,147.97674624230243
DEMO-E06-5Q-0006,49.04214116335048,140.55221523499367
DEMO-E06-5Q-0006,49.07089701189439,133.0700545043501
DEMO-E06-5Q-0006,49.0996528604383,125.55842685686022
DEMO-E06-5Q-0006,49.12840870898221,118.04568690292213
DEMO-E06-5Q-0006,49.157164557526116,110.56026216797528
DEMO-E06-5Q-0006,49.185920406070025,103.130532627604
DEMO-E06-5Q-0006,49.21467625461393,95.78470939368285
DEMO-E06-5Q-0006,49.243432103157836,88.55071330269834
DEMO-E06-5Q-0006,49.272187951701746,81.45605417309449
DEMO-E06-5Q-0006,49.300943800245655,74.52771150564479
DEMO-E06-5Q-0006,49.329699648789564,67.79201739902884
DEMO-E06-5Q-0006,49.35845549733347,61.27454244207087
DEMO-E06-5Q-0006,49.387211345877375,54.99998532433855
DEMO-E06-5Q-0006,49.415967194421285,48.992066878272105
DEMO-E06-5Q-0006,49.444723042965194,43.27342922929985
DEMO-E06-5Q-0006,49.4734788915091,37.86554068564739
DEMO-E06-5Q-0006,49.50223474005301,32.78860694787427
DEMO-E06-5Q-0006,49.53099058859692,28.061489160027026
DEMO-E06-5Q-0006,49.559746437140824,23.70162926087309
DEMO-E06-5Q-0006,49.58850228568473,19.724983025687383
DEMO-E06-5Q-0006,49.61725813422864,16.145961118012657
DEMO-E06-5Q-0006,49.64601398277255,12.977378397212966
DEMO-E06-5Q-0006,49.67476983131646,10.23041165324484
DEMO-E06-5Q-0006,49.70352567986037,7.9145658655466145
DEMO-E06-5Q-0006,49.73228152840428,6.037649009512219
DEMO-E06-5Q-0006,49.76103737694818,4.6057553628856995
DEMO-E06-5Q-0006,49.78979322549209,3.6232571961654836
DEMO-E06-5Q-0006,49.818549074036,3.092804667008507
DEMO-E06-5Q-0006,49.84730492257991,3.0153336791427194
DEMO-E06-5Q-0006,49.87606077112382,3.3900814122033807
DEMO-E06-5Q-0006,49.90481661966773,4.214609180727776
DEMO-E06-5Q-0006,49.93357246821163,5.484832238589469
DEMO-E06-5Q-0006,49.96232831675554,7.195056109785848
DEMO-E06-5Q-0006,49.99108416529945,9.33801899775488
DEMO-E06-5Q-0006,50.01984001384336,11.904939803385505
DEMO-E06-5Q-0006,50.048595862387266,14.885571266440532
DEMO-E06-5Q-0006,50.077351710931175,18.268257736062925
DEMO-E06-5Q-0006,50.10610755947508,22.039997073078915
DEMO-E06-5Q-0006,50.13486340801899,26.186506189577564
DEMO-E06-5Q-0006,50.163619256562896,30.69228973930115
DEMO-E06-5Q-0006,50.192375105106805,35.54071148515858
DEMO-E06-5Q-0006,50.221130953650714,40.71406788731413
DEMO-E06-5Q-0006,50.249886802194624,46.193663476003415
DEMO-E06-5Q-0006,50.27864265073853,51.95988759711911
DEMO-E06-5Q-0006,50.307398499282435,57.992292145030845
DEMO-E06-5Q-0006,50.336154347826344,64.26966992540434
DEMO-E06-5Q-0006,50.36491019637025,70.7701333205923
DEMO-E06-5Q-0006,50.39366604491416,77.47119296080369
DEMO-E06-5Q-0006,50.42242189345807,84.34983613522371
DEMO-E06-5Q-0006,50.45117774200198,91.3826047081348
DEMO-E06-5Q-0006,50.47993359054588,98.54567233552055
DEMO-E06-5Q-0006,50.50868943908979,105.81492080699012
DEMO-E06-5Q-0006,50.5374452876337,113.16601536608503
DEMO-E06-5Q-0006,50.56620113617761,120.57447888853878
DEMO-E06-5Q-0006,50.59495698472152,128.0157648229322
DEMO-E06-5Q-0006,50.62371283326543,135.46532882070267
DEMO-E06-5Q-0006,50.65246868180934,142.89869900294346
DEMO-E06-5Q-0006,50.68122453035324,150.29154482951748
DEMO-E06-5Q-0006,50.70998037889715,157.61974455131303
DEMO-E06-5Q-0006,50.73873622744106,164.85945123950592
DEMO-E06-5Q-0006,50.76749207598497,171.98715739576016
DEMO-E06-5Q-0006,50.79624792452888,178.97975815501576
DEMO-E06-5Q-0006,50.82500377307279,185.81461309700242
DEMO-E06-5Q-0006,50.85375962161669,192.46960668519148
DEMO-E06-5Q-0006,50.8825154701606,198.92320735106833
DEMO-E06-5Q-0006,50.91127131870451,205.15452523878162
DEMO-E06-5Q-0006,50.94002716724842,211.143368619697
DEMO-E06-5Q-0006,50.968783015792326,216.87029897851235
DEMO-E06-5Q-0006,50.997538864336235,222.31668476253984
DEMO-E06-5Q-0006,51.02629471288014,227.46475377361526
DEMO-E06-5Q-0006,51.055050561424046,232.29764416814652
DEMO-E06-5Q-0006,51.083806409967956,236.79945401494587
DEMO-E06-5Q-0006,51.112562258511865,240.9552893434835
DEMO-E06-5Q-0006,51.141318107055774,244.75131059665654
DEMO-E06-5Q-0006,51.17007395559968,248.17477738298197
DEMO-E06-5Q-0006,51.19882980414359,251.21409140289705
DEMO-E06-5Q-0006,51.227585652687495,253.85883740385705
DEMO-E06-5Q-0006,51.256341501231404,256.0998219982433
DEMO-E06-5Q-0006,51.28509734977531,257.9291101585648
DEMO-E06-5Q-0006,51.31385319831922,259.3400591849356
DEMO-E06-5Q-0006,51.34260904686313,260.3273499221517
DEMO-E06-5Q-0006,51.37136489540704,260.88701498705035
DEMO-E06-5Q-0006,51.40012074395094,261.0164637526708
DEMO-E06-5Q-0006,51.42887659249485,260.7145038235829
DEMO-E06-5Q-0006,51.45763244103876,259.9813587279307
DEMO-E06-5Q-0006,51.48638828958267,258.8186815456041
DEMO-E06-5Q-0006,51.51514413812658,257.2295641900348
DEMO-E06-5Q-0006,51.54389998667049,255.21854206279875
DEMO-E06-5Q-0006,51.57265583521439,252.79159380632848
DEMO-E06-5Q-0006,51.6014116837583,249.95613589092554
DEMO-E06-5Q-0006,51.63016753230221,246.72101178765084
DEMO-E06-5Q-0006,51.65892338084612,243.09647549926885
DEMO-E06-5Q-0006,51.68767922939003,239.0941692468868
DEMO-E06-5Q-0006,51.71643507793394,234.72709514057874
DEMO-E06-5Q-0006,51.74519092647785,230.00958069752963
DEMO-E06-5Q-0006,51.77394677502175,224.95723811164535
DEMO-E06-5Q-0006,51.80270262356566,219.5869172228907
DEMO-E06-5Q-0006,51.83145847210957,213.9166521833705
DEMO-E06-5Q-0006,51.860214320653476,207.9656018692105
DEMO-E06-5Q-0006,51.888970169197385,201.75398414220052
DEMO-E06-5Q-0006,51.917726017741295,195.30300412261025
DEMO-E06-5Q-0006,51.9464818662852,188.6347766930475
DEMO-E06-5Q-0006,51.975237714829106,181.7722435127746
DEMO-E06-5Q-0006,52.003993563373015,174.73908488083688
DEMO-E06-5Q-0006,52.032749411916924,167.55962684433482
DEMO-E06-5Q-0006,52.061505260460834,160.2587440037762
DEMO-E06-5Q-0006,52.09026110900474,152.86175852028083
DEMO-E06-5Q-0006,52.119016957548645,145.39433587779018
DEMO-E06-5Q-0006,52.147772806092554,137.88237799733665
DEMO-E06-5Q-0006,52.17652865463646,130.3519143382269
DEMO-E06-5Q-0006,52.20528450318037,122.8289916524052
DEMO-E06-5Q-0006,52.23404035172428,115.33956308273159
DEMO-E06-5Q-0006,52.26279620026819,107.90937731232805
DEMO-E06-5Q-0006,52.2915520488121,100.56386848076858
DEMO-E06-5Q-0006,52.320307897356,93.32804758329831
DEMO-E06-5Q-0006,52.34906374589991,86.22639606080067
DEMO-E06-5Q-0006,52.37781959444382,79.2827622720353
DEMO-E06-5Q-0006,52.40657544298773,72.5202615148703
DEMO-E06-5Q-0006,52.43533129153164,65.96118023086851
DEMO-E06-5Q-0006,52.46408714007555,59.62688498795139
DEMO-E06-5Q-0006,52.49284298861945,53.537736789664855
DEMO-E06-5Q-0006,52.52159883716336,47.713011207303296
DEMO-E06-5Q-0006,52.55035468570727,42.17082477425301
DEMO-E06-5Q-0006,52.57911053425118,36.9280680205823
DEMO-E06-5Q-0006,52.60786638279509,32.000345461668694
DEMO-E06-5Q-0006,52.636622231339,27.40192278850549
DEMO-E06-5Q-0006,52.665378079882906,23.145681439807603
DEMO-E06-5Q-0006,52.69413392842681,19.24308066888113
DEMO-E06-5Q-0006,52.72288977697072,15.704127151818373
DEMO-E06-5Q-0006,52.75164562551463,12.537352119237964
DEMO-E06-5Q-0006,52.780401474058536,9.749795932090974
DEMO-E06-5Q-0006,52.809157322602445,7.346999964154298
DEMO-E06-5Q-0006,52.837913171146354,5.333005599868509
DEMO-E06-5Q-0006,52.86666901969026,3.710360107344474
DEMO-E06-5Q-0006,52.895424868234166,2.480129102564827
DEMO-E06-5Q-0006,52.924180716778075,1.6419152827721306
DEMO-E06-5Q-0006,52.952936565321984,1.1938830747878009
DEMO-E06-5Q-0006,52.98169241386589,1.1327888177462673
DEMO-E06-5Q-0006,53.0104482624098,1.4540160794235513
DEMO-E06-5Q-0006,53.039204110953705,2.1516156909282698
DEMO-E06-5Q-0006,53.067959959497614,3.218350075782074
DEMO-E06-5Q-0006,53.09671580804152,4.645741446121271
DEMO-E06-5Q-0006,53.12547165658543,6.424123440517456
DEMO-E06-5Q-0006,53.15422750512934,8.542695784417285
DEMO-E06-5Q-0006,53.18298335367325,10.989581564873188
DEMO-E06-5Q-0006,53.21173920221716,13.751886725791035
DEMO-E06-5Q-0006,53.24049505076106,16.81576140764824
DEMO-E06-5Q-0006,53.26925089930497,20.166462776192606
DEMO-E06-5Q-0006,53.29800674784888,23.788419007399593
DEMO-E06-5Q-0006,53.32676259639279,27.665294120513266
DEMO-E06-5Q-0006,53.3555184449367,31.780053376741797
DEMO-E06-5Q-0006,53.38427429348061,36.115028987733155
DEMO-E06-5Q-0006,53.41303014202451,40.65198590485009
DEMO-E06-5Q-0006,53.44178599056842,45.3721874869658
DEMO-E06-5Q-0006,53.47054183911233,50.25646087091581
DEMO-E06-5Q-0006,53.49929768765624,55.28526189409235
DEMO-E06-5Q-0006,53.52805353620015,60.438739443030556
DEMO-E06-5Q-0006,53.55680938474406,65.69679912482397
DEMO-E06-5Q-0006,53.58556523328796,71.03916617925906
DEMO-E06-5Q-0006,53.61432108183187,76.44544756912484
DEMO-E06-5Q-0006,53.64307693037578,81.89519320330162
DEMO-E06-5Q-0006,53.671832778919686,87.36795626253087
DEMO-E06-5Q-0006,53.700588627463596,92.84335261045194
DEMO-E06-5Q-0006,53.729344476007505,98.3011192831468
DEMO-E06-5Q-0006,53.758100324551414,103.72117205824674
DEMO-E06-5Q-0006,53.786856173095316,109.08366211051522
DEMO-E06-5Q-0006,53.815612021639225,114.36903176377083
DEMO-E06-5Q-0006,53.844367870183135,119.55806934973997
DEMO-E06-5Q-0006,53.873123718727044,124.63196318288544
DEMO-E06-5Q-0006,53.90187956727095,129.57235465605658
DEMO-E06-5Q-0006,53.93063541581486,134.36139045571736
DEMO-E06-5Q-0006,53.959391264358764,138.98177388705741
DEMO-E06-5Q-0006,53.98814711290267,143.41681528890535
DEMO-E06-5Q-0006,54.01690296144658,147.65048150622027
DEMO-E06-5Q-0006,54.04565880999049,151.6674443739214
DEMO-E06-5Q-0006,54.0744146585344,155.4531281505404
DEMO-E06-5Q-0006,54.10317050707831,158.9937558234447
DEMO-E06-5Q-0006,54.13192635562221,162.2763941897921
DEMO-E06-5Q-0006,54.16068220416612,165.288997598871
DEMO-E06-5Q-0006,54.18943805271003,168.02045022263002
DEMO-E06-5Q-0006,54.21819390125394,170.46060670215084
DEMO-E06-5Q-0006,54.24694974979785,172.60033099885771
DEMO-E06-5Q-0006,54.27570559834176,174.43153326099494
DEMO-E06-5Q-0006,54.30446144688567,175.9472044982648
DEMO-E06-5Q-0006,54.33321729542957,177.14144884143084
DEMO-E06-5Q-0006,54.36197314397348,178.0095131490276
DEMO-E06-5Q-0006,54.39072899251739,178.54781371080398
DEMO-E06-5Q-0006,54.4194848410613,178.7539597874603
DEMO-E06-5Q-0006,54.44824068960521,178.62677371888637
DEMO-E06-5Q-0006,54.476996538149116,178.16630732912182
DEMO-E06-5Q-0006,54.50575238669302,177.3738543556439
DEMO-E06-5Q-0006,54.53450823523693,176.25195863385994
DEMO-E06-5Q-0006,54.56326408378084,174.80441777520778
DEMO-E06-5Q-0006,54.592019932324746,173.0362820889247
DEMO-E06-5Q-0006,54.620775780868655,170.95384851393052
DEMO-E06-5Q-0006,54.649531629412564,168.564649348108
DEMO-E06-5Q-0006,54.67828747795647,165.87743558789083
DEMO-E06-5Q-0006,54.707043326500376,162.90215472117495
DEMO-E06-5Q-0006,54.735799175044285,159.64992285117577
DEMO-E06-5Q-0006,54.764555023588194,156.13299106768147
DEMO-E06-5Q-0006,54.7933108721321,152.36470602485758
DEMO-E06-5Q-0006,54.82206672067601,148.3594647309994
DEMO-E06-5Q-0006,54.85082256921992,144.13266360466204
DEMO-E06-5Q-0006,54.879578417763824,139.70064190327363
DEMO-E06-5Q-0006,54.90833426630773,135.08061968345885
DEMO-E06-5Q-0006,54.93709011485164,130.29063050657305
DEMO-E06-5Q-0006,54.96584596339555,125.34944915716687
DEMO-E06-5Q-0006,54.99460181193946,120.27651469590253
DEMO-E06-5Q-0006,55.02335766048337,115.09184922046532
DEMO-E06-5Q-0006,55.05211350902727,109.81597275770358
DEMO-E06-5Q-0006,55.08086935757118,104.46981475664172
DEMO-E06-5Q-0006,55.10962520611509,99.07462269425966
DEMO-E06-5Q-0006,55.138381054659,93.65186834333353
DEMO-E06-5Q-0006,55.16713690320291,88.2231522832934
DEMO-E06-5Q-0006,55.19589275174682,82.81010726070916
DEMO-E06-5Q-0006,55.22464860029073,77.4343010245457
DEMO-E06-5Q-0006,55.25340444883463,72.11713927318557
DEMO-E06-5Q-0006,55.28216029737854,66.87976935405959
DEMO-E06-5Q-0006,55.31091614592245,61.74298535363168
DEMO-E06-5Q-0006,55.33967199446636,56.727135204218456
DEMO-E06-5Q-0006,55.36842784301027,51.85203041594686
DEMO-E06-5Q-0006,55.397183691554176,47.13685901648956
DEMO-E06-5Q-0006,55.42593954009808,42.60010224914356
DEMO-E06-5Q-0006,55.45469538864199,38.259455541330276
DEMO-E06-5Q-0006,55.483451237185896,34.131754211703765
DEMO-E06-5Q-0006,55.512207085729806,30.232904335570083
DEMO-E06-5Q-0006,55.540962934273715,26.577819135477178
DEMO-E06-5Q-0006,55.569718782817624,23.180361208418528
DEMO-E06-5Q-0006,55.598474631361526,20.053290843084657
DEMO-E06-5Q-0006,55.627230479905435,17.208220621674844
DEMO-E06-5Q-0006,55.655986328449345,14.65557644135221
DEMO-E06-5Q-0006,55.684742176993254,12.404565031605538
DEMO-E06-5Q-0006,55.71349802553716,10.463147986442006
DEMO-E06-5Q-0006,55.74225387408107,8.838022275173401
DEMO-E06-5Q-0006,55.77100972262498,7.5346071432259345
DEMO-E06-5Q-0006,55.799765571168884,6.557037265788558
DEMO-E06-5Q-0006,55.82852141971279,5.908161972387065
DEMO-E06-5Q-0006,55.8572772682567,5.589550320413474
DEMO-E06-5Q-0006,55.88603311680061,5.6015017603015105
DEMO-E06-5Q-0006,55.91478896534452,5.943062104839056
DEMO-E06-5Q-0006,55.94354481388843,6.612044490058451
DEMO-E06-5Q-0006,55.97230066243233,7.605054995349391
DEMO-E06-5Q-0006,56.00105651097624,8.917522575771022
DEMO-E06-5Q-0006,56.02981235952015,10.54373294991115
DEMO-E06-5Q-0006,56.05856820806406,12.476866081828327
DEMO-E06-5Q-0006,56.08732405660797,14.70903689528913
DEMO-E06-5Q-0006,56.11607990515188,17.23133886243492
DEMO-E06-5Q-0006,56.14483575369578,20.0338901166982
DEMO-E06-5Q-0006,56.17359160223969,23.105881750967406
DEMO-E06-5Q-0006,56.2023474507836,26.43562797611009
DEMO-E06-5Q-0006,56.23110329932751,30.01061783165777
DEMO-E06-5Q-0006,56.25985914787142,33.81756815927292
DEMO-E06-5Q-0006,56.288614996415326,37.84247757008074
DEMO-E06-5Q-0006,56.317370844959235,42.07068115872923
DEMO-E06-5Q-0006,56.34612669350314,46.48690573952924
DEMO-E06-5Q-0006,56.37488254204705,51.075325403172535
DEMO-E06-5Q-0006,56.403638390590956,55.81961721550138
DEMO-E06-5Q-0006,56.432394239134865,60.70301690278541
DEMO-E06-5Q-0006,56.461150087678774,65.70837439010042
DEMO-E06-5Q-0006,56.489905936222684,70.81820908104629
DEMO-E06-5Q-0006,56.518661784766586,76.01476478713491
DEMO-E06-5Q-0006,56.547417633310495,81.2800642344117
DEMO-E06-5Q-0006,56.576173481854404,86.59596309225859
DEMO-E06-5Q-0006,56.60492933039831,91.94420348511062
DEMO-E06-5Q-0006,56.63368517894222,97.30646696195082
DEMO-E06-5Q-0006,56.66244102748613,102.6644269102547
DEMO-E06-5Q-0006,56.691196876030034,107.99980041125775
DEMO-E06-5Q-0006,56.71995272457394,113.2943995411462
DEMO-E06-5Q-0006,56.74870857311785,118.53018212857042
DEMO-E06-5Q-0006,56.77746442166176,123.6893019822863
DEMO-E06-5Q-0006,56.80622027020567,128.75415860407873
DEMO-E06-5Q-0006,56.83497611874958,133.70744640123888
DEMO-E06-5Q-0006,56.86373196729349,138.5322034095611
DEMO-E06-5Q-0006,56.89248781583739,143.21185953280605
DEMO-E06-5Q-0006,56.9212436643813,147.73028429708017
DEMO-E06-5Q-0006,56.94999951292521,152.0718341092264
DEMO-E06-5Q-0006,56.97875536146912,156.22139899724735
DEMO-E06-5Q-0006,57.00751121001303,160.1644487975453
DEMO-E06-5Q-0006,57.03626705855694,163.8870787393923
DEMO-E06-5Q-0006,57.06502290710084,167.37605436075683
DEMO-E06-5Q-0006,57.09377875564475,170.61885567254473
DEMO-E06-5Q-0006,57.12253460418866,173.6037204698087
DEMO-E06-5Q-0006,57.15129045273257,176.31968666959014
DEMO-E06-5Q-0006,57.18004630127648,178.7566335353978
DEMO-E06-5Q-0006,57.208802149820386,180.90532162876
DEMO-E06-5Q-0006,57.237557998364295,182.75743130859678
DEMO-E06-5Q-0006,57.2663138469082,184.30559958036818
DEMO-E06-5Q-0006,57.295069695452106,185.54345507861373
DEMO-E06-5Q-0006,57.323825543996016,186.4656509498604
DEMO-E06-5Q-0006,57.352581392539925,187.06789538760654
DEMO-E06-5Q-0006,57.381337241083834,187.3469795581236
DEMO-E06-5Q-0006,57.41009308962774,187.30080264526904
DEMO-E06-5Q-0006,57.438848938171645,186.92839373481038
DEMO-E06-5Q-0006,57.467604786715555,186.22993025447911
DEMO-E06-5Q-0006,57.496360635259464,185.20675268519423
DEMO-E06-5Q-0006,57.52511648380337,183.86137526221364
DEMO-E06-5Q-0006,57.55387233234728,182.1974923923928
DEMO-E06-5Q-0006,57.58262818089119,180.21998052583245
DEMO-E06-5Q-0006,57.611384029435094,177.93489523657024
DEMO-E06-5Q-0006,57.640139877979,175.3494632886504
DEMO-E06-5Q-0006,57.66889572652291,172.4720694896379
DEMO-E06-5Q-0006,57.69765157506682,169.3122381646173
DEMO-E06-5Q-0006,57.72640742361073,165.88060911890395
DEMO-E06-5Q-0006,57.75516327215464,162.1889079970961
DEMO-E06-5Q-0006,57.78391912069855,158.24991098958952
DEMO-E06-5Q-0006,57.81267496924245,154.07740388437102
DEMO-E06-5Q-0006,57.84143081778636,149.68613551157446
DEMO-E06-5Q-0006,57.87018666633027,145.0917656802359
DEMO-E06-5Q-0006,57.89894251487418,140.31080776003236
DEMO-E06-5Q-0006,57.92769836341809,135.36056611502156
DEMO-E06-5Q-0006,57.956454211962,130.25906865052806
DEMO-E06-5Q-0006,57.9852100605059,125.02499478735913
DEMO-E06-5Q-0006,58.01396590904981,119.67759922896032
DEMO-E06-5Q-0006,58.04272175759372,114.23663193571724
DEMO-E06-5Q-0006,58.07147760613763,108.72225476553156
DEMO-E06-5Q-0006,58.100233454681536,103.15495528057346
DEMO-E06-5Q-0006,58.128989303225445,97.55545825547811
DEMO-E06-5Q-0006,58.15774515176935,91.94463545191815
DEMO-E06-5Q-0006,58.18650100031326,86.34341424777178
DEMO-E06-5Q-0006,58.215256848857166,80.77268572537858
DEMO-E06-5Q-0006,58.244012697401075,75.25321283251395
DEMO-E06-5Q-0006,58.272768545944984,69.80553923158003
DEMO-E06-5Q-0006,58.301524394488894,64.449899446554
DEMO-E06-5Q-0006,58.3302802430328,59.20613090428132
DEMO-E06-5Q-0006,58.359036091576705,54.093588446297424
DEMO-E06-5Q-0006,58.387791940120614,49.13106186030543
DEMO-E06-5Q-0006,58.41654778866452,44.33669694701992
DEMO-E06-5Q-0006,58.44530363720843,39.72792059891855
DEMO-E06-5Q-0006,58.47405948575234,35.32137032341534
DEMO-E06-5Q-0006,58.50281533429625,31.132828594479097
DEMO-E06-5Q-0006,58.53157118284015,27.177162365117546
DEMO-E06-5Q-0006,58.56032703138406,23.46826801881032
DEMO-E06-5Q-0006,58.58908287992797,20.019021982262796
DEMO-E06-5Q-0006,58.61783872847188,16.841237165280877
DEMO-E06-5Q-0006,58.64659457701579,13.945625337305593
DEMO-E06-5Q-0006,58.6753504255597,11.341765494930439
DEMO-E06-5Q-0006,58.7041062741036,9.038078221313743
DEMO-E06-5Q-0006,58.73286212264751,7.04180598752739
DEMO-E06-5Q-0006,58.76161797119142,5.3589992983243535
DEMO-E06-5Q-0006,58.79037381973533,3.9945085408175722
DEMO-E06-5Q-0006,58.81912966827924,2.9519813549525984
DEMO-E06-5Q-0006,58.84788551682315,2.233865309427311
DEMO-E06-5Q-0006,58.87664136536706,1.8414156363717924
DEMO-E06-5Q-0006,58.90539721391096,1.7747077526696395
DEMO-E06-5Q-0006,58.93415306245487,2.032654275315766
DEMO-E06-5Q-0006,58.96290891099878,2.613026222729177
DEMO-E06-5Q-0006,58.99166475954269,3.5124780832324474
DEMO-E06-5Q-0006,59.020420608086596,4.726576425865403
DEMO-E06-5Q-0006,59.049176456630505,6.249831727019362
DEMO-E06-5Q-0006,59.07793230517441,8.075733088739753
DEMO-E06-5Q-0006,59.106688153718316,10.196785530683783
DEMO-E06-5Q-0006,59.135444002262226,12.60454954705824
DEMO-E06-5Q-0006,59.164199850806135,15.289682632277703
DEMO-E06-5Q-0006,59.192955699350044,18.241982493871404
DEMO-E06-5Q-0006,59.22171154789395,21.450431688054852
DEMO-E06-5Q-0006,59.250467396437855,24.90324343200619
DEMO-E06-5Q-0006,59.279223244981765,28.58790836668354
DEMO-E06-5Q-0006,59.307979093525674,32.49124206459073
DEMO-E06-5Q-0006,59.33673494206958,36.59943309825085
DEMO-E06-5Q-0006,59.36549079061349,40.89809150623579
DEMO-E06-5Q-0006,59.3942466391574,45.372297514797694
DEMO-E06-5Q-0006,59.42300248770131,50.00665039382194
DEMO-E06-5Q-0006,59.45175833624521,54.785317345594336
DEMO-E06-5Q-0006,59.48051418478912,59.69208234386685
DEMO-E06-5Q-0006,59.50927003333303,64.71039485846106
DEMO-E06-5Q-0006,59.53802588187694,69.82341841692782
DEMO-E06-5Q-0006,59.56678173042085,75.01407896971834
DEMO-E06-5Q-0006,59.59553757896476,80.26511303852841
DEMO-E06-5Q-0006,59.62429342750866,85.55911563886544
DEMO-E06-5Q-0006,59.65304927605257,90.87858797765004
DEMO-E06-5Q-0006,59.68180512459648,96.20598493420624
DEMO-E06-5Q-0006,59.71056097314039,101.52376233890051
DEMO-E06-5Q-0006,59.7393168216843,106.81442406732936
DEMO-E06-5Q-0006,59.76807267022821,112.06056896980459
DEMO-E06-5Q-0006,59.79682851877212,117.24493765543181
DEMO-E06-5Q-0006,59.82558436731602,122.35045914798717
DEMO-E06-5Q-0006,59.85434021585993,127.36029742626596
DEMO-E06-5Q-0006,59.88309606440384,132.25789785541474
DEMO-E06-5Q-0006,59.911851912947746,137.02703350762448
DEMO-E06-5Q-0006,59.940607761491655,141.65185136030934
DEMO-E06-5Q-0006,59.969363610035565,146.1169183483702
DEMO-E06-5Q-0006,59.99811945857947,150.40726723341254
DEMO-E06-5Q-0006,60.026875307123376,154.50844223805578
DEMO-E06-5Q-0006,60.055631155667285,158.40654437688272
DEMO-E06-5Q-0006,60.084387004211194,162.08827639815723
DEMO-E06-5Q-0006,60.113142852755104,165.54098723187275
DEMO-E06-5Q-0006,60.14189870129901,168.7527158202952
DEMO-E06-5Q-0006,60.170654549842915,171.71223418741022
DEMO-E06-5Q-0006,60.199410398386824,174.40908958364608
DEMO-E06-5Q-0006,60.22816624693073,176.83364552226698
DEMO-E06-5Q-0006,60.25692209547464,178.97712150436723
DEMO-E06-5Q-0006,60.28567794401855,180.83163121078204
DEMO-E06-5Q-0006,60.31443379256246,182.3902189216539
DEMO-E06-5Q-0006,60.34318964110637,183.64689390860244
DEMO-E06-5Q-0006,60.37194548965027,184.59666253058606
DEMO-E06-5Q-0006,60.40070133819418,185.23555775312204
DEMO-E06-5Q-0006,60.42945718673809,185.560665801931
DEMO-E06-5Q-0006,60.458213035282,185.57014965684218
DEMO-E06-5Q-0006,60.48696888382591,185.26326908993207
DEMO-E06-5Q-0006,60.51572473236982,184.64039695431634
DEMO-E06-5Q-0006,60.54448058091372,183.70303143631625
DEMO-E06-5Q-0006,60.57323642945763,182.45380399500388
DEMO-E06-5Q-0006,60.60199227800154,180.89648272854063
DEMO-E06-5Q-0006,60.63074812654545,179.0359709274981
DEMO-E06-5Q-0006,60.65950397508936,176.8783006005051
DEMO-E06-5Q-0006,60.68825982363327,174.43062078773124
DEMO-E06-5Q-0006,60.71701567217717,171.7011805123119
DEMO-E06-5Q-0006,60.74577152072108,168.69930625889629
DEMO-E06-5Q-0006,60.77452736926499,165.43537391141365
DEMO-E06-5Q-0006,60.8032832178089,161.92077512857057
DEMO-E06-5Q-0006,60.832039066352806,158.1678781851113
DEMO-E06-5Q-0006,60.860794914896715,154.18998335841948
DEMO-E06-5Q-0006,60.889550763440624,150.00127299338942
DEMO-E06-5Q-0006,60.91830661198453,145.6167564324084
DEMO-E06-5Q-0006,60.947062460528436,141.05221005126458
DEMO-E06-5Q-0006,60.975818309072345,136.32411269470177
DEMO-E06-5Q-0006,61.004574157616254,131.4495768563948
DEMO-E06-5Q-0006,61.03333000616016,126.44627599637684
DEMO-E06-5Q-0006,61.06208585470407,121.33236843363716
DEMO-E06-5Q-0006,61.090841703247975,116.12641829170984
DEMO-E06-5Q-0006,61.119597551791884,110.84731401007555
DEMO-E06-5Q-0006,61.14835340033579,105.5141849632463
DEMO-E06-5Q-0006,61.1771092488797,100.14631675196829
DEMO-E06-5Q-0006,61.20586509742361,94.76306574675017
DEMO-E06-5Q-0006,61.23462094596752,89.38377347250423
DEMO-E06-5Q-0006,61.26337679451142,84.0276814240786
DEMO-E06-5Q-0006,61.29213264305533,78.71384689645537
DEMO-E06-5Q-0006,61.32088849159924,73.46106039973024
DEMO-E06-5Q-0006,61.34964434014315,68.28776520858983
DEMO-E06-5Q-0006,61.37840018868706,63.21197956891341
DEMO-E06-5Q-0006,61.40715603723097,58.25122205091623
DEMO-E06-5Q-0006,61.43591188577488,53.4224404996732
DEMO-E06-5Q-0006,61.46466773431878,48.741944990592174
DEMO-E06-5Q-0006,61.49342358286269,44.22534514998908
DEMO-E06-5Q-0006,61.5221794314066,39.88749215086032
DEMO-E06-5Q-0006,61.55093527995051,35.74242564115933
DEMO-E06-5Q-0006,61.57969112849442,31.80332580835413
DEMO-E06-5Q-0006,61.60844697703833,28.082470729731256
DEMO-E06-5Q-0006,61.63720282558223,24.59119910419463
DEMO-E06-5Q-0006,61.66595867412614,21.339878408917425
DEMO-E06-5Q-0006,61.69471452267005,18.337878473781508
DEMO-E06-5Q-0006,61.723470371213956,15.593550418753917
DEMO-E06-5Q-0006,61.752226219757866,13.114210855007698
DEMO-E06-5Q-0006,61.780982068301775,10.90613120990429
DEMO-E06-5Q-0006,61.809737916845684,8.974531999544837
DEMO-E06-5Q-0006,61.838493765389586,7.323581840612662
DEMO-E06-5Q-0006,61.867249613933495,5.956400965993385
DEMO-E06-5Q-0006,61.896005462477405,4.87506898619522
DEMO-E06-5Q-0006,61.924761311021314,4.080636620962615
DEMO-E06-5Q-0006,61.95351715956522,3.5731411125701222
DEMO-E06-5Q-0006,61.98227300810913,3.3516250240321974
DEMO-E06-5Q-0006,62.011028856653034,3.4141581215495145
DEMO-E06-5Q-0006,62.03978470519694,3.757862040790606
DEMO-E06-5Q-0006,62.06854055374085,4.378937440638704
DEMO-E06-5Q-0006,62.09729640228476,5.27269335557846
DEMO-E06-5Q-0006,62.12605225082867,6.433578468503241
DEMO-E06-5Q-0006,62.15480809937258,7.855214039010911
DEMO-E06-5Q-0006,62.18356394791648,9.530428237848833
DEMO-E06-5Q-0006,62.21231979646039,11.4512916556274
DEMO-E06-5Q-0006,62.2410756450043,13.609153772839315
DEMO-E06-5Q-0006,62.26983149354821,15.994680198248886
DEMO-E06-5Q-0006,62.29858734209212,18.5978905034493
DEMO-E06-5Q-0006,62.32734319063603,21.4081965024328
DEMO-E06-5Q-0006,62.35609903917994,24.414440846188896
DEMO-E06-5Q-0006,62.38485488772384,27.604935823092468
DEMO-E06-5Q-0006,62.41361073626775,30.96750227619115
DEMO-E06-5Q-0006,62.44236658481166,34.48950856790068
DEMO-E06-5Q-0006,62.47112243335557,38.15790954108395
DEMO-E06-5Q-0006,62.49987828189948,41.95928544261612
DEMO-E06-5Q-0006,62.528634130443386,45.87988079140933
DEMO-E06-5Q-0006,62.55738997898729,49.90564318698271
DEMO-E06-5Q-0006,62.5861458275312,54.022262067299984
DEMO-E06-5Q-0006,62.61490167607511,58.21520743528766
DEMO-E06-5Q-0006,62.643657524619016,62.46976858232918
DEMO-E06-5Q-0006,62.672413373162925,66.77109284401722
DEMO-E06-5Q-0006,62.701169221706834,71.10422442830304
DEMO-E06-5Q-0006,62.72992507025074,75.45414335914224
DEMO-E06-5Q-0006,62.758680918794646,79.80580457964182
DEMO-E06-5Q-0006,62.787436767338555,84.14417725739132
