     3.04           OBSERVATION DATA    M                   RINEX VERSION / TYPE
GNSS_ToolBox        RTGS                20260322 123302 UTC PGM / RUN BY / DATE
BUAA                                                        MARKER NAME
0                                                           MARKER NUMBER
Automatic           RTGS                                    OBSERVER / AGENCY
00                  Generic                                 REC # / TYPE / VERS
                    UNKNOWN                                 ANT # / TYPE
 -2171604.2508  4385718.4908  4076741.1782                  APPROX POSITION XYZ
        0.0000        0.0000        0.0000                  ANTENNA: DELTA H/E/N
C   16 C1P L1P D1P S1P C2I L2I D2I S2I C6I L6I D6I S6I C7D  SYS / # / OBS TYPES
       L7D D7D S7D                                          SYS / # / OBS TYPES
E   16 C1C L1C D1C S1C C5Q L5Q D5Q S5Q C6C L6C D6C S6C C7Q  SYS / # / OBS TYPES
       L7Q D7Q S7Q                                          SYS / # / OBS TYPES
G   12 C1C L1C D1C S1C C2W L2W D2W S2W C5Q L5Q D5Q S5Q      SYS / # / OBS TYPES
R    8 C1C L1C D1C S1C C2C L2C D2C S2C                      SYS / # / OBS TYPES
DBHZ                                                        SIGNAL STRENGTH UNIT
     1.000                                                  INTERVAL
  2026    03    22    12    33   00.0000000     GPS         TIME OF FIRST OBS
  2026    03    22    12    33   00.0000000     GPS         TIME OF LAST OBS
                                                            END OF HEADER
> 2026 03 22 12 33  0.0000000  0 50                     
C01                                                                  38229345.530   199070241.76307        -5.207          42.438    38229345.180   161760904.35807        -4.231          41.812                                                                  
C02                                                                  37937195.519   197549004.61806       -98.938          38.688    37937195.205   160524796.91706       -80.395          40.938                                                                  
C03                                                                  37179344.344   193602600.00507       -15.622          43.062    37179341.846   157318033.80207       -12.694          43.188                                                                  
C04                                                                  38981246.053   202985588.76006         5.207          38.812    38981242.941   164942464.70906         4.231          40.750                                                                  
C05                                                                  40158455.637   209115665.59505       -67.695          34.875    40158460.025   169923675.24406       -55.007          39.062                                                                  
C07                                                                  38750584.177   201784432.26906      1671.531          36.250    38750582.934   163966406.16907      1358.256          41.500                                                                  
C08                                                                  36682079.124   191013287.08407       -46.865          42.000    36682072.081   155213956.27207       -38.082          45.125                                                                  
C10                                                                  38266323.083   199262777.88006      1609.044          37.500    38266317.618   161917327.50207      1307.480          41.438                                                                  
C13                                                                  37081885.056   193095200.33907      -135.389          44.312    37081885.180   156905683.51907      -110.015          45.250                                                                  
C14                                                                  22870300.783   119091954.99107      1843.371          45.938    22870295.897    96772327.28508      1497.890          50.250                                                                  
C24  26193838.765   137649580.32306     -2322.726          35.562    26193837.013   136398220.47906     -2301.610          35.688    26193838.669   110834735.85707     -1870.247          41.375                                                                  
C26                                                                  26340900.687   137158619.10404      -827.955          23.188                                                                                                                                  
C27  23474349.298   123358594.83807     -1876.048          41.812    23474350.263   122237152.13207     -1858.993          44.188    23474350.592    99327708.52807     -1510.584          46.000                                                                  
C28  21957928.723   115389831.32207       588.564          45.312    21957936.176   114340833.51208       583.213          49.000    21957933.185    92911315.71908       473.909          49.750                                                                  
C33  22023608.762   115735056.99408       614.839          47.500    22023609.994   114682921.67108       609.250          49.312    22023620.518    93189313.22408       495.065          50.438                                                                  
C38  36193463.245   190198368.59807        36.785          44.875    36193465.231   188469296.09807        36.451          46.938    36193460.564   153146829.58008        29.619          49.062                                                                  
C39  40281822.843   211682766.85206     -1849.773          35.250    40281828.441   209758290.75106     -1832.957          39.688    40281830.943   170445935.18207     -1489.427          42.375                                                                  
C40  39354776.306   206810720.64906      1902.323          39.250    39354767.075   204930591.69106      1885.029          36.062    39354774.573   166522886.80207      1531.741          43.812                                                                  
C41  23463481.747   123301683.21407     -1760.437          44.125    23463481.393   122180770.76207     -1744.433          44.000    23463487.735    99281936.17008     -1417.495          49.562                                                                  
C42  25046177.982   131619111.05907      2601.243          41.562    25046183.081   130422658.31807      2577.595          44.750    25046188.431   105979220.64807      2094.507          46.875                                                                  
C43  24369788.058   128064188.98206      3237.102          39.812    24369789.884   126899948.51407      3207.674          42.938    24369787.453   103116620.65807      2606.498          43.750                                                                  
C59                                                                  37781818.624   196739848.27807       -52.073          43.938    37781806.974   159867303.78807       -42.313          45.625    37781803.913   152131780.38307       -40.266          46.000  
C60                                                                  38407921.413   200000159.17207       -52.073          44.438    38407901.936   162516526.91607       -42.313          45.062    38407900.793   154652831.69507       -40.266          45.188  
C61                                                                                                                                                                                                  37385724.167   150536835.25107       -28.186          46.938  
C62                                                                  38333323.626   199611700.01307        15.622          45.438    38333321.944   162200883.09407        12.694          44.875    38333306.953   154352444.75209        12.080          53.500  
E03  25968164.999   136464001.75707      2401.551          42.625    25968168.510   101905050.05707      1793.366          45.750    25968166.175   110766317.03708      1949.311          47.625    25968164.416   104563430.74308      1840.150          47.875  
E07  25149091.082   132159769.22307     -2406.806          43.188    25149094.718    98690933.75707     -1797.290          44.875    25149092.198   107272617.73108     -1953.577          47.438    25149090.247   101265377.16508     -1844.176          47.438  
E08  23354742.779   122730470.31207        52.550          46.000    23354743.794    91649604.47608        39.242          48.875    23354744.015    99619087.07308        42.654          51.125    23354739.613    94040448.73508        40.266          51.250  
E13  23303794.479   122462419.00707      -404.638          45.312    23303797.293    91449227.55708      -302.165          48.562    23303796.074    99401332.71308      -328.440          50.750    23303793.122    93834857.37408      -310.047          51.250  
E15  25217472.046   132518880.48807      2012.679          42.250    25217478.219    98959040.38307      1502.974          45.125    25217477.619   107564153.76008      1633.668          47.188    25217474.010   101540489.28208      1542.182          47.062  
E26  25915723.197   136188102.08707     -2417.316          41.000    25915728.388   101698919.85507     -1805.139          43.875    25915728.367   110542286.16507     -1962.108          45.750    25915723.819   104351934.15207     -1852.229          45.812  
E32  24106474.151   126680571.78607      1282.229          44.250    24106479.275    94599181.26408       957.508          49.250    24106479.421   102825177.61908      1040.770          50.375    24106475.367    97066951.30408       982.487          51.562  
G05  20969771.119   110196901.54907      1292.739          45.312    20969770.252    85868130.60507      1007.329          44.750                                                                  
G11  23968959.329   125957664.13107      3389.498          41.375    23968956.293    98149074.30606      2641.167          37.688    23968962.501    94059540.99107      2531.118          43.500  
G13  19899829.190   104574698.54507       630.604          45.688    19899827.266    81486810.04207       491.380          43.062                                                                  
G15  20078452.340   105513103.21407     -1424.115          46.375    20078455.794    82218287.36707     -1109.700          46.688                                                                  
G18  22446055.016   117954896.37307     -2916.545          41.750    22446056.077    91912927.85407     -2272.632          42.438    22446058.021    88083227.58607     -2177.939          45.062  
G20  20279298.349   106568632.37708       436.168          48.438    20279293.974    83040572.40407       339.871          44.000    20279296.970    79580555.87909       325.710          54.500  
G21  22641919.686   118984054.68507      2359.511          42.000    22641918.062    92714845.45706      1838.580          38.250    22641922.264    88852364.93007      1761.972          46.188  
G23  24172629.660   127028097.21306     -2643.283          35.375    24172632.384    98982939.08606     -2059.701          39.312    24172638.097    94858655.61207     -1973.880          43.188  
G24  24542412.401   128971337.14006     -3915.001          37.000    24542413.613   100497248.50205     -3050.650          33.812    24542418.243    96310005.38107     -2923.540          41.500  
G29  22260749.556   116981055.03807      2159.820          42.938    22260751.444    91154108.95106      1682.976          39.000                                                                  
G30  23827487.223   125214261.42005      1224.423          32.438    23827487.527    97569655.43405       954.096          30.375    23827489.654    93504250.99706       914.342          36.875  
R01  22034248.643   117785893.06007     -2891.955          44.625                                                                  
R07  21271509.167   113868573.50208      3045.902          47.562    21271515.670    88564565.58708      2369.035          47.938  
R08  19498904.805   104415826.72308       107.099          47.625    19498899.698    81212511.91908        83.299          49.438  
R09  23891448.334   127578961.98706     -2408.315          38.688    23891449.570    99228125.23006     -1873.134          38.875  
R22  20640772.521   110181955.87708      3266.897          51.125    20640768.693    85697110.40107      2540.920          44.875  
R23  19241973.318   102931633.16908       304.911          49.875                                                                  
R24  22498076.676   120307323.21305     -3871.553          31.562    22498084.047    93572399.21005     -3011.208          34.000  
> 2026 03 22 12 33  1.0000000  0 50                     
C01                                                                  38229344.310   199070235.67907        -5.207          42.500    38229343.972   161760899.37707        -4.231          41.375                                                                  
C02                                                                  37937176.717   197548906.44606       -98.938          38.875    37937176.381   160524717.14406       -80.395          40.500                                                                  
C03                                                                  37179340.854   193602582.19907       -15.622          43.188    37179338.455   157318019.31807       -12.694          42.688                                                                  
C04                                                                  38981246.774   202985592.11506         5.207          38.875    38981243.591   164942467.44206         4.231          40.438                                                                  
C05                                                                  40158442.384   209115595.74305       -67.695          34.875    40158446.557   169923618.49206       -55.007          38.562                                                                  
C07                                                                  38750905.195   201786102.06506      1671.531          36.312    38750903.616   163967762.99507      1358.256          41.000                                                                  
C08                                                                  36682069.936   191013239.66007       -46.865          41.938    36682062.980   155213917.70907       -38.082          44.688                                                                  
C10                                                                  38266631.817   199264386.54206      1609.044          37.438    38266626.568   161918634.66106      1307.480          40.938                                                                  
C13                                                                  37081858.981   193095064.08407      -135.389          44.250    37081859.017   156905572.79107      -110.015          44.750                                                                  
C14                                                                  22870654.526   119093797.31507      1843.371          46.000    22870649.691    96773824.31108      1497.890          49.812                                                                  
C24  26193396.359   137647255.84506     -2322.726          35.312    26193394.765   136395917.13606     -2301.610          36.125    26193396.282   110832864.18406     -1870.247          40.750                                                                  
C26                                                                  26340742.977   137157094.59404      -827.955          23.125                                                                                                                                  
C27  23473992.180   123356718.17007     -1876.048          41.500    23473992.976   122235292.51307     -1858.993          44.125    23473993.482    99326197.43907     -1510.584          45.562                                                                  
C28  21958040.763   115390420.08907       588.564          45.188    21958048.157   114341416.93508       583.213          48.938    21958045.238    92911789.78208       473.909          49.375                                                                  
C33  22023725.738   115735673.74308       614.839          47.250    22023727.496   114683532.80708       609.250          49.375    22023737.867    93189809.80408       495.065          50.000                                                                  
C38  36193469.875   190198403.14307        36.785          44.688    36193471.674   188469330.33407        36.451          46.875    36193467.147   153146857.38308        29.619          48.688                                                                  
C39  40281470.781   211680915.80605     -1849.773          34.938    40281476.507   209756456.52206     -1832.957          39.812    40281478.724   170444444.71607     -1489.427          42.000                                                                  
C40  39355138.641   206812624.03706      1902.323          38.812    39355129.403   204932477.79106      1885.029          36.062    39355136.763   166524419.41107      1531.741          43.500                                                                  
C41  23463147.184   123299923.52207     -1760.437          44.000    23463146.643   122179027.06907     -1744.433          44.062    23463152.892    99280519.25608     -1417.495          49.125                                                                  
C42  25046673.002   131621713.79407      2601.243          41.250    25046678.383   130425237.38107      2577.595          44.625    25046683.684   105981316.34607      2094.507          46.500                                                                  
C43  24370404.321   128067428.06206      3237.102          39.500    24370406.150   126903158.15507      3207.674          43.000    24370403.830   103119228.75007      2606.498          43.312                                                                  
C59                                                                  37781808.170   196739793.90907       -52.073          44.000    37781796.544   159867259.60007       -42.313          45.188    37781793.436   152131738.34107       -40.266          45.938  
C60                                                                  38407911.423   200000107.15007       -52.073          44.375    38407891.945   162516484.63107       -42.313          44.750    38407890.798   154652791.46907       -40.266          45.125  
C61                                                                                                                                                                                                  37385717.606   150536808.73307       -28.186          46.875  
C62                                                                  38333326.498   199611715.07207        15.622          45.438    38333324.802   162200895.33107        12.694          44.438    38333309.853   154352456.38409        12.080          53.500  
E03  25968621.832   136466402.02707      2401.551          42.438    25968625.282   101906842.45507      1793.366          45.500    25968622.973   110768265.30308      1949.311          47.062    25968621.151   104565269.90708      1840.150          47.750  
E07  25148633.054   132157362.59807     -2406.806          43.000    25148636.725    98689136.59607     -1797.290          44.625    25148634.259   107270664.29507     -1953.576          46.812    25148632.273   101263533.11808     -1844.176          47.312  
E08  23354752.898   122730523.11707        52.550          45.812    23354753.820    91649643.89308        39.242          48.562    23354754.026    99619129.91508        42.655          50.438    23354749.662    94040489.18208        40.266          51.125  
E13  23303717.242   122462014.30407      -404.638          45.125    23303720.289    91448925.31808      -302.165          48.312    23303719.048    99401004.21408      -328.440          50.062    23303716.073    93834547.26208      -310.047          51.188  
E15  25217855.232   132520894.12107      2012.679          42.000    25217861.366    98960544.05907      1502.974          44.812    25217860.784   107565788.21807      1633.668          46.562    25217857.167   101542032.19107      1542.182          46.938  
E26  25915263.021   136185683.58106     -2417.316          40.750    25915268.149   101697113.79207     -1805.139          43.625    25915268.080   110540323.06907     -1962.108          45.188    25915263.609   104350080.98007     -1852.229          45.688  
E32  24106718.018   126681853.42107      1282.229          44.125    24106723.154    94600138.31708       957.508          49.000    24106723.313   102826217.88708      1040.770          49.750    24106719.236    97067933.32208       982.487          51.375  
G05  20970017.147   110198192.99807      1292.739          45.438    20970015.965    85869136.90507      1007.329          44.688                                                                  
G11  23969604.099   125961051.66807      3389.498          41.375    23969601.698    98151713.93006      2641.167          37.875    23969607.201    94062070.63807      2531.118          43.562  
G13  19899949.851   104575331.65907       635.859          45.688    19899947.719    81487303.36007       495.475          42.812                                                                  
G15  20078181.076   105511677.69807     -1424.115          46.312    20078184.613    82217176.54907     -1109.700          46.625                                                                  
G18  22445499.989   117951979.65107     -2916.545          41.562    22445501.329    91910655.06607     -2272.632          42.438    22445502.949    88081049.49207     -2177.939          45.062  
G20  20279381.742   106569070.78408       436.168          48.250    20279377.409    83040914.01207       339.871          43.688    20279380.393    79580883.25409       325.710          54.500  
G21  22642368.884   118986415.13807      2359.511          41.875    22642367.335    92716684.74606      1838.580          38.375    22642371.436    88854127.58407      1761.973          46.250  
G23  24172125.874   127025452.98706     -2643.283          35.000    24172127.908    98980878.63306     -2059.701          39.000    24172134.899    94856681.01807     -1973.880          43.188  
G24  24541667.695   128967422.97806     -3915.001          36.750    24541668.740   100494198.58605     -3050.650          33.750    24541673.274    96307082.53807     -2923.540          41.438  
G29  22261160.957   116983216.96507      2159.820          42.812    22261161.941    91155793.56106      1682.976          38.875                                                                  
G30  23827720.547   125215485.96705      1224.423          32.375    23827720.028    97570609.59205       954.096          30.062    23827722.721    93505165.39606       914.342          36.875  
R01  22033708.397   117783003.77207     -2891.955          44.625                                                                  
R07  21272078.556   113871621.69908      3045.902          47.438    21272084.903    88566936.39308      2369.035          47.625  
R08  19498924.369   104415932.55708       107.099          47.375    19498919.539    81212594.21408        83.299          49.188  
R09  23890996.170   127576552.28506     -2408.315          38.500    23890998.512    99226250.99606     -1873.134          38.812  
R22  20641384.170   110185222.57008      3266.898          50.875    20641380.470    85699651.15407      2540.920          44.625  
R23  19242030.204   102931936.83708       304.911          49.812                                                                  
R24  22497353.340   120303453.35405     -3871.553          31.688    22497360.900    93569389.31905     -3011.208          33.812  
> 2026 03 22 12 33  2.0000000  0 50                     
C01                                                                  38229343.221   199070229.87007        -5.207          42.625    38229342.925   161760894.65507        -4.231          41.250                                                                  
C02                                                                  37937157.942   197548808.59206       -98.938          39.125    37937157.538   160524637.62506       -80.395          40.438                                                                  
C03                                                                  37179337.507   193602564.67407       -15.622          43.312    37179335.137   157318005.10007       -12.694          42.812                                                                  
C04                                                                  38981247.463   202985595.79906         5.207          39.000    38981244.297   164942470.42706         4.231          40.438                                                                  
C05                                                                  40158429.257   209115526.19506       -67.695          35.125    40158433.235   169923561.97706       -55.007          38.438                                                                  
C07                                                                  38751226.366   201787772.14706      1671.531          36.625    38751224.382   163969120.11306      1358.256          40.938                                                                  
C08                                                                  36682060.749   191013192.46807       -46.865          42.062    36682053.918   155213879.38207       -38.082          44.688                                                                  
C10                                                                  38266940.696   199265995.56406      1609.044          37.562    38266935.586   161919942.14606      1307.480          40.938                                                                  
C13                                                                  37081832.950   193094928.10207      -135.389          44.500    37081832.924   156905462.30607      -110.015          44.750                                                                  
C14                                                                  22871008.365   119095640.09907      1843.371          46.250    22871003.596    96775321.72508      1497.890          49.750                                                                  
C24  26192953.998   137644931.79506     -2322.726          35.250    26192952.630   136393614.21006     -2301.610          36.500    26192954.036   110830992.87006     -1870.247          40.812                                                                  
C26                                                                  26340584.906   137155570.08403      -827.954          22.750                                                                                                                                  
C27  23473635.179   123354842.22307     -1876.048          41.688    23473635.814   122233433.62607     -1858.993          44.250    23473636.503    99324686.94207     -1510.584          45.562                                                                  
C28  21958153.002   115391009.70307       588.564          45.438    21958160.307   114342001.18408       583.213          49.125    21958157.441    92912264.53608       473.909          49.312                                                                  
C33  22023842.796   115736291.03908       614.839          47.438    22023845.157   114684144.49408       609.250          49.688    22023855.345    93190306.85808       495.065          49.938                                                                  
C38  36193476.588   190198437.92707        36.785          44.875    36193478.142   188469364.80008        36.451          47.000    36193473.794   153146885.39008        29.619          48.562                                                                  
C39  40281118.554   211679065.00506     -1849.773          35.125    40281124.605   209754622.55906     -1832.957          40.188    40281126.619   170442954.48007     -1489.427          41.938                                                                  
C40  39355500.884   206814527.77106      1902.323          39.125    39355491.638   204934364.17906      1885.029          36.250    39355499.038   166525952.25007      1531.741          43.312                                                                  
C41  23462812.747   123298164.37707     -1760.437          44.250    23462811.970   122177283.91007     -1744.433          44.250    23462818.148    99279102.80408     -1417.495          49.125                                                                  
C42  25047168.010   131624316.85407      2601.243          41.438    25047173.741   130427816.77207      2577.595          44.688    25047179.046   105983412.31707      2094.507          46.375                                                                  
C43  24371020.709   128070667.61906      3237.102          39.812    24371022.653   126906368.26407      3207.674          43.375    24371020.301   103121837.23107      2606.498          43.250                                                                  
C59                                                                  37781797.752   196739739.83507       -52.073          44.188    37781786.188   159867215.66107       -42.313          45.062    37781783.072   152131696.52307       -40.266          46.000  
C60                                                                  38407901.448   200000055.44607       -52.073          44.562    38407882.007   162516442.62107       -42.313          44.625    38407880.898   154652751.47507       -40.266          45.188  
C61                                                                                                                                                                                                  37385711.083   150536782.47207       -28.186          46.875  
C62                                                                  38333329.418   199611730.41607        15.622          45.625    38333327.794   162200907.80207        12.694          44.500    38333312.819   154352468.24209        12.080          53.500  
E03  25969078.756   136468802.78007      2401.551          42.562    25969082.145   101908635.21907      1793.366          45.625    25969079.816   110770213.96607      1949.311          46.688    25969077.991   104567109.44308      1840.150          47.688  
E07  25148175.150   132154956.54507     -2406.806          43.188    25148178.898    98687339.85507     -1797.290          44.812    25148176.461   107268711.32107     -1953.576          46.500    25148174.407   101261689.50308     -1844.176          47.250  
E08  23354763.183   122730576.61707        52.550          45.938    23354763.996    91649683.85108        39.242          48.750    23354764.224    99619173.35008        42.655          50.125    23354759.857    94040530.17708        40.266          51.062  
E13  23303640.139   122461610.21507      -404.638          45.250    23303643.418    91448623.56508      -302.165          48.500    23303642.141    99400676.20808      -328.440          49.750    23303639.183    93834237.62708      -310.047          51.125  
E15  25218238.515   132522908.33307      2012.679          42.125    25218244.649    98962048.17807      1502.974          45.000    25218244.155   107567423.11907      1633.668          46.250    25218240.472   101543575.54807      1542.182          46.875  
E26  25914802.951   136183265.40706     -2417.316          40.875    25914807.999   101695308.00507     -1805.139          43.750    25914807.954   110538360.26107     -1962.108          44.812    25914803.417   104348228.08907     -1852.229          45.688  
E32  24106961.983   126683135.68207      1282.229          44.188    24106967.172    94601095.85008       957.508          49.188    24106967.318   102827258.69108      1040.770          49.375    24106963.258    97068915.82808       982.487          51.312  
G05  20970263.248   110199485.00307      1292.739          45.688    20970261.589    85870143.66207      1007.329          44.812                                                                  
G11  23970248.844   125964439.72007      3389.498          41.375    23970247.445    98154353.90106      2641.167          38.125    23970251.959    94064600.67007      2531.118          43.750  
G13  19900070.613   104575965.71907       635.859          45.875    19900068.408    81487797.46407       495.475          42.938                                                                  
G15  20077909.913   105510253.00007     -1424.115          46.375    20077913.513    82216066.41207     -1109.700          46.750                                                                  
G18  22444945.094   117949063.48507     -2916.545          41.562    22444946.437    91908382.71507     -2272.632          42.500    22444948.026    88078871.83707     -2177.939          45.250  
G20  20279465.242   106569510.01608       441.423          48.312    20279460.983    83041256.29807       343.966          44.000    20279463.995    79581211.24809       329.634          54.688  
G21  22642818.193   118988776.00707      2359.511          42.000    22642816.643    92718524.40806      1838.580          38.188    22642820.703    88855890.55307      1761.973          46.375  
G23  24171622.324   127022809.06105     -2643.283          34.938    24171625.123    98978818.44206     -2059.701          39.312    24171631.696    94854706.67007     -1973.880          43.375  
G24  24540922.998   128963509.12606     -3915.001          37.000    24540922.492   100491148.82105     -3050.650          33.688    24540928.358    96304159.82307     -2923.540          41.688  
G29  22261572.319   116985379.69307      2165.074          42.875    22261573.025    91157478.83006      1687.071          38.938                                                                  
G30  23827954.157   125216711.28705      1224.423          32.625    23827954.234    97571564.38505       954.096          30.375    23827955.941    93506080.44806       914.342          37.000  
R01  22033167.932   117780115.14307     -2886.610          44.812                                                                  
R07  21272648.020   113874670.32308      3045.902          47.625    21272654.087    88569307.54808      2369.035          47.625  
R08  19498944.117   104416039.20908       107.099          47.438    19498939.610    81212677.18008        83.299          49.125  
R09  23890544.731   127574143.34906     -2408.315          38.875    23890547.686    99224377.38206     -1873.134          38.750  
R22  20641995.979   110188490.11708      3266.898          51.250    20641992.780    85702192.58707      2540.920          44.750  
R23  19242087.195   102932241.67508       304.912          50.062                                                                  
R24  22496631.193   120299584.05705     -3871.553          32.438    22496637.556    93566379.87705     -3011.208          34.062  
> 2026 03 22 12 33  3.0000000  0 50                     
C01                                                                  38229342.095   199070224.07907        -5.207          42.438    38229341.803   161760889.96607        -4.231          41.062                                                                  
C02                                                                  37937139.128   197548710.71106       -98.938          38.938    37937138.680   160524558.11006       -80.395          40.438                                                                  
C03                                                                  37179334.175   193602547.14807       -15.622          43.125    37179331.705   157317990.85907       -12.694          42.562                                                                  
C04                                                                  38981248.135   202985599.46806         5.207          38.938    38981245.010   164942473.40606         4.231          40.188                                                                  
C05                                                                  40158415.964   209115456.61706       -67.695          35.000    40158419.902   169923505.46306       -55.007          38.312                                                                  
C07                                                                  38751547.353   201789442.29506      1671.531          36.375    38751545.094   163970477.19906      1358.256          40.812                                                                  
C08                                                                  36682051.590   191013145.21807       -46.865          41.812    36682044.796   155213840.99207       -38.082          44.438                                                                  
C10                                                                  38267249.656   199267604.62306      1609.044          37.312    38267244.610   161921249.63006      1307.480          40.750                                                                  
C13                                                                  37081806.920   193094792.06907      -135.389          44.375    37081806.762   156905351.75807      -110.015          44.500                                                                  
C14                                                                  22871362.265   119097483.04807      1843.371          46.125    22871357.524    96776819.27708      1497.890          49.562                                                                  
C24  26192511.605   137642607.90405     -2322.726          34.750    26192510.596   136391311.42206     -2301.610          36.438    26192511.703   110829121.67006     -1870.247          40.625                                                                  
C26                                                                  26340426.163   137155570.08403      -827.955          22.750                                                                                                                                  
C27  23473278.200   123352966.73807     -1876.048          41.500    23473278.794   122231575.17707     -1858.993          44.250    23473279.552    99323176.80707     -1510.584          45.375                                                                  
C28  21958265.276   115391599.87907       588.564          45.188    21958272.587   114342585.99808       583.214          48.875    21958269.707    92912739.75708       473.909          49.188                                                                  
C33  22023959.883   115736908.63008       614.839          47.125    22023962.871   114684756.46308       609.250          49.500    22023972.850    93190804.14208       495.066          49.750                                                                  
C38  36193483.244   190198472.67807        36.785          44.688    36193484.541   188469399.22607        36.451          46.688    36193480.391   153146913.37808        29.619          48.438                                                                  
C39  40280766.549   211677214.21005     -1849.773          34.938    40280772.662   209752788.56606     -1832.957          39.875    40280774.434   170441464.22907     -1489.427          41.750                                                                  
C40  39355863.123   206816431.51706      1902.323          38.688    39355853.897   204936250.64706      1885.029          36.000    39355861.273   166527485.15807      1531.741          43.062                                                                  
C41  23462478.345   123296405.50107     -1760.437          44.062    23462477.382   122175541.02207     -1744.433          44.062    23462483.379    99277686.57508     -1417.495          49.000                                                                  
C42  25047663.028   131626919.94107      2601.243          41.250    25047669.008   130430396.19107      2577.595          44.375    25047674.353   105985508.31507      2094.507          46.188                                                                  
C43  24371637.006   128073907.36306      3237.102          39.625    24371639.073   126909578.55307      3207.674          43.125    24371636.788   103124445.85507      2606.498          43.000                                                                  
C59                                                                  37781787.305   196739685.76707       -52.073          44.125    37781775.749   159867171.74507       -42.313          44.938    37781772.620   152131654.70307       -40.266          45.812  
C60                                                                  38407891.468   200000003.73007       -52.073          44.375    38407872.070   162516400.60307       -42.313          44.500    38407870.903   154652711.48507       -40.266          44.875  
C61                                                                                                                                                                                                  37385704.543   150536756.21207       -28.186          46.750  
C62                                                                  38333332.377   199611745.77307        15.622          45.438    38333330.744   162200920.27407        12.694          44.312    38333315.731   154352480.10709        12.080          53.250  
E03  25969535.712   136471203.72907      2401.551          42.312    25969539.007   101910428.12007      1793.366          45.500    25969536.763   110772162.77707      1949.311          46.625    25969534.847   104568949.10308      1840.150          47.500  
E07  25147717.329   132152550.74607     -2406.806          43.125    25147721.039    98685543.32507     -1797.290          44.625    25147718.584   107266758.58607     -1953.576          46.312    25147716.586   101259846.10208     -1844.176          47.062  
E08  23354773.554   122730630.55007        52.550          45.750    23354774.148    91649724.11608        39.242          48.562    23354774.429    99619217.13008        42.655          49.938    23354770.089    94040571.49508        40.266          50.875  
E13  23303563.056   122461206.43607      -404.638          45.000    23303566.529    91448322.04308      -302.164          48.375    23303565.317    99400348.47308      -328.440          49.625    23303562.322    93833928.24108      -310.047          50.938  
E15  25218621.877   132524922.80107      2012.679          41.875    25218627.936    98963552.48407      1502.974          44.875    25218627.565   107569058.25207      1633.668          46.125    25218623.785   101545119.09407      1542.182          46.688  
E26  25914342.871   136180847.32506     -2417.316          40.625    25914347.768   101693502.31807     -1805.139          43.625    25914347.841   110536397.56107     -1962.107          44.625    25914343.220   104346375.28607     -1852.229          45.562  
E32  24107205.986   126684418.28107      1282.229          44.000    24107211.204    94602053.64408       957.508          49.062    24107211.445   102828299.78708      1040.770          49.250    24107207.296    97069898.61408       982.487          51.188  
G05  20970509.448   110200777.26807      1292.739          45.625    20970507.684    85871150.63607      1007.329          44.750                                                                  
G11  23970893.488   125967827.95507      3389.498          41.125    23970892.069    98156994.12106      2641.167          38.125    23970896.767    94067130.83407      2531.118          43.625  
G13  19900191.540   104576600.45707       635.859          45.812    19900189.149    81488292.03107       495.475          42.812                                                                  
G15  20077638.822   105508828.86507     -1424.115          46.188    20077642.470    82214956.69007     -1109.700          46.562                                                                  
G18  22444390.225   117946147.57507     -2916.545          41.250    22444391.314    91906110.59507     -2272.632          42.438    22444393.088    88076694.37307     -2177.939          45.125  
G20  20279548.833   106569949.79708       441.423          48.000    20279544.689    83041598.94507       343.966          43.688    20279547.628    79581539.64209       329.634          54.562  
G21  22643267.599   118991136.96807      2359.511          41.875    22643265.834    92720364.09906      1838.580          38.312    22643269.946    88857653.62707      1761.973          46.188  
G23  24171118.764   127020165.17705     -2643.283          34.875    24171122.148    98976758.27906     -2059.701          39.188    24171128.468    94852732.34807     -1973.880          43.188  
G24  24540178.164   128959595.18506     -3915.001          36.562    24540177.127   100488099.08205     -3050.650          33.312    24540183.486    96301237.12907     -2923.540          41.500  
G29  22261983.917   116987542.90907      2165.074          42.750    22261985.242    91159164.43906      1687.071          38.750                                                                  
G30  23828187.816   125217937.24605      1224.423          32.438    23828188.795    97572519.70705       954.096          30.375    23828189.190    93506995.91506       914.342          37.000  
R01  22032627.499   117777226.88807     -2886.610          44.750                                                                  
R07  21273217.303   113877719.12108      3045.902          47.438    21273223.274    88571678.84008      2369.035          47.188  
R08  19498963.772   104416146.40308       107.099          47.062    19498960.015    81212760.55808        83.299          48.938  
R09  23890093.344   127571734.82706     -2408.315          38.312    23890097.316    99222504.12606     -1873.134          38.688  
R22  20642608.092   110191758.22908      3266.898          51.188    20642605.125    85704734.43607      2540.920          44.562  
R23  19242144.337   102932547.40508       304.912          49.875                                                                  
R24  22495908.459   120295715.13805     -3866.206          31.812    22495913.872    93563370.67705     -3007.049          34.000  
> 2026 03 22 12 33  4.0000000  0 50                     
C01                                                                  38229340.969   199070218.15207        -5.207          42.625    38229340.623   161760885.14707        -4.231          41.562                                                                  
C02                                                                  37937120.127   197548612.72006       -98.938          39.000    37937119.862   160524478.45706       -80.395          40.750                                                                  
C03                                                                  37179330.807   193602529.49907       -15.622          43.188    37179328.331   157317976.51407       -12.694          43.000                                                                  
C04                                                                  38981248.818   202985603.00306         5.207          39.000    38981245.710   164942476.28306         4.231          40.438                                                                  
C05                                                                  40158402.602   209115386.87906       -72.901          35.188    40158406.503   169923448.81106       -59.238          38.750                                                                  
C07                                                                  38751868.579   201791112.26606      1671.531          36.750    38751865.875   163971834.20807      1358.256          41.250                                                                  
C08                                                                  36682042.421   191013097.78507       -46.865          41.875    36682035.699   155213802.44507       -38.082          44.875                                                                  
C10                                                                  38267558.529   199269213.57706      1609.044          37.438    38267553.627   161922557.01507      1307.480          41.188                                                                  
C13                                                                  37081780.844   193094655.82807      -135.389          44.500    37081780.630   156905241.05707      -110.015          45.000                                                                  
C14                                                                  22871716.257   119099326.02707      1843.371          46.250    22871711.464    96778316.84108      1497.890          50.062                                                                  
C24  26192069.447   137640283.97705     -2322.726          34.938    26192068.734   136389008.62006     -2301.610          36.625    26192069.481   110827250.47207     -1870.247          41.000                                                                  
C26                                                                  26340268.063   137154045.57403      -822.748          22.062                                                                                                                                  
C27  23472921.335   123351091.53307     -1876.048          41.625    23472921.827   122229717.00707     -1858.993          44.250    23472922.768    99321666.90207     -1510.584          45.750                                                                  
C28  21958377.710   115392190.45007       588.564          45.312    21958384.908   114343171.20208       583.214          48.938    21958382.087    92913215.27208       473.909          49.562                                                                  
C33  22024077.085   115737526.35608       620.094          47.188    22024080.627   114685368.57008       614.457          49.688    22024090.413    93191301.51508       499.296          50.250                                                                  
C38  36193489.853   190198507.23407        36.785          44.812    36193490.975   188469433.47507        36.451          46.875    36193486.985   153146941.19408        29.619          48.875                                                                  
C39  40280414.348   211675363.20906     -1849.773          35.250    40280420.548   209750954.40506     -1832.957          40.000    40280422.228   170439973.83007     -1489.427          42.062                                                                  
C40  39356225.220   206818335.14306      1902.323          38.750    39356216.243   204938136.96106      1885.029          36.188    39356223.538   166529017.93707      1531.741          43.562                                                                  
C41  23462143.956   123294646.72907     -1760.437          44.188    23462142.801   122173798.24307     -1744.433          44.188    23462148.715    99276270.42108     -1417.495          49.312                                                                  
C42  25048158.161   131629522.88807      2601.243          41.312    25048164.275   130432975.47907      2577.595          44.500    25048169.687   105987604.18307      2094.507          46.562                                                                  
C43  24372253.293   128077147.14606      3237.102          39.812    24372255.655   126912788.86707      3207.674          43.438    24372253.326   103127054.49007      2606.498          43.500                                                                  
C59                                                                  37781776.940   196739631.55907       -52.073          44.125    37781765.346   159867127.68507       -42.313          45.375    37781762.273   152131612.80007       -40.266          46.188  
C60                                                                  38407881.548   199999951.87207       -52.073          44.562    38407862.126   162516358.46707       -42.313          44.875    38407860.971   154652671.40807       -40.266          45.375  
C61                                                                                                                                                                                                  37385698.022   150536729.86408       -28.186          47.125  
C62                                                                  38333335.338   199611760.96507        15.622          45.562    38333333.647   162200932.61907        12.694          44.688    38333318.656   154352491.88009        12.080          53.688  
E03  25969992.681   136473604.69307      2401.551          42.500    25969995.934   101912221.06907      1793.366          45.688    25969993.729   110774111.62407      1949.311          46.750    25969991.769   104570788.82908      1840.150          47.938  
E07  25147259.574   132150145.06607     -2406.806          43.375    25147263.315    98683746.88907     -1797.290          44.875    25147260.777   107264805.91407     -1953.576          46.562    25147258.814   101258002.80108     -1844.176          47.500  
E08  23354783.965   122730684.74007        52.551          45.938    23354784.472    91649764.59708        39.242          48.812    23354784.716    99619261.11808        42.655          50.188    23354780.416    94040613.03108        40.266          51.375  
E13  23303486.138   122460802.83707      -404.638          45.188    23303489.740    91448020.66308      -302.164          48.562    23303488.555    99400020.87408      -328.440          49.812    23303485.551    93833619.00408      -310.047          51.438  
E15  25219005.301   132526937.39807      2012.679          42.000    25219011.314    98965056.88207      1502.974          45.062    25219010.905   107570693.45107      1633.668          46.250    25219007.152   101546662.74308      1542.182          47.125  
E26  25913882.765   136178429.19706     -2417.316          40.875    25913887.628   101691696.58007     -1805.139          43.875    25913887.653   110534434.79107     -1962.107          44.812    25913883.064   104344522.43907     -1852.229          45.938  
E32  24107450.031   126685701.10307      1282.229          44.188    24107455.332    94603011.59408       957.508          49.250    24107455.553   102829341.01608      1040.770          49.438    24107451.424    97070881.56108       982.487          51.625  
G05  20970755.610   110202069.66707      1292.739          45.938    20970753.836    85872157.70707      1007.329          45.188                                                                  
G11  23971538.329   125971216.26807      3389.498          41.375    23971536.894    98159634.35106      2641.167          38.375    23971541.628    94069661.07307      2531.118          43.688  
G13  19900312.610   104577235.69107       635.859          46.000    19900310.038    81488787.04507       495.475          43.188                                                                  
G15  20077367.909   105507405.12107     -1424.115          46.250    20077371.590    82213847.28008     -1109.700          47.000                                                                  
G18  22443835.210   117943231.79407     -2916.545          41.312    22443836.479    91903838.58207     -2272.632          42.812    22443838.248    88074517.01207     -2177.939          45.188  
G20  20279632.528   106570389.94008       441.423          48.062    20279628.481    83041941.95107       343.966          44.000    20279631.422    79581868.34509       329.634          54.688  
G21  22643716.921   118993497.94907      2359.511          42.125    22643715.018    92722203.83106      1838.580          38.375    22643719.267    88859416.69707      1761.973          46.312  
G23  24170615.489   127017521.18006     -2643.283          35.188    24170619.615    98974698.01706     -2059.701          39.688    24170625.315    94850757.94707     -1973.880          43.312  
G24  24539433.113   128955681.09606     -3915.001          36.812    24539431.792   100485049.13305     -3050.650          33.562    24539438.534    96298314.29107     -2923.540          41.562  
G29  22262395.816   116989706.43707      2165.074          42.938    22262397.228    91160850.31306      1687.071          39.062                                                                  
G30  23828421.552   125219163.58605      1224.423          32.812    23828423.009    97573475.27405       954.096          30.812    23828422.658    93507911.69806       914.342          37.062  
R01  22032087.127   117774338.86307     -2886.610          44.688                                                                  
R07  21273786.418   113880767.94008      3051.254          47.500    21273792.505    88574050.12908      2373.198          47.750  
R08  19498983.665   104416253.96208       107.099          47.250    19498980.428    81212844.20108        83.299          49.562  
R09  23889641.010   127569326.62106     -2408.315          38.188    23889646.650    99220631.07006     -1873.134          39.062  
R22  20643220.426   110195026.74708      3266.898          51.500    20643217.515    85707276.61407      2540.920          45.125  
R23  19242201.688   102932853.85008       304.912          49.812                                                                  
R24  22495184.009   120291846.27705     -3866.206          31.688    22495190.916    93560361.60005     -3007.049          34.938  
> 2026 03 22 12 33  5.0000000  0 50                     
C01                                                                  38229339.909   199070212.66407        -5.207          42.750    38229339.525   161760880.67007        -4.231          42.000                                                                  
C02                                                                  37937101.250   197548515.13806       -98.938          39.062    37937101.101   160524399.18107       -80.395          41.125                                                                  
C03                                                                  37179327.440   193602512.30107       -15.622          43.250    37179324.998   157317962.52107       -12.694          43.375                                                                  
C04                                                                  38981249.556   202985606.99306         5.207          38.938    38981246.409   164942479.52506         4.231          40.875                                                                  
C05                                                                  40158389.196   209115317.65106       -67.695          35.125    40158393.147   169923392.51806       -55.007          39.125                                                                  
C07                                                                  38752189.608   201792782.72806      1671.531          36.875    38752186.658   163973191.60207      1358.256          41.625                                                                  
C08                                                                  36682033.302   191013050.74507       -46.865          41.875    36682026.635   155213764.22107       -38.082          45.312                                                                  
C10                                                                  38267867.599   199270823.02506      1609.044          37.438    38267862.679   161923864.83207      1307.480          41.500                                                                  
C13                                                                  37081754.880   193094520.01807      -135.389          44.562    37081754.556   156905130.70107      -110.015          45.438                                                                  
C14                                                                  22872070.361   119101169.62107      1843.371          46.375    22872065.483    96779814.90708      1497.890          50.438                                                                  
C24  26191627.343   137637960.61405     -2322.726          34.875    26191626.822   136386706.40206     -2301.610          36.750    26191627.287   110825379.72207     -1870.247          41.438                                                                  
C26                                                                  26340111.045   137154045.57403      -827.955          22.062                                                                                                                                  
C27  23472564.570   123349217.20207     -1876.048          41.750    23472565.041   122227859.75507     -1858.993          44.188    23472566.083    99320157.71607     -1510.584          46.250                                                                  
C28  21958490.254   115392782.03907       588.564          45.375    21958497.388   114343757.41008       583.214          48.938    21958494.616    92913691.60608       473.909          50.000                                                                  
C33  22024194.388   115738144.80708       620.094          47.250    22024198.502   114685981.40008       614.457          49.812    22024208.067    93191799.49008       499.296          50.625                                                                  
C38  36193496.582   190198542.21507        31.530          44.812    36193497.405   188469468.12607        31.244          46.812    36193493.609   153146969.36108        25.388          49.250                                                                  
C39  40280062.265   211673512.65106     -1849.773          35.250    40280068.298   209749120.68606     -1832.957          39.688    40280070.125   170438483.75807     -1489.427          42.625                                                                  
C40  39356587.209   206820239.24206      1902.323          38.750    39356578.506   204940023.75706      1885.029          36.000    39356585.826   166530551.12107      1531.741          43.938                                                                  
C41  23461809.598   123292888.66707     -1760.437          44.250    23461808.280   122172056.16807     -1744.433          44.312    23461814.138    99274854.83908     -1417.494          49.750                                                                  
C42  25048653.225   131632126.33507      2601.243          41.312    25048659.614   130435555.25007      2577.595          44.562    25048665.075   105989700.44908      2094.507          47.000                                                                  
C43  24372869.731   128080387.53406      3242.357          39.812    24372872.427   126915999.81407      3212.881          43.562    24372869.943   103129663.63607      2610.729          43.875                                                                  
C59                                                                  37781766.592   196739577.79807       -52.073          44.062    37781754.984   159867083.98807       -42.313          45.750    37781751.956   152131571.23407       -40.266          46.125  
C60                                                                  38407871.665   199999900.47207       -52.073          44.625    38407852.231   162516316.68507       -42.313          45.250    38407851.069   154652631.66507       -40.266          45.312  
C61                                                                                                                                                                                                  37385691.510   150536703.85108       -28.186          47.000  
C62                                                                  38333338.362   199611776.61607        15.622          45.688    38333336.588   162200945.33507        12.694          45.062    38333321.625   154352503.97809        12.080          53.625  
E03  25970449.747   136476006.32707      2401.551          42.562    25970452.925   101914014.48107      1793.366          45.875    25970450.755   110776060.98107      1949.311          46.938    25970448.733   104572629.03308      1840.150          47.938  
E07  25146801.937   132147740.10907     -2406.806          43.312    25146805.645    98681950.96307     -1797.290          45.062    25146803.048   107262853.82907     -1953.576          46.688    25146801.157   101256160.04108     -1844.176          47.438  
E08  23354794.493   122730739.80907        52.551          45.938    23354794.964    91649805.72108        39.242          49.062    23354795.123    99619305.80408        42.655          50.375    23354790.895    94040655.22808        40.266          51.312  
E13  23303409.282   122460400.00607      -404.638          45.250    23303413.059    91447719.84608      -302.164          48.812    23303411.877    99399693.89408      -328.440          50.000    23303408.895    93833310.33408      -310.047          51.375  
E15  25219388.764   132528952.67907      2012.679          42.000    25219394.778    98966561.81307      1502.974          45.312    25219394.339   107572329.24407      1633.668          46.500    25219390.651   101548206.93908      1542.182          47.125  
E26  25913422.729   136176011.59106     -2417.316          40.938    25913427.584   101689891.21907     -1805.139          44.062    25913427.552   110532472.43707     -1962.107          45.000    25913423.018   104342669.99507     -1852.229          45.812  
E32  24107694.210   126686984.69407      1282.229          44.188    24107699.578    94603970.13208       957.508          49.500    24107699.737   102830382.89608      1040.770          49.625    24107695.686    97071865.09008       982.487          51.562  
G05  20971001.869   110203362.76807      1292.739          46.125    20970999.850    85873165.32707      1007.329          45.375                                                                  
G11  23972183.217   125974605.27607      3389.498          41.312    23972181.644    98162275.12106      2641.167          38.312    23972186.551    94072191.79607      2531.118          43.812  
G13  19900433.860   104577872.03307       635.859          46.125    19900431.168    81489282.89207       495.475          43.000                                                                  
G15  20077097.126   105505982.36307     -1424.115          46.250    20077100.876    82212738.63608     -1109.700          47.250                                                                  
G18  22443280.267   117940316.74307     -2916.545          41.312    22443281.993    91901567.09607     -2272.632          43.062    22443283.537    88072340.20007     -2177.939          45.250  
G20  20279716.323   106570831.07008       441.423          48.062    20279712.388    83042285.67807       343.966          43.938    20279715.351    79582197.76609       329.634          54.750  
G21  22644166.428   118995859.49007      2359.511          42.250    22644164.422    92724044.00806      1838.580          38.500    22644168.653    88861180.19407      1761.973          46.375  
G23  24170112.491   127014877.64806     -2643.283          35.625    24170116.845    98972638.11906     -2059.701          40.062    24170122.183    94848783.90207     -1973.880          43.438  
G24  24538688.477   128951767.31006     -3915.001          36.562    24538686.755   100481999.52205     -3050.650          33.875    24538693.839    96295391.73307     -2923.540          41.750  
G29  22262807.762   116991870.94907      2165.075          43.062    22262808.870    91162536.93006      1687.071          39.188                                                                  
G30  23828655.373   125220390.91905      1224.424          32.938    23828656.834    97574431.63305       954.096          31.062    23828656.239    93508828.16206       914.342          37.125  
R01  22031547.040   117771451.64507     -2886.610          44.375                                                                  
R07  21274355.702   113883817.41108      3051.254          47.312    21274361.935    88576421.93408      2373.198          48.125  
R08  19499003.679   104416362.49508       107.099          47.125    19499000.892    81212928.61708        83.299          50.188  
R09  23889189.583   127566919.36906     -2408.315          38.188    23889195.173    99218758.72906     -1873.134          38.812  
R22  20643833.032   110198296.30208      3266.898          51.438    20643829.761    85709819.60207      2540.920          45.250  
R23  19242259.243   102933161.63308       304.912          49.625                                                                  
R24  22494462.367   120287978.19405     -3871.553          31.188    22494468.148    93557353.11706     -3011.208          35.625  
> 2026 03 22 12 33  6.0000000  0 50                     
C01                                                                  38229338.873   199070207.05807        -5.207          42.812    38229338.475   161760876.12807        -4.231          42.000                                                                  
C02                                                                  37937082.490   197548417.46606       -98.938          39.000    37937082.325   160524319.81307       -80.395          41.062                                                                  
C03                                                                  37179324.111   193602494.96407       -15.622          43.438    37179321.712   157317948.46107       -12.694          43.375                                                                  
C04                                                                  38981250.308   202985610.87006         5.207          39.188    38981247.231   164942482.67006         4.231          40.938                                                                  
C05                                                                  40158375.933   209115248.29906       -67.695          35.125    40158379.834   169923336.18006       -55.007          39.125                                                                  
C07                                                                  38752510.700   201794453.03806      1671.531          37.062    38752507.375   163974548.87407      1358.256          41.750                                                                  
C08                                                                  36682024.164   191013003.56007       -46.865          42.125    36682017.547   155213725.88907       -38.082          45.250                                                                  
C10                                                                  38268176.638   199272432.39906      1609.044          37.750    38268171.721   161925172.58107      1307.480          41.562                                                                  
C13                                                                  37081728.835   193094384.05407      -135.389          44.750    37081728.444   156905020.22107      -110.015          45.500                                                                  
C14                                                                  22872424.513   119103013.26407      1843.371          46.625    22872419.534    96781313.02608      1497.890          50.500                                                                  
C24  26191185.229   137635637.30806     -2322.726          35.000    26191184.939   136384404.16906     -2301.610          37.125    26191185.095   110823509.03007     -1870.247          41.500                                                                  
C26                                                                  26339953.064   137152521.06403      -827.955          21.812                                                                                                                                  
C27  23472207.900   123347343.22507     -1876.047          42.000    23472208.405   122226002.78407     -1858.993          44.438    23472209.461    99318648.79107     -1510.584          46.125                                                                  
C28  21958602.895   115393374.04107       593.819          45.500    21958609.977   114344344.03408       588.420          49.125    21958607.273    92914168.30108       478.140          50.000                                                                  
C33  22024311.796   115738763.42808       620.094          47.375    22024316.439   114686594.39308       614.457          50.000    22024325.798    93192297.61108       499.296          50.688                                                                  
C38  36193503.205   190198577.02307        31.530          45.000    36193503.903   188469502.62708        31.244          47.000    36193500.243   153146997.39808        25.388          49.312                                                                  
C39  40279710.366   211671661.90106     -1849.773          35.312    40279715.928   209747286.76406     -1832.957          39.688    40279717.944   170436993.60807     -1489.427          42.625                                                                  
C40  39356949.259   206822143.25906      1902.323          38.750    39356940.790   204941910.44406      1885.029          36.250    39356948.153   166532084.22707      1531.741          43.938                                                                  
C41  23461475.316   123291130.74907     -1760.437          44.312    23461473.874   122170314.23807     -1744.433          44.438    23461479.648    99273439.37508     -1417.494          49.750                                                                  
C42  25049148.474   131634729.65907      2601.243          41.250    25049154.919   130438134.91207      2577.595          44.625    25049160.483   105991796.66008      2094.507          47.062                                                                  
C43  24373486.285   128083627.98306      3242.357          39.875    24373489.315   126919210.79707      3212.881          43.750    24373486.595   103132272.84707      2610.729          44.000                                                                  
C59                                                                  37781756.317   196739523.92507       -52.073          44.312    37781744.652   159867040.22507       -42.313          45.750    37781741.612   152131529.59407       -40.266          46.250  
C60                                                                  38407861.769   199999848.95607       -52.073          44.812    38407842.325   162516274.83407       -42.313          45.312    38407841.177   154652591.83307       -40.266          45.500  
C61                                                                                                                                                                                                  37385685.036   150536677.75908       -28.186          47.188  
C62                                                                  38333341.376   199611792.14507        15.622          45.812    38333339.581   162200957.95707        12.694          45.188    38333324.611   154352515.99509        12.080          53.750  
E03  25970906.888   136478407.97407      2401.551          42.688    25970909.993   101915807.95207      1793.366          45.938    25970907.783   110778010.38707      1949.311          46.875    25970905.758   104574469.27108      1840.150          48.125  
E07  25146344.294   132145335.29107     -2406.806          43.375    25146347.974    98680155.19107     -1797.290          45.188    25146345.445   107260901.88307     -1953.576          46.625    25146343.525   101254317.41208     -1844.176          47.625  
E08  23354805.133   122730795.16307        52.551          46.125    23354805.501    91649847.06508        39.242          49.125    23354805.638    99619350.74408        42.655          50.312    23354801.432    94040697.65608        40.266          51.500  
E13  23303332.528   122459997.37007      -404.638          45.375    23303336.462    91447419.19108      -302.164          48.812    23303335.224    99399367.08908      -328.440          49.938    23303332.259    93833001.83408      -310.047          51.562  
E15  25219772.190   132530968.11207      2012.679          42.188    25219778.282    98968066.83907      1502.974          45.312    25219777.959   107573965.14507      1633.668          46.438    25219774.203   101549751.22408      1542.182          47.312  
E26  25912962.680   136173593.93307     -2417.316          41.062    25912967.489   101688085.86007     -1805.139          44.188    25912967.521   110530510.07507     -1962.107          44.938    25912962.945   104340817.52007     -1852.229          46.062  
E32  24107938.408   126688268.52307      1282.229          44.312    24107943.876    94604928.83608       957.508          49.562    24107943.966   102831424.96408      1040.770          49.562    24107939.971    97072848.81108       982.487          51.812  
G05  20971248.205   110204656.01707      1292.739          46.250    20971246.264    85874173.06407      1007.329          45.688                                                                  
G11  23972828.133   125977994.33907      3389.498          41.188    23972825.805    98164915.95706      2641.167          38.125    23972831.495    94074722.60907      2531.118          44.000  
G13  19900555.177   104578508.91307       635.859          46.188    19900552.408    81489779.16907       495.475          43.250                                                                  
G15  20076826.482   105504560.02207     -1424.114          46.312    20076830.182    82211630.33008     -1109.700          47.438                                                                  
G18  22442725.500   117937401.82907     -2916.545          41.375    22442727.250    91899295.75707     -2272.632          43.250    22442728.832    88070163.49107     -2177.939          45.438  
G20  20279800.215   106571272.62308       441.423          47.938    20279796.439    83042629.75607       343.966          44.062    20279799.371    79582527.49809       329.634          54.938  
G21  22644615.840   118998221.04207      2359.511          42.375    22644613.702    92725884.18906      1838.580          38.250    22644618.053    88862943.70107      1761.973          46.562  
G23  24169609.595   127012234.04206     -2643.283          36.000    24169613.482    98970578.20006     -2059.701          40.250    24169619.069    94846809.77407     -1973.880          43.562  
G24  24537943.780   128947853.44106     -3915.001          36.500    24537941.524   100478949.77805     -3050.650          34.062    24537949.108    96292469.05807     -2923.540          41.938  
G29  22263219.791   116994035.78507      2165.075          43.125    22263219.715    91164223.80806      1687.071          39.188                                                                  
G30  23828889.159   125221618.60305      1229.678          33.188    23828890.373    97575388.30605       958.191          31.312    23828889.892    93509744.98006       918.266          37.250  
R01  22031007.369   117768564.67307     -2886.610          44.688                                                                  
R07  21274924.989   113886866.93908      3051.254          47.312    21274931.274    88578793.80308      2373.198          48.125  
R08  19499023.784   104416471.45208       107.099          47.062    19499021.423    81213013.37008        83.299          50.250  
R09  23888738.395   127564512.39706     -2408.315          38.125    23888745.021    99216886.67206     -1873.134          39.500  
R22  20644445.730   110201566.30608      3272.235          51.500    20644441.994    85712362.94307      2545.072          45.312  
R23  19242316.886   102933470.16208       310.261          49.750                                                                  
R24  22493739.956   120284110.40505     -3866.206          32.062    22493745.585    93554344.83506     -3007.049          35.750  
> 2026 03 22 12 33  7.0000000  0 50                     
C01                                                                  38229337.892   199070201.81107        -5.207          42.562    38229337.471   161760871.86207        -4.231          42.312                                                                  
C02                                                                  37937063.730   197548320.12106       -98.938          39.000    37937063.584   160524240.73507       -80.395          41.500                                                                  
C03                                                                  37179320.840   193602478.01307       -15.622          43.312    37179318.421   157317934.65907       -12.694          43.625                                                                  
C04                                                                  38981251.121   202985615.10406         5.207          39.062    38981248.032   164942486.12407         4.231          41.312                                                                  
C05                                                                  40158362.652   209115179.25406       -67.695          35.000    40158366.609   169923280.07906       -55.007          39.562                                                                  
C07                                                                  38752831.914   201796123.74806      1671.531          36.938    38752828.245   163975906.48307      1358.256          42.000                                                                  
C08                                                                  36682015.022   191012956.61507       -46.865          42.000    36682008.561   155213687.77907       -38.082          45.625                                                                  
C10                                                                  38268485.904   199274042.19006      1609.044          37.688    38268480.844   161926480.69707      1307.480          41.875                                                                  
C13                                                                  37081702.892   193094248.34207      -135.389          44.688    37081702.365   156904909.98007      -110.015          45.750                                                                  
C14                                                                  22872778.804   119104857.40907      1843.371          46.562    22872773.677    96782811.57608      1497.890          50.812                                                                  
C24  26190743.335   137633314.46305     -2322.726          34.812    26190743.288   136382102.47206     -2301.610          37.375    26190743.002   110821638.72607     -1870.247          41.875                                                                  
C26                                                                  26339791.794   137152521.06403      -827.955          21.562                                                                                                                                  
C27  23471851.393   123345470.01007     -1876.047          42.000    23471851.934   122224146.59107     -1858.992          44.375    23471852.999    99317140.50807     -1510.584          46.500                                                                  
C28  21958715.693   115393966.92507       593.819          45.500    21958722.750   114344931.52908       588.420          48.938    21958720.098    92914645.72208       478.140          50.312                                                                  
C33  22024429.293   115739382.66208       620.094          47.250    22024434.496   114687207.98008       614.457          50.062    22024443.628    93192796.22308       499.296          51.000                                                                  
C38  36193509.944   190198612.11407        31.530          44.938    36193510.415   188469537.38707        31.244          46.812    36193506.919   153147025.68208        25.388          49.625                                                                  
C39  40279358.157   211669811.53406     -1849.773          35.250    40279363.562   209745453.20106     -1832.957          39.312    40279365.798   170435503.69707     -1489.427          42.938                                                                  
C40  39357311.352   206824047.60906      1902.323          38.688    39357303.100   204943797.45906      1885.029          36.000    39357310.514   166533617.61807      1531.741          44.250                                                                  
C41  23461141.180   123289373.40407     -1760.437          44.375    23461139.589   122168572.86507     -1744.433          44.312    23461145.215    99272024.40608     -1417.494          50.125                                                                  
C42  25049643.783   131637333.34707      2601.243          41.188    25049650.405   130440714.93507      2577.595          44.438    25049655.939   105993893.14908      2094.507          47.375                                                                  
C43  24374102.981   128086868.93906      3237.102          39.938    24374106.085   126922422.25607      3207.674          43.625    24374103.353   103134882.45207      2606.498          44.250                                                                  
C59                                                                  37781746.066   196739470.41907       -52.073          44.062    37781734.371   159866996.73907       -42.313          46.062    37781731.315   152131488.20707       -40.266          46.250  
C60                                                                  38407851.966   199999797.78707       -52.073          44.688    38407832.527   162516233.26407       -42.313          45.500    38407831.363   154652552.27207       -40.266          45.438  
C61                                                                                                                                                                                                  37385678.633   150536651.91408       -28.186          47.188  
C62                                                                  38333344.471   199611808.02607        15.622          45.750    38333342.630   162200970.86907        12.694          45.438    38333327.672   154352528.27109        12.080          53.750  
E03  25971364.137   136480810.16907      2401.551          42.750    25971367.099   101917601.79807      1793.366          45.938    25971364.859   110779960.23808      1949.311          47.500    25971362.882   104576309.93508      1840.150          47.875  
E07  25145886.786   132142931.07307     -2406.806          43.312    25145890.468    98678359.84207     -1797.290          45.188    25145887.986   107258950.42308     -1953.576          47.188    25145886.058   101252475.22708     -1844.176          47.500  
E08  23354815.874   122730851.27507        57.805          46.125    23354816.177    91649888.98508        43.166          49.062    23354816.304    99619396.30608        46.920          50.875    23354812.117    94040740.65908        44.292          51.312  
E13  23303255.868   122459595.39807      -404.638          45.375    23303259.960    91447119.01708      -302.164          48.812    23303258.697    99399040.83208      -328.440          50.500    23303255.774    93832693.83708      -310.047          51.375  
E15  25220155.716   132532984.13007      2012.679          42.188    25220161.923    98969572.33507      1502.974          45.312    25220161.650   107575601.53608      1633.668          47.000    25220157.840   101551295.97908      1542.182          47.125  
E26  25912502.726   136171176.73107     -2417.316          41.000    25912507.544   101686280.79407     -1805.139          44.125    25912507.492   110528548.06207     -1962.107          45.500    25912502.972   104338965.39307     -1852.229          45.875  
E32  24108182.737   126689553.00807      1282.229          44.250    24108188.312    94605888.05008       957.509          49.562    24108188.370   102832467.60108      1040.770          50.125    24108184.434    97073833.04508       982.487          51.625  
G05  20971494.624   110205949.86307      1292.739          46.312    20971492.703    85875181.28007      1007.329          45.812                                                                  
G11  23973473.303   125981383.93807      3389.498          41.438    23973470.522    98167557.24406      2641.167          38.000    23973476.530    94077253.79507      2531.118          44.062  
G13  19900676.780   104579146.76207       635.859          46.375    19900673.705    81490276.25407       495.475          43.250                                                                  
G15  20076555.969   105503138.57107     -1424.114          46.375    20076559.703    82210522.72208     -1109.700          47.500                                                                  
G18  22442171.037   117934487.52307     -2916.545          41.625    22442172.459    91897024.87407     -2272.632          43.375    22442174.234    88067987.23207     -2177.939          45.500  
G20  20279884.217   106571715.02508       441.423          47.938    20279880.632    83042974.53607       343.966          44.125    20279883.586    79582857.88609       329.634          55.000  
G21  22645065.366   119000583.06407      2359.511          42.500    22645063.239    92727724.77006      1838.580          38.375    22645067.568    88864707.56607      1761.973          46.625  
G23  24169106.673   127009590.80806     -2643.283          36.312    24169110.961    98968518.53606     -2059.701          40.500    24169116.054    94844835.93307     -1973.880          43.625  
G24  24537199.114   128943939.85206     -3915.001          36.875    24537197.019   100475900.20205     -3050.650          34.438    24537204.528    96289546.62007     -2923.540          42.000  
G29  22263632.014   116996201.43307      2165.075          43.250    22263630.893    91165911.36706      1687.071          39.188                                                                  
G30  23829123.226   125222847.23905      1229.678          33.000    23829122.711    97576345.64205       958.191          31.375    23829123.768    93510662.46506       918.266          37.375  
R01  22030467.527   117765678.40607     -2886.610          44.125                                                                  
R07  21275494.413   113889917.01507      3051.254          46.938    21275500.770    88581166.08708      2373.198          48.250  
R08  19499043.949   104416581.31707       107.099          46.875    19499042.222    81213098.83008        83.299          50.500  
R09  23888287.121   127562106.24906     -2408.315          38.125    23888295.321    99215015.27106     -1873.134          39.562  
R22  20645058.580   110204837.23008      3272.235          51.250    20645054.486    85714907.01007      2545.072          45.438  
R23  19242375.056   102933779.89808       310.261          49.562                                                                  
R24  22493017.863   120280243.19605     -3866.206          32.188    22493023.122    93551337.02206     -3007.049          36.125  
> 2026 03 22 12 33  8.0000000  0 50                     
C01                                                                  38229336.843   199070196.36207        -5.207          42.750    38229336.442   161760867.44107        -4.231          42.188                                                                  
C02                                                                  37937044.950   197548222.64906       -98.938          39.062    37937044.816   160524161.50107       -80.395          41.375                                                                  
C03                                                                  37179317.562   193602460.86107       -15.622          43.375    37179315.153   157317920.74107       -12.694          43.562                                                                  
C04                                                                  38981251.876   202985619.15006         5.207          39.188    38981248.833   164942489.42707         4.231          41.125                                                                  
C05                                                                  40158349.361   209115110.08106       -67.695          35.188    40158353.382   169923223.86106       -55.007          39.438                                                                  
C07                                                                  38753153.036   201797794.29106      1671.531          37.062    38753148.973   163977263.94107      1358.256          41.938                                                                  
C08                                                                  36682005.858   191012909.53607       -46.865          42.000    36681999.506   155213649.47607       -38.082          45.500                                                                  
C10                                                                  38268795.017   199275651.92606      1609.044          37.688    38268789.991   161927788.69507      1307.480          41.875                                                                  
C13                                                                  37081676.888   193094112.47107      -135.389          44.812    37081676.246   156904799.54107      -110.015          45.688                                                                  
C14                                                                  22873133.102   119106701.59707      1843.371          46.812    22873127.809    96784310.09608      1497.890          50.688                                                                  
C24  26190301.175   137630991.62205     -2322.726          34.625    26190301.450   136379800.79206     -2301.610          37.625    26190300.921   110819768.36307     -1870.247          41.812                                                                  
C26                                                                  26339632.715   137150996.55503      -827.955          21.562                                                                                                                                  
C27  23471494.916   123343597.09907     -1876.047          42.000    23471495.551   122222290.71907     -1858.992          44.375    23471496.574    99315632.42507     -1510.584          46.375                                                                  
C28  21958828.534   115394560.26407       593.819          45.500    21958835.578   114345519.46808       588.421          49.000    21958833.009    92915123.43708       478.140          50.250                                                                  
C33  22024546.911   115740002.03908       620.094          47.312    22024552.537   114687821.73008       614.457          50.125    22024561.465    93193294.92508       499.296          50.875                                                                  
C38  36193516.657   190198647.05307        31.530          45.000    36193516.900   188469572.01207        31.244          46.812    36193513.587   153147053.78008        25.388          49.500                                                                  
C39  40279006.129   211667960.94906     -1849.773          35.312    40279011.084   209743619.46806     -1832.957          39.000    40279013.685   170434013.61407     -1489.427          42.875                                                                  
C40  39357673.399   206825951.88106      1902.323          38.625    39357665.393   204945684.43706      1885.029          36.000    39357672.865   166535150.90907      1531.741          44.125                                                                  
C41  23460807.025   123287616.22207     -1760.437          44.500    23460805.323   122166831.64807     -1744.433          44.375    23460810.819    99270609.50008     -1417.494          50.062                                                                  
C42  25050139.076   131639936.95107      2601.243          41.125    25050145.783   130443294.85207      2577.595          44.438    25050151.343   105995989.52008      2094.507          47.250                                                                  
C43  24374719.836   128090109.93606      3242.357          39.875    24374722.763   126925633.80707      3212.881          43.562    24374720.076   103137492.06007      2610.729          44.125                                                                  
C59                                                                  37781735.818   196739416.72307       -52.073          44.188    37781724.046   159866953.11407       -42.313          46.000    37781721.000   152131446.69907       -40.266          46.250  
C60                                                                  38407842.156   199999746.44607       -52.073          44.812    38407822.668   162516191.55407       -42.313          45.500    38407821.493   154652512.58707       -40.266          45.500  
C61                                                                                                                                                                                                  37385672.163   150536625.94808       -28.186          47.188  
C62                                                                  38333347.521   199611823.71707        15.622          45.812    38333345.636   162200983.62607        12.694          45.312    38333330.679   154352540.41909        12.080          53.750  
E03  25971821.382   136483212.40307      2401.551          42.875    25971824.215   101919395.66207      1793.366          45.938    25971822.047   110781910.07908      1949.311          47.812    25971820.051   104578150.58108      1840.150          48.000  
E07  25145429.331   132140526.97507     -2406.806          43.438    25145433.013    98676564.57707     -1797.290          45.125    25145430.545   107256999.03308     -1953.576          47.500    25145428.586   101250633.12808     -1844.176          47.562  
E08  23354826.688   122730907.65507        57.805          46.188    23354826.908    91649931.07608        43.166          49.062    23354827.003    99619442.05808        46.920          51.188    23354822.859    94040783.85008        44.292          51.375  
E13  23303179.255   122459193.58107      -404.638          45.438    23303183.508    91446818.95508      -302.164          48.812    23303182.225    99398714.66508      -328.440          50.812    23303179.312    93832385.94708      -310.047          51.500  
E15  25220539.288   132535000.25707      2012.679          42.188    25220545.584    98971077.87107      1502.974          45.312    25220545.345   107577238.00008      1633.668          47.438    25220541.515   101552840.80908      1542.183          47.250  
E26  25912042.780   136168759.44207     -2417.316          41.000    25912047.584   101684475.67607     -1805.139          44.125    25912047.575   110526585.95807     -1962.107          45.875    25912042.991   104337113.16707     -1852.229          46.000  
E32  24108427.111   126690837.71507      1282.229          44.250    24108432.773    94606847.39108       957.509          49.562    24108432.811   102833510.35008      1040.770          50.500    24108428.927    97074817.41808       982.487          51.688  
G05  20971741.019   110207243.86407      1292.739          46.438    20971739.076    85876189.57807      1007.329          46.000                                                                  
G11  23974118.441   125984773.57807      3389.498          41.438    23974114.916    98170198.51506      2641.167          37.875    23974121.576    94079785.05307      2531.119          44.062  
G13  19900798.418   104579785.14207       635.859          46.562    19900795.162    81490773.64207       495.475          43.125                                                                  
G15  20076285.517   105501717.51207     -1424.114          46.375    20076289.232    82209415.39608     -1109.700          47.625                                                                  
G18  22441616.555   117931573.33007     -2916.545          41.812    22441617.747    91894754.06807     -2272.632          43.562    22441619.710    88065811.04607     -2177.939          45.438  
G20  20279968.300   106572157.84008       441.423          47.875    20279964.928    83043319.53407       343.966          43.938    20279967.874    79583188.53909       329.634          54.938  
G21  22645514.956   119002945.07907      2359.511          42.562    22645512.770    92729565.24206      1838.580          38.500    22645517.079    88866471.39307      1761.973          46.625  
G23  24168603.690   127006947.46706     -2643.283          36.188    24168608.901    98966458.76506     -2059.701          40.938    24168613.013    94842861.98907     -1973.880          43.562  
G24  24536454.188   128940026.05506     -3915.001          36.875    24536454.158   100472850.55705     -3050.650          34.750    24536459.921    96286624.01607     -2923.540          42.000  
G29  22264044.239   116998367.48007      2165.075          43.312    22264042.588    91167599.16906      1687.071          39.188                                                                  
G30  23829357.180   125224076.22505      1229.678          33.188    23829356.737    97577303.28005       958.191          31.812    23829357.530    93511580.20506       918.266          37.250  
R01  22029927.309   117762792.32407     -2886.609          43.812                                                                  
R07  21276063.589   113892967.09907      3051.254          46.688    21276070.351    88583538.36208      2373.198          48.312  
R08  19499064.209   104416691.58607       107.099          46.625    19499062.919    81213184.57708        83.299          50.625  
R09  23887836.118   127559700.44406     -2408.315          38.250    23887844.650    99213144.04806     -1873.134          39.250  
R22  20645671.296   110208108.55808      3272.235          51.000    20645667.103    85717451.37007      2545.072          45.750  
R23  19242433.258   102934090.34508       310.261          49.750                                                                  
R24  22492295.431   120276376.22705     -3866.206          32.000    22492300.084    93548329.33406     -3007.049          36.125  
> 2026 03 22 12 33  9.0000000  0 50                     
C01                                                                  38229335.925   199070191.56107        -5.207          43.000    38229335.475   161760863.53507        -4.231          42.188                                                                  
C02                                                                  37937026.430   197548125.74906       -98.938          39.312    37937026.205   160524082.77507       -80.395          41.438                                                                  
C03                                                                  37179314.444   193602444.32407       -15.622          43.625    37179311.988   157317907.30107       -12.694          43.562                                                                  
C04                                                                  38981252.797   202985623.84406         5.207          39.375    38981249.756   164942493.22207         4.231          41.188                                                                  
C05                                                                  40158336.173   209115041.46006       -67.695          35.312    40158340.156   169923168.10506       -55.007          39.438                                                                  
C07                                                                  38753474.160   201799465.49806      1671.531          37.062    38753469.867   163978621.90607      1358.256          42.062                                                                  
C08                                                                  36681996.777   191012862.98807       -46.865          42.250    36681990.556   155213611.65907       -38.082          45.562                                                                  
C10                                                                  38269104.270   199277262.26506      1609.044          37.938    38269099.301   161929097.21407      1307.480          41.812                                                                  
C13                                                                  37081650.941   193093977.15607      -135.389          45.000    37081650.286   156904689.58107      -110.015          45.625                                                                  
C14                                                                  22873487.625   119108546.53708      1843.371          47.250    22873482.115    96785809.25208      1497.890          50.688                                                                  
C24  26189859.096   137628669.56305     -2322.726          34.375    26189859.773   136377499.81006     -2301.610          37.875    26189859.019   110817898.61507     -1870.247          41.875                                                                  
C26                                                                  26339474.843   137150996.55503      -827.955          21.500                                                                                                                                  
C27  23471138.649   123341725.22207     -1870.793          42.312    23471139.322   122220435.86807     -1853.786          44.625    23471140.371    99314125.21207     -1506.353          46.438                                                                  
C28  21958941.635   115395154.71607       593.819          45.812    21958948.620   114346108.52308       588.421          49.250    21958946.144    92915602.08508       478.140          50.250                                                                  
C33  22024664.771   115740622.29308       620.094          47.625    22024670.762   114688436.34408       614.457          50.375    22024679.496    93193794.34508       499.297          50.875                                                                  
C38  36193523.389   190198682.51907        31.530          45.312    36193523.501   188469607.16908        31.244          47.000    36193520.327   153147082.34308        25.388          49.562                                                                  
C39  40278654.330   211666110.95906     -1849.773          35.312    40278658.717   209741786.26506     -1832.957          39.062    40278661.704   170432524.01207     -1489.427          43.000                                                                  
C40  39358035.672   206827856.79406      1902.323          38.938    39358027.844   204947571.99506      1885.029          36.438    39358035.346   166536684.69407      1531.741          44.188                                                                  
C41  23460473.049   123285859.88107     -1755.182          44.750    23460471.202   122165091.28007     -1739.226          44.750    23460476.605    99269195.29108     -1413.264          50.062                                                                  
C42  25050634.557   131642541.14107      2601.243          41.500    25050641.294   130445875.38607      2577.595          44.625    25050646.908   105998086.40608      2094.507          47.312                                                                  
C43  24375336.856   128093351.69206      3242.357          40.125    24375339.580   126928846.11707      3212.881          43.812    24375336.949   103140102.31607      2610.729          44.188                                                                  
C59                                                                  37781725.660   196739363.65207       -52.073          44.562    37781713.887   159866909.97307       -42.313          46.125    37781710.824   152131405.65607       -40.266          46.125  
C60                                                                  38407832.415   199999695.73307       -52.073          45.000    38407812.927   162516150.33407       -42.313          45.562    38407811.752   154652473.36107       -40.266          45.312  
C61                                                                                                                                                                                                  37385665.827   150536600.46608       -28.186          47.062  
C62                                                                  38333350.631   199611840.03307        15.622          46.000    38333348.726   162200996.87007        12.694          45.250    38333333.832   154352553.02909        12.080          53.625  
E03  25972278.702   136485615.42207      2401.551          43.125    25972281.516   101921190.12107      1793.366          45.938    25972279.339   110783860.58008      1949.311          47.812    25972277.346   104579991.84808      1840.150          47.938  
E07  25144972.035   132138123.76607     -2406.806          43.750    25144975.715    98674769.94707     -1797.290          45.125    25144973.198   107255048.36308     -1953.576          47.562    25144971.268   101248791.69908     -1844.176          47.500  
E08  23354837.659   122730965.04807        57.805          46.438    23354837.826    91649973.93108        43.166          49.062    23354837.898    99619488.63708        46.920          51.250    23354833.780    94040827.83008        44.292          51.375  
E13  23303102.883   122458792.70107      -404.637          45.688    23303107.246    91446519.59808      -302.164          48.812    23303105.894    99398389.26708      -328.440          50.875    23303103.030    93832078.77508      -310.047          51.438  
E15  25220923.069   132537017.26607      2017.933          42.438    25220929.432    98972584.07707      1506.898          45.250    25220929.210   107578875.17508      1637.933          47.375    25220925.333   101554386.30408      1546.209          47.188  
E26  25911582.953   136166342.83907     -2417.316          41.312    25911587.733   101682671.06407     -1805.139          44.062    25911587.728   110524624.43107     -1962.107          45.938    25911583.142   104335261.48407     -1852.229          45.938  
E32  24108671.769   126692123.36807      1282.229          44.438    24108677.422    94607807.44308       957.509          49.500    24108677.411   102834553.88208      1040.770          50.562    24108673.566    97075802.50908       982.487          51.625  
G05  20971987.496   110208538.73307      1292.739          46.625    20971985.802    85877198.56807      1007.329          46.125                                                                  
G11  23974763.643   125988164.06407      3389.498          41.562    23974759.346    98172840.44806      2641.167          37.750    23974766.690    94082316.86607      2531.119          44.062  
G13  19900920.282   104580424.77007       635.860          46.812    19900916.925    81491272.05507       495.475          43.375                                                                  
G15  20076015.297   105500297.61107     -1418.860          46.625    20076018.860    82208308.96508     -1105.605          47.625                                                                  
G18  22441062.324   117928660.00907     -2916.544          42.000    22441063.723    91892483.93707     -2272.632          43.750    22441065.275    88063635.49907     -2177.939          45.438  
G20  20280052.505   106572601.75808       441.423          48.000    20280049.417    83043665.45707       343.966          44.062    20280052.343    79583520.04409       329.634          55.000  
G21  22645964.601   119005307.81107      2359.511          42.875    22645962.336    92731406.32606      1838.580          38.688    22645966.725    88868235.76607      1761.973          46.625  
G23  24168100.857   127004304.74006     -2643.283          36.375    24168106.784    98964399.48707     -2059.701          41.188    24168110.122    94840888.52707     -1973.880          43.562  
G24  24535709.429   128936112.78306     -3915.001          36.938    24535709.982   100469801.27805     -3050.650          34.812    24535715.257    96283701.81907     -2923.540          42.062  
G29  22264456.722   117000534.56907      2165.075          43.688    22264454.358    91169287.83106      1687.071          39.188                                                                  
G30  23829591.562   125225306.43805      1229.678          33.688    23829590.988    97578261.80505       958.191          32.000    23829591.776    93512498.83206       918.266          37.250  
R01  22029387.033   117759907.20607     -2886.609          43.750                                                                  
R07  21276633.157   113896017.96007      3051.254          46.875    21276640.149    88585911.24308      2373.198          48.312  
R08  19499084.786   104416803.01607       112.454          46.750    19499083.835    81213271.23908        87.464          50.688  
R09  23887385.254   127557295.65806     -2408.315          38.500    23887394.119    99211273.66606     -1873.134          39.375  
R22  20646284.257   110211381.06508      3272.236          51.250    20646280.350    85719996.63107      2545.072          46.000  
R23  19242491.735   102934402.28608       310.261          49.938                                                                  
R24  22491573.251   120272510.07205     -3866.206          32.500    22491577.850    93545322.35906     -3007.049          36.250  
> 2026 03 22 12 33 10.0000000  0 50                     
C01                                                                  38229334.984   199070186.49407        -5.207          42.812    38229334.478   161760859.43507        -4.231          42.062                                                                  
C02                                                                  37937007.748   197548028.63306       -98.938          39.125    37937007.623   160524003.86807       -80.395          41.312                                                                  
C03                                                                  37179311.269   193602427.53707       -15.622          43.438    37179308.740   157317893.67107       -12.694          43.438                                                                  
C04                                                                  38981253.633   202985628.25406         5.207          39.188    38981250.630   164942496.83706         4.231          40.938                                                                  
C05                                                                  40158322.986   209114972.62806       -67.695          35.125    40158326.952   169923112.19406       -55.007          39.375                                                                  
C07                                                                  38753795.191   201801136.40206      1671.531          36.812    38753790.779   163979979.66307      1358.256          41.875                                                                  
C08                                                                  36681987.596   191012816.14207       -46.865          41.875    36681981.590   155213573.58607       -38.082          45.375                                                                  
C10                                                                  38269413.449   199278872.37306      1609.044          37.750    38269408.466   161930405.59707      1307.480          41.688                                                                  
C13                                                                  37081625.010   193093841.54107      -135.389          44.875    37081624.275   156904579.38607      -110.015          45.500                                                                  
C14                                                                  22873842.115   119110391.37808      1843.371          47.125    22873836.412    96787308.34908      1497.890          50.562                                                                  
C24  26189416.871   137626347.34105     -2322.726          33.875    26189417.958   136375198.69106     -2301.610          37.625    26189417.070   110816028.81807     -1870.247          41.750                                                                  
C26                                                                  26339320.166   137149472.04503      -827.955          21.188                                                                                                                                  
C27  23470782.361   123339853.54807     -1870.793          42.125    23470783.102   122218581.18007     -1853.786          44.438    23470784.191    99312618.13607     -1506.353          46.250                                                                  
C28  21959054.793   115395749.46507       593.819          45.562    21959061.708   114346697.86208       588.421          49.000    21959059.295    92916080.98408       478.140          50.062                                                                  
C33  22024782.680   115741242.55908       620.094          47.438    22024788.935   114689050.98008       614.457          50.188    22024797.530    93194293.79308       499.297          50.750                                                                  
C38  36193530.068   190198717.70107        31.530          45.000    36193530.072   188469642.02307        31.244          46.688    36193527.011   153147110.67608        25.388          49.375                                                                  
C39  40278302.232   211664260.67306     -1849.773          35.188    40278306.276   209739952.77506     -1832.957          38.750    40278309.598   170431034.18207     -1489.427          42.875                                                                  
C40  39358397.769   206829761.41206      1902.323          38.812    39358390.386   204949459.34906      1885.029          36.188    39358397.779   166538218.31307      1531.741          44.000                                                                  
C41  23460139.061   123284103.52807     -1755.182          44.438    23460137.026   122163350.88907     -1739.226          44.562    23460142.394    99267781.09708     -1413.263          49.875                                                                  
C42  25051130.014   131645145.12607      2601.243          41.188    25051136.660   130448455.68507      2577.595          44.312    25051142.434   106000183.12208      2094.507          47.062                                                                  
C43  24375953.728   128096593.36006      3242.357          39.938    24375956.347   126932058.32007      3212.881          43.500    24375953.850   103142712.51307      2610.729          44.000                                                                  
C59                                                                  37781715.455   196739310.32707       -52.073          44.250    37781703.632   159866866.65907       -42.313          45.938    37781700.534   152131364.42507       -40.266          46.375  
C60                                                                  38407822.599   199999644.75907       -52.073          44.812    38407803.108   162516108.92207       -42.313          45.438    38407801.968   154652433.94007       -40.266          45.562  
C61                                                                                                                                                                                                  37385659.459   150536574.77208       -28.186          47.250  
C62                                                                  38333353.723   199611856.09407        15.622          45.875    38333351.777   162201009.93107        12.694          45.250    38333336.906   154352565.44409        12.080          53.875  
E03  25972736.018   136488018.36707      2401.551          43.000    25972738.768   101922984.52507      1793.366          45.875    25972736.623   110785811.02408      1949.311          47.875    25972734.582   104581833.06108      1840.150          47.938  
E07  25144514.685   132135720.53707     -2406.806          43.625    25144518.376    98672975.34507     -1797.290          45.062    25144515.856   107253097.70208     -1953.576          47.500    25144513.899   101246950.26008     -1844.176          47.500  
E08  23354848.638   122731022.60107        57.805          46.375    23354848.737    91650016.91508        43.166          49.000    23354848.802    99619535.35608        46.920          51.250    23354844.717    94040871.92208        44.292          51.375  
E13  23303026.504   122458391.87207      -399.383          45.562    23303030.954    91446220.27308      -298.241          48.750    23303029.644    99398063.92808      -324.174          50.812    23303026.757    93831771.64608      -306.021          51.438  
E15  25221306.842   132539034.26107      2017.933          42.312    25221313.231    98974090.27907      1506.898          45.188    25221313.082   107580512.36108      1637.933          47.375    25221309.157   101555931.79008      1546.209          47.188  
E26  25911123.122   136163926.05307     -2417.316          41.188    25911127.811   101680866.33207     -1805.139          44.000    25911127.879   110522662.77307     -1962.107          45.938    25911123.244   104333409.66807     -1852.229          45.938  
E32  24108916.408   126693409.06407      1282.229          44.375    24108922.100    94608767.55508       957.509          49.438    24108922.024   102835597.48408      1040.770          50.500    24108918.228    97076787.67008       982.487          51.625  
G05  20972233.957   110209833.57507      1292.739          46.500    20972232.241    85878207.52707      1007.329          46.125                                                                  
G11  23975408.701   125991554.49207      3389.498          41.188    23975403.824    98175482.26006      2641.167          37.688    23975411.833    94084848.66707      2531.119          44.125  
G13  19901042.262   104581064.79007       641.114          46.688    19901038.707    81491770.77207       499.569          43.125                                                                  
G15  20075745.103   105498877.97107     -1418.860          46.500    20075748.562    82207202.75508     -1105.605          47.562                                                                  
G18  22440507.784   117925746.68307     -2916.544          41.688    22440509.339    91890213.82107     -2272.632          43.750    22440510.861    88061459.96407     -2177.939          45.438  
G20  20280136.803   106573045.97508       441.423          47.688    20280133.938    83044011.58907       343.966          43.812    20280136.867    79583851.75809       329.634          55.000  
G21  22646414.081   119007670.41107      2359.511          42.500    22646411.992    92733247.32306      1838.580          38.562    22646416.308    88870000.05207      1761.973          46.562  
G23  24167597.866   127001661.76206     -2643.283          36.062    24167604.181    98962340.02207     -2059.701          41.250    24167607.120    94838914.88507     -1973.880          43.562  
G24  24534964.473   128932199.23306     -3915.001          36.312    24534965.431   100466751.81505     -3050.650          34.625    24534970.552    96280779.37607     -2923.540          42.062  
G29  22264869.407   117002701.89507      2165.075          43.812    22264866.070    91170976.64806      1687.071          39.188                                                                  
G30  23829826.084   125226536.80005      1229.678          33.562    23829826.080    97579220.59005       958.191          31.938    23829826.007    93513417.61206       918.266          37.250  
R01  22028846.613   117757022.16407     -2886.609          43.312                                                                  
R07  21277202.792   113899068.71807      3051.254          46.250    21277209.839    88588284.05508      2373.198          48.125  
R08  19499104.990   104416914.70307       112.454          46.375    19499104.931    81213358.11708        87.464          50.500  
R09  23886935.226   127554891.13406     -2402.975          38.438    23886943.178    99209403.46006     -1868.981          38.562  
R22  20646897.673   110214653.86408      3272.236          51.062    20646893.445    85722542.14507      2545.072          45.625  
R23  19242550.302   102934714.83908       310.261          49.562                                                                  
R24  22490851.463   120268643.96905     -3866.206          32.312    22490855.521    93542315.41606     -3007.049          36.000  
> 2026 03 22 12 33 11.0000000  0 50                     
C01                                                                  38229334.123   199070181.85107        -5.207          42.688    38229333.583   161760855.67107        -4.231          41.750                                                                  
C02                                                                  37936989.166   197547931.93506       -98.938          39.062    37936989.043   160523925.26007       -80.395          41.062                                                                  
C03                                                                  37179308.133   193602411.18807       -15.622          43.250    37179305.564   157317880.37207       -12.694          43.250                                                                  
C04                                                                  38981254.584   202985633.15206         5.207          39.125    38981251.584   164942500.77506         4.231          40.750                                                                  
C05                                                                  40158309.883   209114904.19206       -67.695          35.062    40158313.731   169923056.57906       -55.007          39.062                                                                  
C07                                                                  38754116.135   201802807.80306      1671.531          36.750    38754111.728   163981337.80907      1358.256          41.688                                                                  
C08                                                                  36681978.478   191012769.65607       -46.865          41.750    36681972.641   155213535.82707       -38.082          45.125                                                                  
C10                                                                  38269722.914   199280483.00706      1609.044          37.812    38269717.744   161931714.35407      1307.480          41.438                                                                  
C13                                                                  37081599.066   193093706.27907      -135.389          44.812    37081598.276   156904469.47607      -110.015          45.312                                                                  
C14                                                                  22874196.766   119112236.82808      1843.371          47.188    22874190.804    96788807.91708      1497.890          50.312                                                                  
C24  26188974.591   137624025.66505     -2322.726          33.500    26188976.114   136372898.14206     -2301.610          37.500    26188975.290   110814159.41107     -1870.247          41.562                                                                  
C26                                                                  26339161.563   137149472.04503      -822.748          20.500                                                                                                                                  
C27  23470426.288   123337982.70407     -1870.793          42.062    23470427.066   122216727.37107     -1853.786          44.375    23470428.155    99311111.74107     -1506.353          46.000                                                                  
C28  21959168.188   115396345.20207       593.819          45.562    21959174.976   114347288.18408       588.421          48.875    21959172.646    92916560.66408       478.140          49.875                                                                  
C33  22024900.771   115741863.55308       620.094          47.375    22024907.235   114689666.32008       614.457          50.062    22024915.699    93194793.80808       499.297          50.500                                                                  
C38  36193536.827   190198753.25807        31.530          45.000    36193536.690   188469677.27107        31.244          46.625    36193533.743   153147139.30808        25.388          49.125                                                                  
C39  40277950.177   211662410.80506     -1849.773          35.188    40277954.079   209738119.72206     -1832.957          38.750    40277957.574   170429544.67307     -1489.427          42.625                                                                  
C40  39358760.051   206831666.53806      1902.323          38.875    39358753.032   204951347.14406      1885.029          36.250    39358760.295   166539752.28207      1531.741          43.750                                                                  
C41  23459805.165   123282347.87007     -1755.182          44.312    23459802.999   122161611.19107     -1739.226          44.562    23459808.292    99266367.44708     -1413.263          49.625                                                                  
C42  25051625.608   131647749.55607      2601.243          41.125    25051632.134   130451036.42407      2577.595          44.062    25051638.058   106002280.18807      2094.507          46.875                                                                  
C43  24376570.684   128099835.65406      3242.357          39.938    24376573.312   126935271.13607      3212.881          43.438    24376570.798   103145323.15307      2610.729          43.750                                                                  
C59                                                                  37781705.245   196739257.42807       -52.073          44.188    37781693.445   159866823.67607       -42.313          45.562    37781690.338   152131323.50207       -40.266          46.188  
C60                                                                  38407812.888   199999594.22207       -52.073          44.688    38407793.402   162516067.84607       -42.313          45.188    38407792.243   154652394.84507       -40.266          45.312  
C61                                                                                                                                                                                                  37385653.127   150536549.40308       -28.186          47.000  
C62                                                                  38333356.914   199611872.56707        15.622          45.750    38333354.945   162201023.30907        12.694          45.000    38333340.052   154352578.17509        12.080          53.625  
E03  25973193.483   136490421.89907      2401.551          43.000    25973196.133   101924779.36507      1793.366          45.750    25973194.052   110787761.93708      1949.311          47.188    25973191.945   104583674.71308      1840.150          47.750  
E07  25144057.484   132133318.01507     -2401.551          43.562    25144061.180    98671181.24207     -1793.366          44.938    25144058.642   107251147.60807     -1949.311          46.938    25144056.678   101245109.37208     -1840.150          47.250  
E08  23354859.804   122731081.00107        57.805          46.375    23354859.823    91650060.51208        43.166          48.875    23354859.910    99619582.75308        46.920          50.625    23354855.793    94040916.65708        44.292          51.188  
E13  23302950.265   122457991.78207      -399.383          45.562    23302954.797    91445921.50708      -298.240          48.625    23302953.470    99397739.18208      -324.174          50.250    23302950.600    93831465.07608      -306.021          51.250  
E15  25221690.749   132541051.92907      2017.933          42.375    25221697.138    98975596.96807      1506.898          45.062    25221697.094   107582150.07207      1637.933          46.812    25221693.074   101557477.79207      1546.209          46.938  
E26  25910663.409   136161509.80507     -2417.316          41.125    25910668.007   101679061.96807     -1805.139          43.938    25910668.102   110520701.50107     -1962.107          45.375    25910663.419   104331558.22807     -1852.229          45.688  
E32  24109161.228   126694695.56707      1287.483          44.375    24109166.871    94609728.23208       961.432          49.312    24109166.794   102836641.71308      1045.035          49.938    24109163.026    97077773.41208       986.513          51.500  
G05  20972480.532   110211129.12207      1292.739          46.438    20972479.056    85879217.04507      1007.329          46.000                                                                  
G11  23976053.753   125994945.55506      3389.498          40.750    23976049.256    98178124.69806      2641.167          37.750    23976057.058    94087380.94607      2531.119          44.000  
G13  19901164.325   104581705.90407       641.114          46.688    19901160.691    81492270.33407       499.570          43.062                                                                  
G15  20075475.196   105497459.31207     -1418.860          46.562    20075478.344    82206097.30208     -1105.605          47.312                                                                  
G18  22439953.389   117922834.07007     -2916.544          41.500    22439955.205    91887944.24207     -2272.632          43.625    22439956.597    88059284.96307     -2177.939          45.312  
G20  20280221.203   106573491.13008       441.423          47.500    20280218.625    83044358.45907       343.966          43.938    20280221.572    79584184.17609       329.634          54.812  
G21  22646863.572   119010033.56807      2359.511          42.312    22646861.641    92735088.73006      1838.580          38.250    22646865.990    88871764.73107      1761.973          46.375  
G23  24167095.079   126999019.23506     -2643.283          36.188    24167101.796    98960280.92807     -2059.701          41.250    24167104.218    94836941.58007     -1973.880          43.375  
G24  24534219.205   128928286.09106     -3915.001          36.375    24534220.475   100463702.58305     -3050.650          34.375    24534225.833    96277857.22907     -2923.540          41.812  
G29  22265282.278   117004870.14007      2165.075          43.812    22265278.736    91172666.17706      1687.071          39.062                                                                  
G30  23830060.882   125227768.20005      1229.678          33.500    23830059.968    97580180.10305       958.191          31.812    23830060.263    93514337.15306       918.266          37.125  
R01  22028306.747   117754137.90907     -2886.609          43.500                                                                  
R07  21277772.928   113902120.06607      3051.254          46.312    21277779.676    88590657.31008      2373.198          47.688  
R08  19499125.736   104417027.35807       112.454          46.375    19499126.144    81213445.73508        87.464          50.438  
R09  23886485.070   127552487.48806     -2402.975          38.625    23886492.673    99207533.95506     -1868.981          38.312  
R22  20647510.969   110217927.65508      3272.236          51.062    20647506.461    85725088.43107      2545.072          45.312  
R23  19242608.933   102935028.70808       310.261          49.500                                                                  
R24  22490128.893   120264778.66205     -3866.206          32.125    22490132.616    93539309.02406     -3007.049          35.625  
> 2026 03 22 12 33 12.0000000  0 50                     
C01                                                                  38229333.182   199070176.93307        -5.207          42.875    38229332.632   161760851.71007        -4.231          41.625                                                                  
C02                                                                  37936970.613   197547834.95906       -98.938          39.188    37936970.464   160523846.47406       -80.395          40.875                                                                  
C03                                                                  37179304.879   193602394.54307       -15.622          43.500    37179302.297   157317866.87107       -12.694          43.125                                                                  
C04                                                                  38981255.474   202985637.71806         5.207          39.125    38981252.443   164942504.51506         4.231          40.688                                                                  
C05                                                                  40158296.678   209114835.48306       -67.695          35.000    40158300.499   169923000.74706       -55.007          39.000                                                                  
C07                                                                  38754436.975   201804478.92306      1671.531          36.750    38754432.659   163982695.72507      1358.256          41.562                                                                  
C08                                                                  36681969.354   191012722.84207       -46.865          41.938    36681963.648   155213497.79007       -38.082          45.062                                                                  
C10                                                                  38270032.236   199282093.40906      1609.044          38.000    38270026.967   161933022.96007      1307.480          41.312                                                                  
C13                                                                  37081573.102   193093570.72207      -135.389          44.938    37081572.228   156904359.33207      -110.015          45.188                                                                  
C14                                                                  22874551.384   119114082.14108      1843.371          47.375    22874545.173    96790307.39608      1497.890          50.188                                                                  
C24  26188532.207   137621703.88605     -2322.726          33.500    26188534.502   136370597.46506     -2301.610          37.875    26188533.435   110812289.94007     -1870.247          41.500                                                                  
C26                                                                  26339002.278   137147947.53503      -822.748          20.188                                                                                                                                  
C27  23470070.255   123336112.04707     -1870.793          42.188    23470070.988   122214873.70307     -1853.786          44.500    23470072.174    99309605.52507     -1506.353          45.875                                                                  
C28  21959281.612   115396941.19807       593.819          45.688    21959288.311   114347878.77808       588.421          49.000    21959286.091    92917040.57808       478.140          49.750                                                                  
C33  22025018.955   115742484.53808       620.094          47.500    22025025.552   114690281.65308       614.457          50.188    22025033.879    93195293.82808       499.297          50.375                                                                  
C38  36193543.552   190198788.50607        31.530          45.125    36193543.250   188469712.18407        31.244          46.812    36193540.454   153147167.68808        25.388          49.000                                                                  
C39  40277598.021   211660560.59706     -1849.773          35.438    40277601.955   209736286.32606     -1832.957          38.938    40277605.503   170428054.91607     -1489.427          42.625                                                                  
C40  39359122.359   206833571.37606      1902.323          39.188    39359115.729   204953234.63506      1885.029          36.750    39359122.771   166541286.07307      1531.741          43.625                                                                  
C41  23459471.185   123280592.17807     -1755.182          44.500    23459468.920   122159871.46607     -1739.226          44.750    23459474.211    99264953.79208     -1413.263          49.562                                                                  
C42  25052121.178   131650353.72507      2601.243          41.375    25052127.518   130453616.91907      2577.595          44.125    25052133.633   106004377.04307      2094.507          46.750                                                                  
C43  24377187.780   128103077.81006      3242.357          40.125    24377190.216   126938483.82307      3212.881          43.688    24377187.759   103147933.76807      2610.729          43.625                                                                  
C59                                                                  37781695.077   196739204.26607       -52.073          44.438    37781683.199   159866780.48607       -42.313          45.500    37781680.126   152131282.39407       -40.266          46.438  
C60                                                                  38407803.123   199999543.38407       -52.073          44.875    38407783.654   162516026.55007       -42.313          45.062    38407782.483   154652355.53307       -40.266          45.625  
C61                                                                                                                                                                                                  37385646.780   150536523.83208       -28.186          47.312  
C62                                                                  38333360.025   199611888.75907        15.622          45.938    38333358.102   162201036.47607        12.694          44.750    38333343.141   154352590.69009        12.080          54.000  
E03  25973650.941   136492825.34907      2401.551          43.188    25973653.451   101926574.13607      1793.366          45.750    25973651.347   110789712.79207      1949.311          46.875    25973649.297   104585516.31908      1840.150          47.875  
E07  25143600.322   132130915.46607     -2401.551          43.688    25143603.976    98669387.11907     -1793.366          45.062    25143601.373   107249197.49407     -1949.311          46.750    25143599.481   101243268.44908     -1840.150          47.438  
E08  23354870.978   122731139.52407        57.805          46.438    23354870.946    91650104.20908        43.166          49.000    23354870.981    99619630.26708        46.920          50.438    23354866.926    94040961.50308        44.292          51.250  
E13  23302874.033   122457591.76007      -399.383          45.688    23302878.663    91445622.76808      -298.240          48.688    23302877.374    99397414.47908      -324.174          50.000    23302874.487    93831158.54108      -306.021          51.375  
E15  25222074.614   132543069.61207      2017.933          42.438    25222081.082    98977103.66907      1506.898          45.125    25222081.005   107583787.79507      1637.933          46.438    25222077.020   101559023.78808      1546.209          47.125  
E26  25910203.713   136159093.30407     -2417.316          41.250    25910208.181   101677257.45707     -1805.139          44.000    25910208.242   110518740.09607     -1962.107          45.000    25910203.555   104329706.64007     -1852.229          45.812  
E32  24109406.071   126695982.10807      1287.483          44.500    24109411.705    94610688.95908       961.432          49.375    24109411.537   102837685.99408      1045.035          49.750    24109407.815    97078759.20208       986.513          51.625  
G05  20972727.143   110212424.65507      1292.739          46.438    20972725.767    85880226.54707      1007.329          46.062                                                                  
G11  23976698.784   125998336.54606      3389.498          40.625    23976694.831    98180767.03606      2641.167          37.938    23976702.345    94089913.16507      2531.119          44.000  
G13  19901286.502   104582347.38307       641.114          46.812    19901282.684    81492770.19707       499.570          43.125                                                                  
G15  20075205.341   105496040.93007     -1418.860          46.750    20075208.315    82204992.05908     -1105.605          47.250                                                                  
G18  22439398.898   117919921.40907     -2911.290          41.500    22439401.047    91885674.65607     -2268.538          43.688    22439402.361    88057109.93307     -2174.015          45.375  
G20  20280305.702   106573936.55708       446.678          47.438    20280303.379    83044705.55307       348.061          43.938    20280306.322    79584516.78509       333.558          54.812  
G21  22647313.116   119012396.57007      2359.511          42.375    22647311.446    92736930.04406      1838.580          38.500    22647315.624    88873529.30507      1761.973          46.375  
G23  24166592.539   126996376.51706     -2643.283          36.688    24166599.720    98958221.63807     -2059.701          41.438    24166601.285    94834968.08707     -1973.880          43.312  
G24  24533474.113   128924372.52606     -3915.001          35.875    24533475.746   100460653.15005     -3050.650          34.500    24533481.017    96274934.83907     -2923.540          41.938  
G29  22265695.017   117007038.59307      2165.075          43.750    22265691.855    91174355.86306      1687.071          39.312                                                                  
G30  23830295.443   125228999.82505      1229.678          33.625    23830294.860    97581139.85305       958.191          31.750    23830294.649    93515256.90806       918.266          37.062  
R01  22027767.229   117751253.75107     -2886.609          43.875                                                                  
R07  21278342.878   113905171.25807      3051.254          46.375    21278349.552    88593030.48108      2373.198          47.625  
R08  19499146.675   104417140.24707       112.454          46.188    19499147.375    81213533.54308        87.464          50.375  
R09  23886035.082   127550084.02706     -2402.975          38.625    23886042.557    99205664.60206     -1868.981          38.312  
R22  20648124.171   110221201.73208      3272.236          50.938    20648119.540    85727634.93607      2545.072          44.938  
R23  19242667.658   102935343.16908       315.610          49.500                                                                  
R24  22489407.043   120260913.31805     -3866.206          32.250    22489410.145    93536302.65706     -3007.049          35.562  
> 2026 03 22 12 33 13.0000000  0 50                     
C01                                                                  38229332.235   199070172.00007        -5.207          42.875    38229331.697   161760847.69807        -4.231          41.375                                                                  
C02                                                                  37936952.053   197547737.97006       -98.938          39.250    37936951.792   160523767.67006       -80.395          40.438                                                                  
C03                                                                  37179301.671   193602377.90307       -15.622          43.562    37179299.099   157317853.35807       -12.694          42.750                                                                  
C04                                                                  38981256.366   202985642.30106         5.207          39.312    38981253.324   164942508.25106         4.231          40.375                                                                  
C05                                                                  40158283.491   209114766.78406       -67.695          35.312    40158287.344   169922944.92006       -55.007          38.562                                                                  
C07                                                                  38754758.015   201806150.03206      1671.531          36.750    38754753.583   163984053.68307      1358.256          41.375                                                                  
C08                                                                  36681960.226   191012675.99607       -46.866          41.875    36681954.592   155213459.73107       -38.082          44.625                                                                  
C10                                                                  38270341.449   199283703.86606      1609.044          38.125    38270336.180   161934331.60506      1307.480          40.812                                                                  
C13                                                                  37081547.093   193093435.12907      -135.389          44.938    37081546.198   156904249.15507      -110.015          44.875                                                                  
C14                                                                  22874905.996   119115927.62108      1843.371          47.438    22874899.550    96791807.01608      1497.890          49.875                                                                  
C24  26188089.605   137619382.23205     -2322.726          33.375    26188092.689   136368296.88206     -2301.610          37.750    26188091.646   110810420.57207     -1870.247          41.062                                                                  
C26                                                                  26338845.282   137146423.02503      -822.747          19.750                                                                                                                                  
C27  23469714.300   123334241.79307     -1870.793          42.125    23469715.063   122213020.48107     -1853.785          44.438    23469716.270    99308099.61507     -1506.353          45.562                                                                  
C28  21959395.128   115397537.75307       593.819          45.688    21959401.740   114348469.89808       588.421          48.938    21959399.602    92917520.91508       478.140          49.375                                                                  
C33  22025137.281   115743105.79308       620.094          47.500    22025143.802   114690897.26708       614.457          50.125    22025152.077    93195794.06608       499.297          50.062                                                                  
C38  36193550.172   190198823.69807        31.530          45.000    36193549.784   188469747.06807        31.244          46.750    36193547.127   153147196.03408        25.388          48.688                                                                  
C39  40277245.879   211658710.34406     -1849.773          35.438    40277249.659   209734452.94606     -1832.957          38.938    40277253.358   170426565.16007     -1489.427          42.062                                                                  
C40  39359484.695   206835476.23306      1902.323          39.000    39359478.633   204955122.21306      1885.029          36.938    39359485.243   166542819.88407      1531.741          43.312                                                                  
C41  23459137.197   123278836.74507     -1755.182          44.500    23459134.946   122158132.01307     -1739.226          44.750    23459140.133    99263540.33808     -1413.263          49.250                                                                  
C42  25052616.750   131652957.89707      2601.243          41.438    25052622.866   130456197.42607      2577.595          44.125    25052629.199   106006473.91807      2094.507          46.438                                                                  
C43  24377804.734   128106320.15706      3242.357          39.812    24377807.237   126941696.70307      3212.881          43.750    24377804.727   103150544.47707      2610.729          43.250                                                                  
C59                                                                  37781684.850   196739151.08307       -52.073          44.438    37781673.000   159866737.28007       -42.313          45.125    37781669.898   152131241.29207       -40.266          46.125  
C60                                                                  38407793.337   199999492.57007       -52.073          44.750    38407773.859   162515985.25607       -42.313          44.750    38407772.695   154652316.25107       -40.266          45.188  
C61                                                                                                                                                                                                  37385640.397   150536498.26708       -28.186          47.000  
C62                                                                  38333363.110   199611904.95207        15.622          46.000    38333361.211   162201049.64507        12.694          44.500    38333346.247   154352603.22709        12.080          53.562  
E03  25974108.370   136495228.96607      2401.551          43.062    25974110.821   101928369.05507      1793.366          45.625    25974108.808   110791663.79707      1949.311          46.750    25974106.699   104587358.07408      1840.150          47.625  
E07  25143143.244   132128513.19907     -2401.551          43.688    25143146.784    98667593.23607     -1793.366          44.938    25143144.209   107247247.59807     -1949.311          46.500    25143142.282   101241427.75708     -1840.150          47.188  
E08  23354882.239   122731198.46907        57.805          46.375    23354882.111    91650148.23608        43.166          48.812    23354882.133    99619678.11808        46.920          50.188    23354878.136    94041006.67608        44.292          51.062  
E13  23302797.907   122457192.02707      -399.383          45.562    23302802.547    91445324.27908      -298.240          48.562    23302801.266    99397090.03208      -324.174          49.812    23302798.397    93830852.27908      -306.021          51.125  
E15  25222458.564   132545087.53007      2017.933          42.375    25222465.022    98978610.56107      1506.898          45.000    25222464.993   107585425.71607      1637.933          46.375    25222460.991   101560569.98807      1546.209          46.875  
E26  25909744.079   136156676.95107     -2417.316          41.125    25909748.290   101675453.02707     -1805.139          43.812    25909748.399   110516778.75807     -1962.107          44.938    25909743.740   104327855.14207     -1852.229          45.625  
E32  24109650.986   126697268.98007      1287.484          44.438    24109656.530    94611649.96608       961.433          49.250    24109656.401   102838730.54908      1045.035          49.500    24109652.684    97079745.26708       986.513          51.375  
G05  20972973.658   110213720.45907      1292.739          46.250    20972972.448    85881236.28407      1007.329          45.875                                                                  
G11  23977344.066   126001727.71206      3389.498          40.562    23977340.748    98183409.47706      2641.167          38.000    23977347.660    94092445.54607      2531.119          43.938  
G13  19901408.712   104582989.51507       641.114          46.812    19901404.932    81493270.55207       499.570          43.062                                                                  
G15  20074935.603   105494623.07407     -1418.860          46.812    20074938.135    82203887.25307     -1105.605          46.938                                                                  
G18  22438844.614   117917009.04807     -2911.290          41.312    22438847.612    91883405.28907     -2268.538          43.500    22438848.122    88054935.13307     -2174.015          45.312  
G20  20280390.314   106574382.49208       446.678          47.250    20280388.203    83045053.02807       348.061          43.938    20280391.115    79584849.80609       333.558          54.750  
G21  22647762.679   119014759.70107      2359.511          42.250    22647761.029    92738771.45806      1838.580          38.375    22647765.289    88875293.99507      1761.973          46.312  
G23  24166089.835   126993733.75506     -2643.283          36.438    24166096.975    98956162.39507     -2059.701          41.000    24166098.393    94832994.62907     -1973.880          43.250  
G24  24532729.029   128920458.95206     -3915.001          36.250    24532731.590   100457603.65005     -3050.650          34.312    24532736.183    96272012.42807     -2923.540          41.750  
G29  22266107.796   117009207.51807      2170.329          43.750    22266104.719    91176045.97906      1691.166          39.062                                                                  
G30  23830530.082   125230232.03705      1229.678          33.188    23830529.364    97582099.95105       958.191          31.375    23830529.140    93516177.05306       918.266          36.938  
R01  22027227.688   117748369.95307     -2886.609          43.812                                                                  
R07  21278913.065   113908222.64907      3051.255          46.375    21278919.326    88595403.77007      2373.198          46.938  
R08  19499167.848   104417253.66307       112.454          46.062    19499168.746    81213621.74908        87.464          49.812  
R09  23885585.270   127547681.00806     -2402.975          38.500    23885591.872    99203795.57106     -1868.981          37.875  
R22  20648737.258   110224476.35708      3272.236          50.625    20648732.518    85730181.88307      2545.072          44.250  
R23  19242726.520   102935658.51208       315.610          49.312                                                                  
R24  22488685.383   120257048.35605     -3866.206          32.312    22488687.258    93533296.55806     -3007.049          35.062  
> 2026 03 22 12 33 14.0000000  0 50                     
C01                                                                  38229331.204   199070166.50507        -5.207          43.125    38229330.670   161760843.23307        -4.231          41.750                                                                  
C02                                                                  37936933.274   197547640.42006       -98.938          39.500    37936933.064   160523688.39406       -80.395          40.875                                                                  
C03                                                                  37179298.409   193602360.70307       -15.622          43.750    37179295.875   157317839.37107       -12.694          43.062                                                                  
C04                                                                  38981257.150   202985646.33306         5.207          39.438    38981254.130   164942511.52606         4.231          40.750                                                                  
C05                                                                  40158270.122   209114697.49606       -67.695          35.500    40158274.059   169922888.63506       -55.007          39.000                                                                  
C07                                                                  38755078.753   201807820.60506      1671.531          37.062    38755074.458   163985411.13007      1358.256          41.562                                                                  
C08                                                                  36681951.035   191012628.52807       -46.866          42.000    36681945.472   155213421.16307       -38.082          45.000                                                                  
C10                                                                  38270650.626   199285313.80806      1609.044          38.438    38270645.400   161935639.79107      1307.480          41.312                                                                  
C13                                                                  37081521.047   193093298.92607      -135.389          45.250    37081520.064   156904138.47507      -110.015          45.188                                                                  
C14                                                                  22875260.598   119117772.71108      1843.371          47.812    22875253.898    96793306.29708      1497.890          50.250                                                                  
C24  26187646.955   137617060.09405     -2322.726          33.375    26187650.918   136365995.92706     -2301.610          37.875    26187649.829   110808550.84507     -1870.247          41.438                                                                  
C26                                                                  26338686.603   137146423.02503      -817.540          20.000                                                                                                                                  
C27  23469358.375   123332371.43207     -1870.793          42.312    23469359.088   122211167.11607     -1853.785          44.750    23469360.386    99306593.60207     -1506.353          45.875                                                                  
C28  21959508.670   115398134.29107       593.819          45.812    21959515.143   114349061.01908       588.421          49.250    21959513.159    92918001.24308       478.140          49.688                                                                  
C33  22025255.547   115743726.76608       620.094          47.750    22025262.083   114691512.58708       614.457          50.438    22025270.249    93196294.05608       499.297          50.375                                                                  
C38  36193556.770   190198858.27907        31.530          45.188    36193556.242   188469781.32007        31.244          46.938    36193553.748   153147223.87408        25.388          49.062                                                                  
C39  40276893.474   211656859.53106     -1849.773          35.562    40276897.412   209732618.92406     -1832.957          39.375    40276901.102   170425074.88307     -1489.427          42.438                                                                  
C40  39359847.016   206837380.56906      1902.323          39.188    39359841.471   204957009.23506      1885.029          37.312    39359847.613   166544353.22407      1531.741          43.625                                                                  
C41  23458803.222   123277081.00707     -1755.182          44.688    23458800.937   122156392.22807     -1739.226          45.062    23458806.064    99262126.62108     -1413.263          49.562                                                                  
C42  25053112.190   131655561.55107      2601.243          41.625    25053118.178   130458777.39607      2577.595          44.250    25053124.669   106008570.35907      2094.507          46.750                                                                  
C43  24378421.530   128109562.09106      3242.357          39.938    24378424.256   126944909.18007      3212.881          44.000    24378421.703   103153154.85907      2610.729          43.625                                                                  
C59                                                                  37781674.503   196739097.35107       -52.073          44.562    37781662.691   159866693.61307       -42.313          45.562    37781659.593   152131199.73707       -40.266          46.688  
C60                                                                  38407783.435   199999441.17007       -52.073          45.062    38407764.016   162515943.49807       -42.313          45.062    38407762.851   154652276.50907       -40.266          45.812  
C61                                                                                                                                                                                                  37385633.996   150536472.26908       -28.186          47.562  
C62                                                                  38333366.147   199611920.57907        15.622          46.188    38333364.250   162201062.32607        12.694          44.812    38333349.284   154352615.30809        12.080          54.125  
E03  25974565.764   136497632.20607      2401.551          43.250    25974568.161   101930163.66407      1793.366          45.750    25974566.203   110793614.46507      1949.311          46.750    25974564.031   104589199.51408      1840.150          48.000  
E07  25142686.221   132126110.60007     -2401.551          43.938    25142689.624    98665799.09107     -1793.366          45.000    25142686.903   107245297.44507     -1949.311          46.375    25142685.113   101239586.81108     -1840.150          47.562  
E08  23354893.520   122731257.24507        57.805          46.500    23354893.377    91650192.13208        43.166          48.938    23354893.277    99619725.81708        46.920          50.125    23354889.356    94041051.71908        44.292          51.375  
E13  23302721.752   122456792.03507      -399.383          45.688    23302726.485    91445025.59008      -298.240          48.688    23302725.135    99396765.36308      -324.174          49.688    23302722.318    93830545.80008      -306.021          51.500  
E15  25222842.522   132547105.11407      2017.934          42.375    25222849.007    98980117.21107      1506.898          45.062    25222848.967   107587063.37807      1637.933          46.312    25222844.950   101562115.95008      1546.209          47.250  
E26  25909284.366   136154260.05107     -2417.316          41.312    25909288.406   101673648.21907     -1805.139          44.000    25909288.447   110514816.99207     -1962.107          44.875    25909283.849   104326003.25407     -1852.229          46.000  
E32  24109895.856   126698555.64207      1287.484          44.562    24109901.430    94612610.76808       961.433          49.375    24109901.229   102839774.89808      1045.035          49.438    24109897.568    97080731.13908       986.513          51.750  
G05  20973220.181   110215015.95807      1292.739          46.312    20973219.163    85882245.75907      1007.329          46.062                                                                  
G11  23977989.408   126005118.54607      3389.498          41.062    23977987.095    98186051.67306      2641.167          38.312    23977992.956    94094977.65407      2531.119          44.125  
G13  19901531.006   104583631.72008       641.114          47.062    19901527.233    81493770.98807       499.570          43.312                                                                  
G15  20074665.967   105493205.18108     -1418.860          47.062    20074668.042    82202782.40308     -1105.605          47.062                                                                  
G18  22438290.243   117914096.36907     -2911.290          41.562    22438294.285    91881135.66207     -2268.538          43.750    22438293.943    88052760.07407     -2174.015          45.375  
G20  20280475.023   106574828.38908       446.678          47.312    20280473.081    83045400.49407       348.061          44.125    20280476.007    79585182.78309       333.558          54.875  
G21  22648212.188   119017122.38507      2359.511          42.500    22648210.637    92740612.49806      1838.580          38.500    22648214.933    88877058.33507      1761.973          46.500  
G23  24165586.922   126991090.46106     -2643.283          35.938    24165594.091    98954102.67107     -2059.701          41.000    24165595.437    94831020.74407     -1973.880          43.438  
G24  24531984.160   128916544.77106     -3915.001          36.875    24531987.646   100454553.65005     -3050.650          34.625    24531991.324    96269089.53007     -2923.540          42.000  
G29  22266520.546   117011376.36607      2170.329          43.812    22266516.774    91177735.95506      1691.166          39.125                                                                  
G30  23830764.691   125231464.21505      1229.678          33.500    23830763.194    97583060.11305       958.191          31.500    23830763.587    93517097.15506       918.266          37.062  
R01  22026687.882   117745485.92107     -2886.609          44.000                                                                  
R07  21279483.249   113911273.63207      3051.255          46.812    21279488.901    88597776.76008      2373.198          47.125  
R08  19499188.730   104417367.04107       112.454          46.312    19499190.217    81213709.93108        87.464          50.062  
R09  23885135.460   127545277.82206     -2402.975          38.562    23885140.822    99201926.43406     -1868.981          38.125  
R22  20649350.545   110227750.96408      3272.236          51.000    20649345.654    85732728.78407      2545.072          44.625  
R23  19242785.596   102935974.14308       315.610          49.750                                                                  
R24  22487962.024   120253183.08305     -3866.206          32.500    22487964.387    93530290.26606     -3007.049          35.625  
> 2026 03 22 12 33 15.0000000  0 50                     
C01                                                                  38229330.174   199070161.37607        -5.207          43.312    38229329.651   161760839.02307        -4.231          41.750                                                                  
C02                                                                  37936914.564   197547543.22006       -98.938          39.562    37936914.434   160523609.41207       -80.395          41.125                                                                  
C03                                                                  37179295.119   193602343.84507       -15.622          43.875    37179292.694   157317825.65207       -12.694          43.250                                                                  
C04                                                                  38981257.986   202985650.71906         5.207          39.688    38981254.914   164942515.07406         4.231          40.812                                                                  
C05                                                                  40158256.861   209114628.56806       -67.695          35.625    40158260.863   169922832.61506       -55.007          39.125                                                                  
C07                                                                  38755399.461   201809491.53706      1671.531          37.250    38755395.313   163986768.90407      1358.256          41.688                                                                  
C08                                                                  36681941.705   191012581.36107       -46.865          42.125    36681936.433   155213382.81807       -38.082          45.250                                                                  
C10                                                                  38270959.869   199286924.11406      1609.044          38.438    38270954.669   161936948.29507      1307.480          41.500                                                                  
C13                                                                  37081495.021   193093162.99807      -135.389          45.375    37081493.949   156904028.02407      -110.015          45.375                                                                  
C14                                                                  22875615.223   119119618.31108      1843.371          48.000    22875608.309    96794805.99108      1497.890          50.438                                                                  
C24  26187204.710   137614738.51705     -2322.726          33.625    26187208.994   136363695.45706     -2301.610          37.812    26187208.040   110806681.49807     -1870.247          41.625                                                                  
C26                                                                  26338529.696   137144898.51603      -817.540          20.000                                                                                                                                  
C27  23469002.578   123330501.86507     -1870.793          42.500    23469003.209   122209314.53607     -1853.785          44.750    23469004.615    99305088.22407     -1506.352          46.125                                                                  
C28  21959622.388   115398731.73207       599.074          45.938    21959628.727   114349653.01108       593.628          49.250    21959626.803    92918482.28208       482.371          49.875                                                                  
C33  22025373.931   115744348.35508       620.094          47.938    22025380.377   114692128.52608       614.457          50.500    22025388.526    93196794.55908       499.297          50.562                                                                  
C38  36193563.346   190198893.15307        31.530          45.312    36193562.748   188469815.89508        31.244          47.000    36193560.395   153147251.95508        25.388          49.250                                                                  
C39  40276540.885   211655009.01906     -1849.773          35.812    40276545.296   209730785.26406     -1832.957          39.688    40276548.846   170423584.86807     -1489.427          42.562                                                                  
C40  39360209.470   206839285.28106      1902.323          39.375    39360204.339   204958896.59006      1885.029          37.500    39360210.052   166545886.87207      1531.741          43.875                                                                  
C41  23458469.317   123275325.87307     -1755.182          44.812    23458466.967   122154653.04607     -1739.226          45.188    23458472.053    99260713.38908     -1413.263          49.750                                                                  
C42  25053607.647   131658165.56107      2601.243          41.938    25053613.426   130461357.74107      2577.595          44.188    25053620.189   106010667.08207      2094.507          46.938                                                                  
C43  24379038.296   128112804.57806      3242.357          40.000    24379041.285   126948122.16607      3212.881          44.062    24379038.712   103155765.66507      2610.729          43.812                                                                  
C59                                                                  37781664.277   196739043.96907       -52.073          44.750    37781652.421   159866650.22707       -42.313          45.688    37781649.316   152131158.45907       -40.266          46.500  
C60                                                                  38407773.582   199999390.13307       -52.073          45.188    38407754.160   162515902.01907       -42.313          45.188    38407753.007   154652237.03607       -40.266          45.688  
C61                                                                                                                                                                                                  37385627.612   150536446.52708       -28.186          47.375  
C62                                                                  38333369.112   199611936.54907        15.622          46.250    38333367.325   162201075.29407        12.694          45.000    38333352.330   154352627.64809        12.080          54.000  
E03  25975023.242   136500035.97007      2401.551          43.500    25975025.591   101931958.69307      1793.366          45.812    25975023.687   110795565.57407      1949.311          46.938    25975021.456   104591041.35108      1840.150          47.812  
E07  25142229.286   132123708.63907     -2401.551          44.062    25142232.550    98664005.40507     -1793.366          45.062    25142229.772   107243347.79507     -1949.311          46.625    25142227.996   101237746.33208     -1840.150          47.438  
E08  23354904.910   122731316.79807        57.805          46.688    23354904.671    91650236.59908        43.166          49.000    23354904.588    99619774.14908        46.920          50.375    23354900.693    94041097.34008        44.293          51.250  
E13  23302645.659   122456392.72107      -399.383          45.812    23302650.488    91444727.39408      -298.240          48.750    23302649.027    99396441.24608      -324.174          49.938    23302646.314    93830239.81908      -306.021          51.375  
E15  25223226.512   132549123.31407      2017.934          42.500    25223233.017    98981624.30607      1506.898          45.125    25223232.994   107588701.52707      1637.933          46.500    25223228.989   101563662.36008      1546.209          47.062  
E26  25908824.657   136151843.61307     -2417.316          41.375    25908828.587   101671843.70707     -1805.139          44.062    25908828.634   110512855.57507     -1962.107          45.062    25908823.964   104324151.67707     -1852.229          45.875  
E32  24110140.845   126699842.97707      1287.484          44.750    24110146.410    94613572.08308       961.433          49.438    24110146.107   102840819.81608      1045.035          49.688    24110142.518    97081717.53208       986.513          51.562  
G05  20973466.758   110216312.06407      1292.739          46.250    20973466.105    85883255.71607      1007.329          46.062                                                                  
G11  23978634.787   126008509.89707      3389.498          41.188    23978634.132    98188694.28706      2641.167          38.625    23978638.410    94097510.17707      2531.119          44.188  
G13  19901653.516   104584274.92008       641.114          47.250    19901649.630    81494272.18707       499.570          43.188                                                                  
G15  20074396.475   105491788.19408     -1418.859          47.312    20074398.000    82201678.25508     -1105.605          47.000                                                                  
G18  22437735.930   117911184.29907     -2911.290          41.688    22437740.375    91878866.51807     -2268.538          43.750    22437739.763    88050585.47307     -2174.015          45.500  
G20  20280559.828   106575275.15708       446.678          47.312    20280558.081    83045748.62007       348.061          44.125    20280561.035    79585516.40609       333.558          54.938  
G21  22648661.811   119019485.52707      2359.511          42.625    22648660.252    92742453.90806      1838.580          38.688    22648664.632    88878823.02507      1761.973          46.562  
G23  24165083.771   126988447.55806     -2643.283          35.938    24165091.478    98952043.28507     -2059.701          41.000    24165092.509    94829047.13107     -1973.880          43.500  
G24  24531239.608   128912630.93106     -3915.001          37.375    24531243.648   100451503.91205     -3050.650          34.938    24531246.447    96266166.84207     -2923.540          42.000  
G29  22266933.378   117013546.04507      2170.330          43.938    22266929.573    91179426.62206      1691.166          39.062                                                                  
G30  23830999.394   125232697.24105      1229.679          33.562    23830997.320    97584020.89105       958.191          31.312    23830998.345    93518017.93006       918.266          37.125  
R01  22026148.236   117742602.60507     -2886.609          44.312                                                                  
R07  21280053.447   113914325.15008      3051.255          47.125    21280058.548    88600150.16108      2373.198          47.062  
R08  19499209.880   104417481.32907       112.454          46.375    19499211.724    81213798.81608        87.464          50.250  
R09  23884685.885   127542875.50006     -2402.975          38.750    23884690.744    99200057.94106     -1868.980          38.625  
R22  20649963.952   110231026.49808      3272.236          51.250    20649959.303    85735276.42207      2545.072          45.000  
R23  19242844.754   102936290.99908       315.610          49.750                                                                  
R24  22487239.455   120249318.39905     -3866.206          32.312    22487242.043    93527284.42006     -3007.049          35.750  
> 2026 03 22 12 33 16.0000000  0 50                     
C01                                                                  38229329.271   199070156.38207        -5.207          43.250    38229328.721   161760834.97907        -4.231          41.812                                                                  
C02                                                                  37936895.943   197547446.21006       -98.938          39.625    37936895.797   160523530.56407       -80.395          41.000                                                                  
C03                                                                  37179291.874   193602327.17107       -15.622          43.812    37179289.453   157317812.09207       -12.694          43.250                                                                  
C04                                                                  38981258.842   202985655.27606         5.207          39.688    38981255.811   164942518.79106         4.231          40.812                                                                  
C05                                                                  40158243.553   209114559.79606       -67.695          35.750    40158247.617   169922776.74006       -55.007          39.000                                                                  
C07                                                                  38755720.269   201811162.64006      1671.531          37.375    38755716.246   163988126.82407      1358.256          41.625                                                                  
C08                                                                  36681932.515   191012534.32207       -46.866          42.125    36681927.395   155213344.59907       -38.082          45.188                                                                  
C10                                                                  38271269.303   199288534.67606      1609.044          38.500    38271263.924   161938256.98707      1307.480          41.375                                                                  
C13                                                                  37081468.963   193093027.19607      -135.389          45.438    37081467.887   156903917.66107      -110.015          45.312                                                                  
C14                                                                  22875969.927   119121464.25908      1843.371          48.062    22875962.812    96796305.96708      1497.890          50.312                                                                  
C24  26186762.547   137612417.22505     -2322.726          33.500    26186767.264   136361395.27506     -2301.610          37.750    26186766.308   110804812.42407     -1870.247          41.500                                                                  
C26                                                                  26338373.590   137144898.51603      -817.540          19.562                                                                                                                                  
C27  23468646.888   123328632.90507     -1870.793          42.562    23468647.476   122207462.56807     -1853.785          44.750    23468648.934    99303583.34507     -1506.352          46.000                                                                  
C28  21959736.220   115399329.86907       599.074          46.000    21959742.465   114350245.72608       593.628          49.250    21959740.592    92918963.91308       482.371          49.812                                                                  
C33  22025492.493   115744970.40208       620.094          48.000    22025498.761   114692744.92108       614.457          50.438    22025506.911    93197295.43008       499.297          50.500                                                                  
C38  36193569.977   190198928.15607        31.530          45.312    36193569.297   188469850.60707        31.244          46.938    36193567.047   153147280.14608        25.388          49.125                                                                  
C39  40276188.362   211653158.68006     -1849.773          35.625    40276193.263   209728951.72206     -1832.957          39.812    40276196.660   170422094.98407     -1489.427          42.438                                                                  
C40  39360571.948   206841190.16006      1902.323          39.438    39360567.022   204960784.15106      1885.029          37.438    39360572.529   166547420.67607      1531.741          43.750                                                                  
C41  23458135.513   123273571.17707     -1755.182          44.688    23458133.139   122152914.29607     -1739.226          45.250    23458138.145    99259300.51008     -1413.263          49.688                                                                  
C42  25054103.168   131660769.75507      2601.243          41.938    25054108.772   130463938.26507      2577.595          44.125    25054115.794   106012763.96407      2094.507          46.812                                                                  
C43  24379655.230   128116047.37506      3242.357          39.938    24379658.279   126951335.47307      3212.881          44.062    24379655.832   103158376.76807      2610.729          43.750                                                                  
C59                                                                  37781654.057   196738990.75307       -52.073          44.750    37781642.217   159866606.98307       -42.313          45.562    37781639.124   152131117.31107       -40.266          46.500  
C60                                                                  38407763.847   199999339.25807       -52.073          45.250    38407744.418   162515860.67407       -42.313          45.125    38407743.269   154652197.70507       -40.266          45.688  
C61                                                                                                                                                                                                  37385621.213   150536420.91808       -28.186          47.375  
C62                                                                  38333372.202   199611952.68807        15.622          46.312    38333370.407   162201088.40607        12.694          44.938    38333355.417   154352640.13309        12.080          54.000  
E03  25975480.814   136502440.09207      2401.551          43.562    25975483.110   101933753.98507      1793.366          45.938    25975481.173   110797516.95807      1949.311          46.812    25975478.916   104592883.46608      1840.150          47.938  
E07  25141772.408   132121307.09307     -2401.551          44.062    25141775.614    98662212.06507     -1793.366          45.188    25141772.745   107241398.49107     -1949.311          46.438    25141771.033   101235906.20608     -1840.150          47.500  
E08  23354916.393   122731376.91907        57.806          46.688    23354916.127    91650281.49408        43.166          49.062    23354916.004    99619822.95208        46.920          50.188    23354912.123    94041143.41408        44.293          51.375  
E13  23302569.670   122455993.89907      -399.383          45.812    23302574.597    91444429.58308      -298.240          48.875    23302573.123    99396117.51408      -324.174          49.812    23302570.407    93829934.23208      -306.021          51.438  
E15  25223610.627   132551141.94607      2017.934          42.562    25223617.161    98983131.73307      1506.898          45.312    25223617.085   107590340.03107      1637.933          46.438    25223613.111   101565209.10408      1546.209          47.188  
E26  25908364.871   136149427.40507     -2417.316          41.375    25908368.801   101670039.41807     -1805.139          44.188    25908368.910   110510894.37607     -1962.107          45.000    25908364.164   104322300.31207     -1852.229          45.938  
E32  24110385.939   126701130.82307      1287.484          44.750    24110391.482    94614533.79608       961.433          49.500    24110391.157   102841865.14808      1045.035          49.500    24110387.584    97082704.33308       986.513          51.688  
G05  20973713.351   110217608.60707      1292.739          46.250    20973712.960    85884266.00107      1007.329          46.125                                                                  
G11  23979280.255   126011901.66507      3389.498          41.250    23979280.808    98191337.23506      2641.167          38.875    23979283.892    94100042.95207      2531.119          44.188  
G13  19901776.117   104584918.95408       641.115          47.312    19901772.245    81494774.03107       499.570          43.188                                                                  
G15  20074127.181   105490371.91108     -1418.859          47.375    20074128.132    82200574.65007     -1105.605          46.938                                                                  
G18  22437181.870   117908272.66907     -2911.290          41.688    22437186.205    91876597.73507     -2268.537          43.688    22437185.641    88048411.21907     -2174.015          45.438  
G20  20280644.724   106575722.63808       446.678          47.250    20280643.228    83046097.30907       348.061          44.062    20280646.195    79585850.56709       333.558          54.938  
G21  22649111.534   119021848.99107      2364.766          42.750    22649110.064    92744295.56706      1842.675          38.500    22649114.403    88880587.95507      1765.896          46.500  
G23  24164580.735   126985804.86306     -2643.283          35.812    24164587.783    98949984.01606     -2059.701          40.812    24164589.618    94827073.71107     -1973.880          43.562  
G24  24530495.193   128908717.14706     -3915.001          37.688    24530500.489   100448454.24806     -3050.650          35.188    24530501.665    96263244.26807     -2923.540          42.000  
G29  22267346.432   117015716.37007      2170.330          44.125    22267343.611    91181117.79406      1691.166          39.188                                                                  
G30  23831234.248   125233930.95805      1234.933          33.750    23831231.628    97584982.23605       962.286          31.062    23831233.078    93518939.22806       922.190          37.000  
R01  22025609.206   117739719.84107     -2886.609          44.438                                                                  
R07  21280623.950   113917377.00008      3051.255          47.312    21280628.197    88602523.81707      2373.198          46.938  
R08  19499231.001   104417596.30007       112.454          46.500    19499233.316    81213888.24108        87.464          50.375  
R09  23884235.909   127540473.80906     -2402.975          38.500    23884240.601    99198189.98606     -1868.980          38.625  
R22  20650577.661   110234302.77308      3277.573          51.500    20650573.256    85737824.63507      2549.224          45.125  
R23  19242904.040   102936608.87908       315.610          49.938                                                                  
R24  22486516.119   120245454.31605     -3866.206          32.062    22486519.758    93524278.97206     -3007.049          35.875  
> 2026 03 22 12 33 17.0000000  0 50                     
C01                                                                  38229328.338   199070151.77907        -5.207          43.375    38229327.855   161760831.22507        -4.231          42.188                                                                  
C02                                                                  37936877.293   197547349.55106       -98.938          39.750    37936877.232   160523452.03507       -80.395          41.375                                                                  
C03                                                                  37179288.745   193602310.85807       -15.622          43.938    37179286.324   157317798.84607       -12.694          43.562                                                                  
C04                                                                  38981259.746   202985660.22606         5.207          39.938    38981256.745   164942522.79207         4.231          41.125                                                                  
C05                                                                  40158230.305   209114491.38306       -67.695          35.875    40158234.477   169922721.16306       -55.007          39.438                                                                  
C07                                                                  38756041.411   201812834.14806      1671.531          37.375    38756037.258   163989485.05207      1358.256          42.062                                                                  
C08                                                                  36681923.380   191012487.61807       -46.866          42.125    36681918.445   155213306.63807       -38.082          45.500                                                                  
C10                                                                  38271578.686   199290145.65006      1609.044          38.688    38271573.331   161939566.04207      1307.480          41.750                                                                  
C13                                                                  37081443.040   193092891.75207      -135.389          45.500    37081441.867   156903807.61007      -110.015          45.688                                                                  
C14                                                                  22876324.761   119123310.75108      1843.371          48.250    22876317.424    96797806.39508      1497.890          50.688                                                                  
C24  26186320.890   137610096.50605     -2322.726          33.438    26186325.447   136359095.60906     -2301.610          37.750    26186324.656   110802943.73507     -1870.247          41.938                                                                  
C26                                                                  26338213.145   137143374.00603      -822.747          19.750                                                                                                                                  
C27  23468291.370   123326764.76507     -1870.793          42.438    23468291.894   122205611.41007     -1853.785          44.812    23468293.437    99302079.13007     -1506.352          46.375                                                                  
C28  21959850.171   115399928.95507       599.074          45.812    21959856.386   114350839.35908       593.628          49.312    21959854.584    92919446.28508       482.371          50.188                                                                  
C33  22025611.225   115745593.11508       620.094          47.812    22025617.221   114693361.95608       614.457          50.438    22025625.400    93197796.82108       499.297          50.812                                                                  
C38  36193576.684   190198963.52407        31.530          45.125    36193575.891   188469885.62308        31.244          47.000    36193573.762   153147308.61708        25.388          49.500                                                                  
C39  40275835.955   211651308.63606     -1849.773          35.375    40275841.306   209727118.51806     -1832.957          40.062    40275844.534   170420605.36807     -1489.427          42.812                                                                  
C40  39360934.497   206843095.45106      1902.323          39.250    39360929.828   204962672.15906      1885.029          37.625    39360935.091   166548954.81007      1531.741          44.125                                                                  
C41  23457801.817   123271817.10707     -1755.182          44.312    23457799.453   122151176.16507     -1739.226          45.375    23457804.343    99257888.14608     -1413.263          50.000                                                                  
C42  25054598.812   131663374.35907      2601.243          41.812    25054604.241   130466519.18907      2577.595          44.125    25054611.388   106014861.17808      2094.507          47.188                                                                  
C43  24380272.186   128119290.75006      3242.357          39.750    24380275.442   126954549.37207      3212.881          44.125    24380273.044   103160988.29007      2610.729          44.125                                                                  
C59                                                                  37781643.862   196738937.92207       -52.073          44.875    37781632.052   159866564.05307       -42.313          45.875    37781629.023   152131076.46007       -40.266          46.312  
C60                                                                  38407754.165   199999288.75907       -52.073          45.375    38407734.733   162515819.65307       -42.313          45.438    38407733.535   154652158.68007       -40.266          45.500  
C61                                                                                                                                                                                                  37385614.948   150536395.61208       -28.186          47.250  
C62                                                                  38333375.384   199611969.19307        15.622          46.438    38333373.516   162201101.82607        12.694          45.250    38333358.575   154352652.90109        12.080          53.875  
E03  25975938.566   136504844.76307      2401.551          43.500    25975940.736   101935549.67107      1793.366          45.938    25975938.855   110799468.80208      1949.311          47.438    25975936.523   104594726.00708      1840.150          47.750  
E07  25141315.577   132118906.18707     -2401.551          43.875    25141318.738    98660419.19707     -1793.366          45.250    25141315.824   107239449.70708     -1949.311          47.125    25141314.129   101234066.55708     -1840.150          47.312  
E08  23354928.062   122731437.84607        57.806          46.562    23354927.738    91650326.99608        43.166          49.188    23354927.590    99619872.40508        46.920          50.875    23354923.734    94041190.09908        44.293          51.250  
E13  23302493.883   122455595.76207      -399.383          45.625    23302498.821    91444132.26808      -298.240          48.938    23302497.289    99395794.35308      -324.174          50.438    23302494.635    93829629.17208      -306.021          51.312  
E15  25223994.840   132553161.22207      2017.934          42.375    25224001.406    98984639.62907      1506.898          45.375    25224001.421   107591979.03408      1637.933          47.000    25223997.385   101566756.34008      1546.209          47.062  
E26  25907905.281   136147011.65707     -2417.316          41.312    25907909.069   101668235.47207     -1805.139          44.188    25907909.238   110508933.55307     -1962.107          45.625    25907904.456   104320449.29907     -1852.229          45.875  
E32  24110631.127   126702419.39307      1287.484          44.625    24110636.704    94615496.04008       961.433          49.625    24110636.339   102842911.05508      1045.035          50.188    24110632.793    97083691.67808       986.513          51.562  
G05  20973959.986   110218905.79707      1297.994          46.000    20973960.023    85885276.80507      1011.424          46.125                                                                  
G11  23979925.706   126015294.01307      3389.498          41.250    23979927.464    98193980.57306      2641.167          39.062    23979929.503    94102576.19707      2531.119          44.250  
G13  19901898.962   104585564.01108       641.115          47.312    19901894.977    81495276.66607       499.570          43.312                                                                  
G15  20073858.037   105488956.54908     -1418.859          47.438    20073858.570    82199471.77907     -1105.605          46.875                                                                  
G18  22436627.851   117905361.67507     -2911.290          41.688    22436632.183    91874329.42307     -2268.537          43.562    22436631.751    88046237.42807     -2174.015          45.500  
G20  20280729.729   106576171.02208       446.678          47.000    20280728.602    83046446.68807       348.061          44.000    20280731.539    79586185.39709       333.558          55.000  
G21  22649561.293   119024212.95107      2364.766          42.625    22649559.915    92746137.61306      1842.675          38.750    22649564.278    88882353.25307      1765.896          46.562  
G23  24164077.813   126983162.56406     -2643.283          35.812    24164084.365    98947925.09706     -2059.701          40.438    24164086.824    94825100.54107     -1973.880          43.562  
G24  24529750.703   128904803.71206     -3915.001          37.625    24529755.521   100445404.84106     -3050.650          35.250    24529756.961    96260321.91007     -2923.540          42.062  
G29  22267759.542   117017887.57207      2170.330          44.000    22267757.099    91182809.62906      1691.166          39.188                                                                  
G30  23831469.124   125235165.66105      1234.933          33.562    23831467.243    97585944.34505       962.286          31.000    23831468.079    93519861.18306       922.190          37.062  
R01  22025070.771   117736837.83107     -2881.264          44.750                                                                  
R07  21281194.507   113920429.39008      3051.255          47.438    21281198.263    88604897.89508      2373.198          47.312  
R08  19499252.315   104417712.21107       112.454          46.562    19499254.941    81213978.38308        87.464          50.500  
R09  23883786.504   127538072.92406     -2402.975          38.562    23883790.507    99196322.62006     -1868.980          38.875  
R22  20651191.671   110237580.00508      3277.574          51.750    20651187.285    85740373.58707      2549.224          45.500  
R23  19242963.717   102936928.01508       315.610          49.875                                                                  
R24  22485794.135   120241590.86305     -3866.206          31.812    22485797.466    93521274.12106     -3007.049          36.312  
> 2026 03 22 12 33 18.0000000  0 50                     
C01                                                                  38229327.413   199070147.25307        -5.207          43.125    38229326.989   161760827.55507        -4.231          42.000                                                                  
C02                                                                  37936858.719   197547252.96506       -98.938          39.562    37936858.686   160523373.57407       -80.395          41.250                                                                  
C03                                                                  37179285.650   193602294.60907       -15.622          43.875    37179283.186   157317785.65807       -12.694          43.500                                                                  
C04                                                                  38981260.728   202985665.21906         5.207          39.688    38981257.660   164942526.87407         4.231          41.062                                                                  
C05                                                                  40158217.211   209114423.10406       -67.695          35.500    40158221.313   169922665.65606       -55.007          39.312                                                                  
C07                                                                  38756362.347   201814505.72906      1671.531          37.188    38756358.287   163990843.36807      1358.256          42.062                                                                  
C08                                                                  36681914.247   191012440.91807       -46.866          41.938    36681909.509   155213268.69007       -38.082          45.500                                                                  
C10                                                                  38271888.193   199291756.74606      1609.044          38.500    38271882.760   161940875.19707      1307.480          41.625                                                                  
C13                                                                  37081417.114   193092756.30707      -135.389          45.438    37081415.864   156903697.56107      -110.015          45.562                                                                  
C14                                                                  22876679.647   119125157.45208      1843.371          48.188    22876672.081    96799307.01108      1497.890          50.625                                                                  
C24  26185879.314   137607775.88605     -2322.726          33.688    26185883.677   136356796.11906     -2301.610          37.812    26185883.005   110801075.24407     -1870.247          41.875                                                                  
C26                                                                  26338056.480   137143374.00603      -822.747          19.188                                                                                                                                  
C27  23467935.978   123324897.13507     -1870.792          42.375    23467936.411   122203760.74507     -1853.785          44.750    23467938.076    99300575.33007     -1506.352          46.250                                                                  
C28  21959964.198   115400528.65207       599.074          45.812    21959970.469   114351433.60208       593.628          49.188    21959968.711    92919929.16308       482.371          50.062                                                                  
C33  22025730.069   115746216.16608       620.094          47.875    22025735.764   114693979.33908       614.457          50.250    22025743.963    93198298.50208       499.297          50.750                                                                  
C38  36193583.379   190198998.87507        31.530          45.125    36193582.482   188469920.66807        31.244          46.875    36193580.492   153147337.09908        25.388          49.375                                                                  
C39  40275483.484   211649458.69006     -1849.773          35.438    40275489.447   209725285.37106     -1832.957          40.188    40275492.473   170419115.79807     -1489.427          42.688                                                                  
C40  39361297.099   206845000.82606      1902.323          39.375    39361292.486   204964560.20106      1885.029          37.312    39361297.645   166550489.02807      1531.741          43.938                                                                  
C41  23457468.213   123270063.35207     -1755.182          44.375    23457465.858   122149438.36607     -1739.226          45.312    23457470.636    99256476.04108     -1413.263          49.938                                                                  
C42  25055094.577   131665979.04407      2601.243          41.812    25055099.722   130469100.19107      2577.595          43.875    25055107.079   106016958.45308      2094.507          47.062                                                                  
C43  24380889.193   128122534.34306      3242.357          39.812    24380892.633   126957763.47307      3212.881          44.000    24380890.296   103163600.03007      2610.729          44.062                                                                  
C59                                                                  37781633.697   196738885.14107       -52.073          44.750    37781621.918   159866521.18007       -42.313          45.875    37781618.895   152131035.65307       -40.266          46.562  
C60                                                                  38407744.493   199999238.33907       -52.073          45.250    38407725.108   162515778.68507       -42.313          45.375    38407723.864   154652119.67807       -40.266          45.812  
C61                                                                                                                                                                                                  37385608.713   150536370.34208       -28.186          47.500  
C62                                                                  38333378.654   199611985.76407        15.622          46.312    38333376.699   162201115.29707        12.694          45.250    38333361.774   154352665.71409        12.080          54.062  
E03  25976396.331   136507249.68607      2401.551          43.500    25976398.354   101937345.55807      1793.366          45.938    25976396.581   110801420.85608      1949.311          47.688    25976394.183   104596568.74308      1840.150          47.938  
E07  25140858.791   132116505.61307     -2401.551          43.875    25140861.915    98658626.55507     -1793.366          45.250    25140858.919   107237501.19808     -1949.311          47.250    25140857.361   101232227.15908     -1840.150          47.500  
E08  23354939.865   122731499.25307        57.806          46.562    23354939.422    91650372.84908        43.167          49.188    23354939.264    99619922.25208        46.920          51.062    23354935.454    94041237.15008        44.293          51.375  
E13  23302418.152   122455198.00907      -399.383          45.625    23302423.167    91443835.25108      -298.240          48.938    23302421.621    99395471.50908      -324.174          50.625    23302418.971    93829324.40008      -306.020          51.438  
E15  25224379.095   132555180.81607      2017.934          42.375    25224385.752    98986147.75707      1506.898          45.312    25224385.867   107593618.33008      1637.933          47.250    25224381.723   101568303.81708      1546.209          47.250  
E26  25907445.744   136144596.07607     -2417.316          41.250    25907449.443   101666431.62507     -1805.139          44.250    25907449.626   110506972.85707     -1962.107          45.812    25907444.786   104318598.39107     -1852.229          46.000  
E32  24110876.387   126703708.36407      1287.484          44.562    24110881.988    94616458.58008       961.433          49.625    24110881.627   102843957.30108      1045.035          50.375    24110878.077    97084679.32808       986.513          51.688  
G05  20974206.560   110220203.30007      1297.994          45.812    20974207.004    85886287.85307      1011.424          46.250                                                                  
G11  23980571.108   126018686.59507      3389.498          41.062    23980573.764    98196624.14906      2641.167          39.125    23980575.154    94105109.62907      2531.119          44.312  
G13  19902021.977   104586209.79908       646.369          47.375    19902017.853    81495779.87607       503.664          43.125                                                                  
G15  20073588.984   105487541.79108     -1418.859          47.562    20073589.012    82198369.37107     -1105.605          46.875                                                                  
G18  22436073.846   117902451.01307     -2911.290          41.562    22436077.886    91872061.38607     -2268.537          43.562    22436077.898    88044063.88307     -2174.015          45.500  
G20  20280814.841   106576620.00007       446.678          46.938    20280814.016    83046796.54707       348.061          44.062    20280816.985    79586520.67309       333.558          55.062  
G21  22650011.153   119026577.09207      2364.766          42.625    22650009.733    92747979.81306      1842.675          38.438    22650014.148    88884118.68107      1765.896          46.625  
G23  24163574.799   126980520.34706     -2643.283          35.375    24163581.058    98945866.21506     -2059.701          40.312    24163584.048    94823127.47307     -1973.880          43.562  
G24  24529006.028   128900890.28706     -3915.001          37.312    24529010.203   100442355.43506     -3050.650          35.188    24529012.250    96257399.57407     -2923.540          42.125  
G29  22268172.718   117020059.30907      2170.330          43.812    22268170.366    91184501.90606      1691.166          39.250                                                                  
G30  23831704.331   125236400.91305      1234.933          33.812    23831701.677    97586906.81905       962.286          31.000    23831703.123    93520783.66406       922.190          37.125  
R01  22024532.117   117733956.23107     -2881.264          44.812                                                                  
R07  21281765.240   113923482.00508      3051.255          47.500    21281768.301    88607272.15608      2373.198          47.438  
R08  19499274.109   104417828.69607       112.454          46.688    19499276.714    81214068.98808        87.464          50.312  
R09  23883336.994   127535672.59206     -2402.975          37.938    23883341.154    99194455.73006     -1868.980          39.188  
R22  20651805.999   110240857.84608      3277.574          51.562    20651801.574    85742923.02907      2549.224          45.562  
R23  19243023.719   102937248.07308       320.959          49.875                                                                  
R24  22485069.616   120237727.78005     -3866.206          30.750    22485075.470    93518269.49006     -3007.049          36.312  
> 2026 03 22 12 33 19.0000000  0 50                     
C01                                                                  38229326.539   199070142.59507        -5.207          43.250    38229326.085   161760823.76607        -4.231          42.062                                                                  
C02                                                                  37936840.159   197547156.25206       -98.938          39.750    37936840.095   160523294.97907       -80.395          41.312                                                                  
C03                                                                  37179282.477   193602278.23107       -15.622          44.000    37179280.076   157317772.34307       -12.694          43.625                                                                  
C04                                                                  38981261.758   202985670.10706         5.207          39.750    38981258.577   164942530.83007         4.231          41.188                                                                  
C05                                                                  40158203.989   209114354.62106       -67.695          35.688    40158208.141   169922610.01606       -55.007          39.375                                                                  
C07                                                                  38756683.212   201816177.22106      1671.531          37.125    38756679.282   163992201.57407      1358.256          42.125                                                                  
C08                                                                  36681905.102   191012394.04207       -46.866          42.000    36681900.495   155213230.59907       -38.082          45.500                                                                  
C10                                                                  38272197.664   199293367.77006      1609.044          38.562    38272192.124   161942184.29907      1307.480          41.875                                                                  
C13                                                                  37081391.075   193092620.71807      -135.389          45.500    37081389.813   156903587.36507      -110.015          45.688                                                                  
C14                                                                  22877034.460   119127004.20708      1843.371          48.250    22877026.719    96800807.63908      1497.890          50.750                                                                  
C24  26185437.678   137605455.34405     -2322.726          34.000    26185441.905   136354496.66206     -2301.610          38.000    26185441.332   110799206.74107     -1870.247          41.938                                                                  
C26                                                                  26337901.509   137141849.49603      -822.747          19.125                                                                                                                                  
C27  23467580.628   123323029.79307     -1870.792          42.500    23467580.991   122201910.39807     -1853.785          44.750    23467582.711    99299071.75007     -1506.352          46.375                                                                  
C28  21960078.360   115401128.76407       599.074          45.875    21960084.602   114352028.26008       593.628          49.188    21960082.914    92920412.36008       482.371          50.250                                                                  
C33  22025848.935   115746839.35808       620.094          48.000    22025854.305   114694596.87108       614.457          50.188    22025862.546    93198800.29008       499.297          50.812                                                                  
C38  36193590.008   190199034.09807        31.530          45.250    36193589.063   188469955.55007        31.244          46.875    36193587.166   153147365.42708        25.388          49.562                                                                  
C39  40275131.082   211647608.53606     -1849.773          35.438    40275137.501   209723452.04906     -1832.957          40.250    40275140.395   170417626.08907     -1489.427          42.875                                                                  
C40  39361659.715   206846906.09206      1902.323          39.375    39361655.147   204966448.19006      1885.029          37.375    39361660.161   166552023.14407      1531.741          44.062                                                                  
C41  23457134.671   123268309.74207     -1755.182          44.562    23457132.180   122147700.69007     -1739.226          45.312    23457136.936    99255064.02808     -1413.263          50.000                                                                  
C42  25055590.400   131668583.60907      2601.243          42.062    25055595.143   130471681.10407      2577.595          43.875    25055602.690   106019055.64408      2094.507          47.250                                                                  
C43  24381506.399   128125777.97606      3242.357          40.000    24381509.780   126960977.63307      3212.881          43.938    24381507.545   103166211.78707      2610.729          44.125                                                                  
C59                                                                  37781623.512   196738832.25807       -52.073          44.750    37781611.743   159866478.19207       -42.313          46.000    37781608.747   152130994.74407       -40.266          46.188  
C60                                                                  38407734.800   199999187.78807       -52.073          45.375    38407715.365   162515737.59707       -42.313          45.438    38407714.154   154652080.57607       -40.266          45.375  
C61                                                                                                                                                                                                  37385602.409   150536344.98208       -28.186          47.125  
C62                                                                  38333381.789   199612002.20207        15.622          46.375    38333379.827   162201128.64907        12.694          45.375    38333364.945   154352678.42509        12.080          53.750  
E03  25976854.065   136509654.66107      2401.551          43.625    25976856.023   101939141.47607      1793.366          46.000    25976854.286   110803372.93008      1949.311          47.938    25976851.828   104598411.50508      1840.150          47.500  
E07  25140402.087   132114105.17807     -2401.551          44.062    25140405.118    98656834.02507     -1793.366          45.312    25140402.024   107235552.79808     -1949.311          47.500    25140400.545   101230387.87408     -1840.150          47.000  
E08  23354951.640   122731560.92207        57.806          46.688    23354951.157    91650418.91108        43.167          49.250    23354950.917    99619972.30908        46.920          51.312    23354947.190    94041284.41008        44.293          50.938  
E13  23302342.488   122454800.44007      -399.383          45.812    23302347.503    91443538.37308      -298.240          49.000    23302345.909    99395148.81208      -324.174          50.938    23302343.320    93829019.77408      -306.020          51.000  
E15  25224763.359   132557200.54607      2017.934          42.500    25224770.089    98987655.99807      1506.899          45.375    25224770.189   107595257.69408      1637.933          47.438    25224766.030   101569851.40007      1546.209          46.812  
E26  25906986.150   136142180.43907     -2417.316          41.438    25906989.780   101664627.72307     -1805.139          44.375    25906989.867   110505012.11107     -1962.107          46.000    25906985.139   104316747.45507     -1852.229          45.500  
E32  24111121.745   126704997.53807      1287.484          44.688    24111127.299    94617421.27308       961.433          49.750    24111126.960   102845003.70908      1045.035          50.625    24111123.414    97085667.14508       986.514          51.250  
G05  20974453.118   110221500.95807      1297.994          45.562    20974453.996    85887299.00507      1011.424          46.250                                                                  
G11  23981216.510   126022079.27306      3389.498          40.875    23981219.152    98199267.76806      2641.167          38.875    23981220.817    94107643.13107      2531.119          44.250  
G13  19902145.081   104586856.09808       646.369          47.375    19902140.879    81496283.49207       503.664          43.188                                                                  
G15  20073320.000   105486127.44508     -1413.605          47.688    20073319.792    82197267.27807     -1101.510          46.750                                                                  
G18  22435519.951   117899540.50807     -2911.290          41.562    22435523.355    91869793.44807     -2268.537          43.500    22435524.044    88041890.45007     -2174.015          45.500  
G20  20280900.051   106577069.38407       446.678          46.812    20280899.530    83047146.72107       348.061          44.125    20280902.505    79586856.25109       333.558          55.000  
G21  22650460.913   119028941.24507      2364.766          42.438    22650459.472    92749821.99906      1842.675          38.438    22650464.026    88885884.12607      1765.896          46.500  
G23  24163071.644   126977878.01206     -2643.283          35.188    24163077.251    98943807.29506     -2059.701          40.062    24163081.248    94821154.31507     -1973.880          43.562  
G24  24528261.345   128896976.66906     -3915.001          37.062    24528264.644   100439305.90605     -3050.650          34.938    24528267.480    96254477.10907     -2923.540          42.000  
G29  22268586.083   117022231.42107      2170.330          44.000    22268583.959    91186194.45406      1691.166          39.312                                                                  
G30  23831939.819   125237636.57605      1234.933          33.938    23831937.152    97587869.73505       962.286          30.875    23831938.515    93521706.43206       922.190          37.062  
R01  22023993.537   117731074.83107     -2881.264          44.562                                                                  
R07  21282335.897   113926534.65708      3051.255          47.625    21282338.404    88609646.42708      2373.198          47.312  
R08  19499295.915   104417945.59007       117.809          46.562    19499298.432    81214159.89308        91.629          50.438  
R09  23882887.124   127533272.59706     -2402.975          37.625    23882890.879    99192589.02406     -1868.980          39.062  
R22  20652420.162   110244136.12108      3277.574          51.375    20652415.908    85745472.78407      2549.224          45.625  
R23  19243083.759   102937568.86408       320.959          49.812                                                                  
R24  22484345.510   120233864.87605     -3866.206          30.812    22484353.471    93515265.02306     -3007.049          36.250  
> 2026 03 22 12 33 20.0000000  0 50                     
C01                                                                  38229325.616   199070137.80207        -5.207          43.375    38229325.179   161760819.84607        -4.231          42.000                                                                  
C02                                                                  37936821.633   197547059.45106       -98.938          39.625    37936821.505   160523216.28307       -80.395          41.125                                                                  
C03                                                                  37179279.282   193602261.74607       -15.622          43.938    37179276.894   157317758.94607       -12.694          43.438                                                                  
C04                                                                  38981262.678   202985674.88106         5.207          39.750    38981259.531   164942534.70007         4.231          41.062                                                                  
C05                                                                  40158190.873   209114286.04706       -67.695          35.812    40158194.939   169922554.29606       -55.007          39.312                                                                  
C07                                                                  38757004.056   201817848.59006      1671.531          37.125    38757000.265   163993559.67907      1358.256          42.000                                                                  
C08                                                                  36681895.888   191012346.99907       -46.866          41.938    36681891.497   155213192.36707       -38.082          45.375                                                                  
C10                                                                  38272507.207   199294978.73706      1609.044          38.562    38272501.536   161943493.33207      1307.480          41.750                                                                  
C13                                                                  37081365.032   193092484.95807      -135.389          45.562    37081363.736   156903477.04607      -110.015          45.562                                                                  
C14                                                                  22877389.267   119128851.00408      1843.371          48.188    22877381.377    96802308.30908      1497.890          50.562                                                                  
C24  26184996.035   137603134.85405     -2322.726          33.562    26185000.350   136352197.23706     -2301.610          38.000    26184999.661   110797338.27307     -1870.247          41.750                                                                  
C26                                                                  26337745.081   137141849.49603      -822.747          18.875                                                                                                                                  
C27  23467225.383   123321162.79007     -1870.792          42.250    23467225.644   122200060.36907     -1853.785          44.750    23467227.446    99297568.45807     -1506.352          46.250                                                                  
C28  21960192.586   115401729.32407       599.074          45.750    21960198.819   114352623.35708       593.628          49.062    21960197.186    92920895.91708       482.371          50.062                                                                  
C33  22025967.856   115747462.71908       620.094          47.875    22025972.801   114695214.56108       614.457          50.062    22025981.184    93199302.21408       499.297          50.750                                                                  
C38  36193596.606   190199069.12507        31.530          45.062    36193595.603   188469990.27307        31.244          46.875    36193593.864   153147393.63308        25.388          49.375                                                                  
C39  40274778.736   211645758.27806     -1849.773          35.312    40274785.496   209721618.58806     -1832.957          40.312    40274788.288   170416136.26807     -1489.427          42.750                                                                  
C40  39362022.292   206848811.30706      1902.323          39.062    39362017.881   204968336.03506      1885.029          37.312    39362022.673   166553557.17907      1531.741          43.875                                                                  
C41  23456801.118   123266556.26007     -1755.182          44.438    23456798.476   122145963.15807     -1739.226          45.375    23456803.264    99253652.13508     -1413.263          49.875                                                                  
C42  25056086.155   131671188.11007      2601.243          41.875    25056090.544   130474261.91207      2577.595          43.750    25056098.339   106021152.75208      2094.507          47.062                                                                  
C43  24382123.725   128129021.69406      3242.357          39.750    24382126.844   126964191.83807      3212.881          43.875    24382124.851   103168823.58207      2610.729          44.000                                                                  
C59                                                                  37781613.323   196738779.24207       -52.073          44.688    37781601.570   159866435.10607       -42.313          45.750    37781598.546   152130953.75007       -40.266          46.500  
C60                                                                  38407725.064   199999137.11907       -52.073          45.375    38407705.633   162515696.41707       -42.313          45.375    38407704.437   154652041.40407       -40.266          45.688  
C61                                                                                                                                                                                                  37385596.081   150536319.52008       -28.186          47.438  
C62                                                                  38333384.942   199612018.52107        15.622          46.312    38333382.965   162201141.91007        12.694          45.188    38333368.091   154352691.03409        12.080          54.000  
E03  25977311.781   136512059.69107      2401.551          43.562    25977313.658   101940937.42507      1793.366          46.062    25977311.969   110805325.07508      1949.311          47.562    25977309.489   104600254.31408      1840.150          47.500  
E07  25139945.420   132111704.90807     -2401.551          44.000    25139948.356    98655041.60507     -1793.366          45.375    25139945.163   107233604.50708     -1949.311          47.312    25139943.765   101228548.68308     -1840.150          47.062  
E08  23354963.477   122731622.91807        63.060          46.562    23354962.938    91650465.19208        47.090          49.250    23354962.698    99620022.60908        51.185          51.062    23354958.990    94041331.89508        48.319          51.000  
E13  23302266.945   122454403.10207      -399.383          45.688    23302271.884    91443241.63008      -298.240          49.000    23302270.187    99394826.27708      -324.174          50.625    23302267.704    93828715.29508      -306.020          51.062  
E15  25225147.649   132559220.40607      2017.934          42.438    25225154.455    98989164.32107      1506.899          45.375    25225154.550   107596897.19108      1637.933          47.125    25225150.386   101571399.07207      1546.209          46.875  
E26  25906526.649   136139764.74607     -2417.316          41.312    25906530.065   101662823.81907     -1805.139          44.375    25906530.186   110503051.33207     -1962.107          45.688    25906525.412   104314896.48107     -1852.229          45.562  
E32  24111367.237   126706286.95107      1287.484          44.625    24111372.667    94618384.13408       961.433          49.750    24111372.256   102846050.30208      1045.036          50.375    24111368.792    97086655.11408       986.514          51.250  
G05  20974699.687   110222798.76507      1297.994          45.312    20974700.870    85888310.27407      1011.424          46.250                                                                  
G11  23981861.962   126025472.05906      3389.498          40.875    23981863.891    98201911.49806      2641.167          38.500    23981866.440    94110176.67107      2531.119          44.188  
G13  19902268.227   104587502.93308       646.369          47.312    19902263.935    81496787.52607       503.664          43.062                                                                  
G15  20073051.092   105484713.51908     -1413.605          47.625    20073050.523    82196165.50807     -1101.510          46.688                                                                  
G18  22434966.017   117896630.12107     -2911.290          41.562    22434969.260    91867525.61007     -2268.537          43.438    22434970.163    88039717.11407     -2174.015          45.375  
G20  20280985.369   106577519.17007       446.678          46.625    20280985.106    83047497.20207       348.061          44.125    20280988.096    79587192.12209       333.558          54.875  
G21  22650910.525   119031305.40107      2364.766          42.188    22650909.498    92751664.20106      1842.675          38.375    22650913.934    88887649.55207      1765.897          46.438  
G23  24162568.850   126975235.63406     -2643.283          35.438    24162573.307    98941748.22706     -2059.701          39.938    24162578.415    94819181.10007     -1973.880          43.438  
G24  24527516.464   128893062.92006     -3915.001          36.938    24527519.149   100436256.20705     -3050.650          34.750    24527522.703    96251554.52007     -2923.540          41.875  
G29  22268999.704   117024403.88207      2170.330          44.188    22268998.971    91187887.26306      1691.166          39.500                                                                  
G30  23832175.162   125238872.69105      1234.933          33.625    23832170.881    97588832.91505       962.286          30.875    23832173.788    93522629.46506       922.190          37.000  
R01  22023454.538   117728193.67507     -2881.264          44.188                                                                  
R07  21282906.588   113929587.38008      3051.255          47.688    21282908.564    88612020.75908      2373.198          47.188  
R08  19499317.823   104418062.89107       117.809          46.500    19499320.174    81214251.12408        91.629          50.312  
R09  23882437.624   127530872.93706     -2402.975          37.375    23882441.456    99190722.62306     -1868.980          39.312  
R22  20653034.311   110247414.84108      3277.574          51.312    20653030.182    85748022.89207      2549.224          45.438  
R23  19243143.739   102937890.42408       320.960          49.688                                                                  
R24  22483622.292   120230002.15205     -3866.206          30.875    22483631.534    93512260.70506     -3007.049          35.875  
> 2026 03 22 12 33 21.0000000  0 50                     
C01                                                                  38229324.614   199070132.73707        -5.207          43.125    38229324.217   161760815.77507        -4.231          41.625                                                                  
C02                                                                  37936802.966   197546962.33006       -98.938          39.500    37936802.820   160523137.39906       -80.395          40.875                                                                  
C03                                                                  37179276.018   193602244.99007       -15.622          43.812    37179273.657   157317745.34207       -12.694          43.062                                                                  
C04                                                                  38981263.606   202985679.36406         5.207          39.562    38981260.344   164942538.36806         4.231          40.688                                                                  
C05                                                                  40158177.688   209114217.16506       -72.901          35.438    40158181.773   169922498.35106       -59.238          38.875                                                                  
C07                                                                  38757324.891   201819519.70506      1671.531          36.938    38757321.140   163994917.61807      1358.256          41.688                                                                  
C08                                                                  36681886.626   191012299.64307       -46.866          41.875    36681882.367   155213153.90207       -38.082          45.062                                                                  
C10                                                                  38272816.550   199296589.47406      1609.044          38.312    38272810.893   161944802.18507      1307.480          41.312                                                                  
C13                                                                  37081338.928   193092348.88107      -135.389          45.312    37081337.618   156903366.47807      -110.015          45.188                                                                  
C14                                                                  22877744.030   119130697.68208      1843.371          48.000    22877735.981    96803808.89908      1497.890          50.250                                                                  
C24  26184554.286   137600814.16305     -2322.726          33.312    26184558.765   136349897.66506     -2301.610          38.000    26184558.019   110795469.68307     -1870.247          41.312                                                                  
C26                                                                  26337588.156   137140324.98603      -822.747          18.750                                                                                                                                  
C27  23466870.152   123319295.94007     -1865.538          42.125    23466870.323   122198210.49107     -1848.578          44.562    23466872.155    99296065.29707     -1502.121          45.875                                                                  
C28  21960306.921   115402330.14007       599.074          45.688    21960313.048   114353218.71408       593.628          48.938    21960311.506    92921379.70308       482.371          49.688                                                                  
C33  22026086.754   115748086.08208       620.094          47.875    22026091.238   114695832.25608       614.457          49.750    22026099.770    93199804.15308       499.297          50.312                                                                  
C38  36193603.174   190199103.83607        31.530          44.938    36193602.140   188470024.67507        31.244          46.812    36193600.455   153147421.59508        25.388          49.000                                                                  
C39  40274426.479   211643907.68006     -1849.773          35.000    40274433.501   209719784.86606     -1832.957          40.125    40274436.162   170414646.20807     -1489.427          42.438                                                                  
C40  39362384.826   206850716.26806      1902.323          39.125    39362380.440   204970223.64306      1885.029          37.188    39362385.149   166555091.03607      1531.741          43.562                                                                  
C41  23456467.442   123264802.75107     -1755.182          44.188    23456464.780   122144225.60207     -1739.226          45.250    23456469.560    99252240.24508     -1413.263          49.562                                                                  
C42  25056581.959   131673792.35607      2601.243          41.750    25056585.922   130476842.47007      2577.595          43.500    25056593.893   106023249.67907      2094.507          46.688                                                                  
C43  24382741.032   128132265.26506      3242.357          40.000    24382743.971   126967405.95207      3212.881          43.625    24382742.106   103171435.30807      2610.729          43.562                                                                  
C59                                                                  37781603.099   196738725.98707       -52.073          44.625    37781591.349   159866391.83107       -42.313          45.500    37781588.325   152130912.57807       -40.266          46.250  
C60                                                                  38407715.203   199999086.17407       -52.073          45.250    38407695.845   162515655.04007       -42.313          45.062    38407694.626   154652002.02307       -40.266          45.438  
C61                                                                                                                                                                                                  37385589.692   150536293.85908       -28.186          47.188  
C62                                                                  38333388.013   199612034.55907        15.622          46.125    38333386.065   162201154.95807        12.694          44.812    38333371.140   154352703.45309        12.080          53.750  
E03  25977769.459   136514464.61607      2401.551          43.438    25977771.302   101942733.33907      1793.366          46.000    25977769.620   110807277.13707      1949.311          46.938    25977767.131   104602097.07608      1840.150          47.375  
E07  25139488.666   132109304.61707     -2401.551          43.938    25139491.531    98653249.17707     -1793.366          45.250    25139488.373   107231656.23007     -1949.311          46.625    25139486.998   101226709.50808     -1840.150          47.000  
E08  23354975.281   122731685.03607        63.060          46.438    23354974.712    91650511.57608        47.090          49.188    23354974.456    99620073.03908        51.185          50.375    23354970.771    94041379.50108        48.319          50.875  
E13  23302191.404   122454005.77807      -399.383          45.625    23302196.276    91442944.94208      -298.240          48.938    23302194.539    99394503.78208      -324.174          49.938    23302192.082    93828410.87008      -306.020          50.938  
E15  25225532.001   132561240.25307      2017.934          42.375    25225538.804    98990672.66507      1506.899          45.250    25225538.970   107598536.68707      1637.933          46.500    25225534.729   101572946.75107      1546.209          46.688  
E26  25906067.095   136137348.89107     -2417.316          41.188    25906070.316   101661019.76007     -1805.139          44.250    25906070.513   110501090.40307     -1962.107          45.062    25906065.618   104313045.36707     -1852.229          45.500  
E32  24111612.758   126707576.41607      1287.484          44.562    24111618.058    94619347.05508       961.433          49.625    24111617.608   102847096.95208      1045.036          49.688    24111614.170    97087643.15808       986.514          51.188  
G05  20974946.325   110224096.53907      1297.994          44.938    20974948.079    85889321.53507      1011.424          46.062                                                                  
G11  23982507.596   126028864.75706      3389.498          40.562    23982508.034    98204555.15706      2641.167          37.750    23982512.090    94112710.17807      2531.119          44.188  
G13  19902391.380   104588150.14908       646.369          47.062    19902387.045    81497291.84607       503.664          43.125                                                                  
G15  20072782.207   105483299.85508     -1413.605          47.500    20072781.099    82195063.97107     -1101.510          46.438                                                                  
G18  22434412.105   117893719.75007     -2911.290          41.250    22434415.123    91865257.77407     -2268.537          43.188    22434416.295    88037543.78707     -2174.015          45.312  
G20  20281070.779   106577969.21507       446.678          46.375    20281070.767    83047847.88307       348.061          44.000    20281073.722    79587528.19809       333.558          54.875  
G21  22651360.100   119033669.40907      2364.766          41.750    22651359.519    92753506.29506      1842.675          38.250    22651363.768    88889414.89007      1765.897          46.375  
G23  24162065.902   126972592.93406     -2643.283          35.375    24162069.994    98939689.01506     -2059.701          39.625    24162075.569    94817207.67207     -1973.880          43.438  
G24  24526771.559   128889148.81406     -3915.001          36.500    24526773.524   100433206.30805     -3050.650          34.500    24526777.789    96248631.69607     -2923.540          41.812  
G29  22269413.265   117026576.56307      2170.330          44.125    22269413.261    91189580.25706      1691.166          39.438                                                                  
G30  23832410.440   125240109.03105      1234.933          33.250    23832406.018    97589796.34405       962.286          30.750    23832408.997    93523552.71806       922.191          37.000  
R01  22022915.419   117725312.59407     -2881.264          43.688                                                                  
R07  21283477.323   113932640.00408      3051.255          47.875    21283478.523    88614395.04007      2373.198          46.812  
R08  19499339.966   104418180.46407       117.809          46.375    19499341.898    81214342.58508        91.629          49.938  
R09  23881987.780   127528473.39006     -2402.975          37.062    23881992.263    99188856.34006     -1868.980          39.125  
R22  20653648.422   110250693.83208      3277.574          51.250    20653644.780    85750573.23207      2549.224          45.500  
R23  19243203.980   102938212.57908       320.960          49.625                                                                  
R24  22482900.719   120226139.50305     -3866.206          31.250    22482908.746    93509256.41206     -3007.049          35.250  
> 2026 03 22 12 33 22.0000000  0 50                     
C01                                                                  38229323.519   199070127.33007        -5.207          43.250    38229323.161   161760811.37807        -4.231          41.438                                                                  
C02                                                                  37936784.218   197546864.89406       -98.938          39.500    37936784.124   160523058.22106       -80.395          40.625                                                                  
C03                                                                  37179272.730   193602227.87707       -15.622          43.812    37179270.338   157317731.44207       -12.694          42.875                                                                  
C04                                                                  38981264.370   202985683.52306         5.207          39.688    38981261.147   164942541.72906         4.231          40.375                                                                  
C05                                                                  40158164.329   209114147.95406       -72.901          35.562    40158168.476   169922442.10706       -59.238          38.812                                                                  
C07                                                                  38757645.493   201821190.47006      1671.531          36.875    38757642.049   163996275.24507      1358.256          41.438                                                                  
C08                                                                  36681877.273   191012251.85507       -46.866          41.875    36681873.207   155213115.07707       -38.082          44.750                                                                  
C10                                                                  38273125.751   199298199.90006      1609.044          38.312    38273120.197   161946110.79807      1307.480          41.000                                                                  
C13                                                                  37081312.788   193092212.37307      -135.389          45.438    37081311.415   156903255.58107      -110.015          45.000                                                                  
C14                                                                  22878098.671   119132544.18408      1843.371          48.062    22878090.618    96805309.33608      1497.890          50.000                                                                  
C24  26184112.480   137598493.27805     -2322.726          33.250    26184117.089   136347597.89206     -2301.610          38.000    26184116.385   110793600.92907     -1870.247          41.125                                                                  
C26                                                                  26337431.302   137140324.98603      -822.747          18.000                                                                                                                                  
C27  23466514.857   123317429.17807     -1865.538          42.188    23466515.050   122196360.69907     -1848.578          44.625    23466516.934    99294562.19107     -1502.121          45.688                                                                  
C28  21960421.315   115402931.14807       599.074          45.750    21960427.334   114353814.25808       593.628          49.000    21960425.881    92921863.64708       482.371          49.500                                                                  
C33  22026205.673   115748709.34508       620.094          47.875    22026209.636   114696449.86008       614.457          49.750    22026218.393    93200306.01808       499.297          50.188                                                                  
C38  36193609.645   190199138.15207        31.530          44.938    36193608.619   188470058.66907        31.244          46.750    36193607.010   153147449.23708        25.388          48.812                                                                  
C39  40274074.160   211642056.73006     -1849.773          35.000    40274081.296   209717950.70406     -1832.957          40.188    40274083.867   170413155.82607     -1489.427          42.312                                                                  
C40  39362747.182   206852620.84606      1902.323          39.000    39362742.965   204972110.94906      1885.029          37.375    39362747.605   166556624.62207      1531.741          43.312                                                                  
C41  23456133.694   123263049.13407     -1755.182          44.062    23456131.065   122142487.93607     -1739.226          45.250    23456135.839    99250828.25408     -1413.263          49.375                                                                  
C42  25057077.705   131676396.23007      2601.243          41.938    25057081.221   130479422.67907      2577.595          43.500    25057089.393   106025346.32707      2094.507          46.438                                                                  
C43  24383358.232   128135508.66206      3242.357          40.125    24383360.974   126970619.85007      3212.881          43.688    24383359.318   103174046.88507      2610.729          43.375                                                                  
C59                                                                  37781592.815   196738672.34107       -52.073          44.688    37781581.070   159866348.25507       -42.313          45.312    37781578.018   152130871.09407       -40.266          46.500  
C60                                                                  38407705.391   199999034.87807       -52.073          45.312    38407685.976   162515613.35807       -42.313          44.875    38407684.798   154651962.34007       -40.266          45.562  
C61                                                                                                                                                                                                  37385583.271   150536267.92608       -28.186          47.438  
C62                                                                  38333391.012   199612050.23707        15.622          46.250    38333389.088   162201167.69007        12.694          44.625    38333374.144   154352715.57509        12.080          53.938  
E03  25978227.142   136516869.38907      2401.551          43.375    25978228.898   101944529.07907      1793.366          45.688    25978227.260   110809229.04407      1949.311          46.562    25978224.737   104603939.66308      1840.150          47.500  
E07  25139031.876   132106904.21007     -2401.551          43.812    25139034.785    98651456.67907     -1793.366          44.938    25139031.587   107229707.85307     -1949.311          46.188    25139030.196   101224870.24408     -1840.150          47.062  
E08  23354987.121   122731747.18707        63.060          46.500    23354986.543    91650558.00308        47.090          48.875    23354986.277    99620123.49908        51.185          49.938    23354982.595    94041427.13208        48.319          51.000  
E13  23302115.870   122453608.39407      -399.383          45.688    23302120.657    91442648.20508      -298.240          48.625    23302118.908    99394181.25008      -324.174          49.562    23302116.464    93828106.38708      -306.020          51.062  
E15  25225916.362   132563259.97307      2017.934          42.375    25225923.124    98992180.88107      1506.899          45.000    25225923.387   107600176.08607      1637.933          46.188    25225919.093   101574494.33107      1546.209          46.812  
E26  25905607.521   136134932.72107     -2417.316          41.188    25905610.535   101659215.47907     -1805.139          43.938    25905610.711   110499129.25407     -1962.107          44.688    25905605.878   104311194.02207     -1852.229          45.562  
E32  24111858.194   126708865.85307      1287.484          44.625    24111863.427    94620309.94508       961.433          49.312    24111862.977   102848143.56808      1045.036          49.312    24111859.578    97088631.16708       986.514          51.312  
G05  20975193.036   110225394.20707      1297.994          44.750    20975195.212    85890332.69707      1011.424          46.000                                                                  
G11  23983153.216   126032257.28106      3389.498          40.438    23983151.369    98207198.68406      2641.167          37.250    23983157.659    94115243.54807      2531.119          44.250  
G13  19902514.578   104588797.64308       646.369          47.000    19902510.219    81497796.38907       503.664          42.938                                                                  
G15  20072513.341   105481886.36208     -1413.605          47.562    20072511.476    82193962.54307     -1101.510          46.312                                                                  
G18  22433858.106   117890809.27107     -2911.290          41.000    22433861.529    91862989.88307     -2268.537          43.188    22433862.452    88035370.36407     -2174.015          45.375  
G20  20281156.291   106578419.40807       451.933          46.312    20281156.415    83048198.68607       352.155          44.000    20281159.400    79587864.39009       337.482          54.812  
G21  22651809.674   119036033.16307      2364.766          41.688    22651809.186    92755348.18106      1842.675          38.188    22651813.586    88891180.03807      1765.897          46.375  
G23  24161563.108   126969949.94806     -2643.283          35.750    24161567.686    98937629.54406     -2059.701          39.875    24161572.619    94815234.01207     -1973.880          43.375  
G24  24526026.420   128885234.31006     -3915.001          36.312    24526029.241   100430156.08805     -3050.650          34.688    24526032.819    96245708.56107     -2923.540          41.875  
G29  22269826.830   117028749.32707      2170.330          44.125    22269826.705    91191273.33506      1691.166          39.375                                                                  
G30  23832645.875   125241345.62405      1234.933          33.000    23832640.550    97590759.90205       962.286          30.375    23832644.156    93524476.07506       922.191          36.812  
R01  22022375.195   117722431.48407     -2881.264          43.062                                                                  
R07  21284047.665   113935692.43508      3051.255          47.938    21284048.484    88616769.17107      2373.198          46.625  
R08  19499362.214   104418298.22707       117.809          46.625    19499363.677    81214434.18508        91.629          49.812  
R09  23881539.113   127526073.93706     -2397.635          38.000    23881542.327    99186990.11306     -1864.827          38.625  
R22  20654262.661   110253973.01708      3277.574          51.375    20654259.478    85753123.70907      2549.224          45.375  
R23  19243264.393   102938535.24608       320.960          49.688                                                                  
R24  22482178.663   120222276.80105     -3860.859          31.125    22482187.224    93506252.06606     -3002.890          35.312  
> 2026 03 22 12 33 23.0000000  0 50                     
C01                                                                  38229322.485   199070122.20707        -5.207          43.062    38229322.195   161760807.20907        -4.231          41.312                                                                  
C02                                                                  37936765.580   197546767.73606       -98.938          39.438    37936765.496   160522979.27406       -80.395          40.375                                                                  
C03                                                                  37179269.528   193602211.06007       -15.622          43.688    37179267.097   157317717.74707       -12.694          42.625                                                                  
C04                                                                  38981265.149   202985687.96206         5.207          39.500    38981261.962   164942545.35306         4.231          40.250                                                                  
C05                                                                  40158151.207   209114079.05006       -67.695          35.562    40158155.178   169922386.11406       -55.007          38.562                                                                  
C07                                                                  38757966.169   201822861.52506      1671.531          36.625    38757963.005   163997633.10407      1358.256          41.250                                                                  
C08                                                                  36681868.029   191012204.33507       -46.866          41.625    36681864.081   155213076.43307       -38.082          44.562                                                                  
C10                                                                  38273434.940   199299810.67406      1609.044          38.062    38273429.489   161947419.65906      1307.480          40.875                                                                  
C13                                                                  37081286.607   193092076.13807      -135.389          45.188    37081285.211   156903144.85307      -110.015          44.750                                                                  
C14                                                                  22878453.443   119134391.15208      1848.578          47.750    22878445.303    96806810.13708      1502.121          49.812                                                                  
C24  26183670.500   137596172.82205     -2322.726          33.000    26183675.543   136345298.50606     -2301.610          37.812    26183674.921   110791732.52706     -1870.247          40.875                                                                  
C26                                                                  26337276.923   137138800.47703      -817.540          17.625                                                                                                                                  
C27  23466159.734   123315563.15607     -1865.538          42.188    23466159.974   122194511.63507     -1848.578          44.500    23466161.838    99293059.66407     -1502.121          45.500                                                                  
C28  21960535.816   115403533.01307       599.074          45.688    21960541.755   114354410.66108       593.628          48.750    21960540.388    92922348.25608       482.371          49.250                                                                  
C33  22026324.630   115749333.19708       625.349          47.875    22026328.065   114697068.03808       619.664          49.375    22026337.089    93200808.33308       503.528          49.938                                                                  
C38  36193616.117   190199172.72407        31.530          44.812    36193615.188   188470092.93807        31.244          46.625    36193613.571   153147477.05408        25.388          48.562                                                                  
C39  40273722.024   211640206.01806     -1849.773          35.125    40273729.122   209716116.84206     -1832.957          39.938    40273731.695   170411665.67107     -1489.427          42.000                                                                  
C40  39363109.689   206854525.80506      1902.323          39.000    39363105.492   204973998.54106      1885.029          37.312    39363110.054   166558158.43507      1531.741          43.188                                                                  
C41  23455800.062   123261296.09207     -1755.182          43.938    23455797.393   122140750.82307     -1739.226          45.000    23455802.251    99249416.70308     -1413.263          49.125                                                                  
C42  25057573.582   131679000.45007      2601.243          41.938    25057576.585   130482003.23507      2577.595          43.188    25057585.036   106027443.21307      2094.507          46.250                                                                  
C43  24383975.513   128138752.53706      3242.357          40.062    24383978.157   126973834.22907      3212.881          43.500    24383976.636   103176658.82107      2610.729          43.188                                                                  
C59                                                                  37781582.498   196738619.01307       -52.073          44.438    37781570.770   159866304.90807       -42.313          45.062    37781567.781   152130829.84007       -40.266          46.000  
C60                                                                  38407695.547   199998983.87907       -52.073          44.938    38407676.179   162515571.90907       -42.313          44.688    38407674.948   154651922.89207       -40.266          45.188  
C61                                                                                                                                                                                                  37385576.860   150536242.20108       -28.186          47.000  
C62                                                                  38333394.041   199612066.23007        15.622          46.000    38333392.146   162201180.67407        12.694          44.375    38333377.191   154352727.91209        12.080          53.500  
E03  25978684.875   136519274.61807      2406.806          43.375    25978686.561   101946325.18707      1797.290          45.438    25978685.024   110811181.34107      1953.576          46.562    25978682.395   104605782.61908      1844.176          47.375  
E07  25138575.136   132104504.37807     -2401.551          43.812    25138578.041    98649664.57707     -1793.366          44.688    25138574.961   107227759.93807     -1949.311          46.125    25138573.481   101223031.40407     -1840.150          46.875  
E08  23354999.122   122731810.07207        63.060          46.438    23354998.470    91650604.93808        47.090          48.625    23354998.089    99620174.53708        51.185          49.875    23354994.548    94041475.30308        48.319          50.812  
E13  23302040.552   122453211.66307      -399.383          45.750    23302045.122    91442351.91308      -298.240          48.438    23302043.419    99393859.20008      -324.174          49.500    23302040.955    93827802.36408      -306.020          50.938  
E15  25226300.890   132565280.26607      2017.934          42.312    25226307.472    98993689.53407      1506.899          44.688    25226307.846   107601815.90907      1637.933          46.062    25226303.526   101576042.32907      1546.209          46.688  
E26  25905147.922   136132516.96407     -2417.316          41.062    25905150.770   101657411.49207     -1805.139          43.688    25905150.968   110497168.39007     -1962.107          44.562    25905146.137   104309342.95807     -1852.229          45.375  
E32  24112103.824   126710155.93107      1287.484          44.688    24112108.875    94621273.29508       961.433          49.125    24112108.449   102849190.71408      1045.036          49.312    24112105.050    97089619.64908       986.514          51.188  
G05  20975439.863   110226692.44707      1297.994          44.625    20975442.300    85891344.30107      1011.424          45.750                                                                  
G11  23983798.724   126035650.33106      3394.753          40.250    23983794.230    98209842.63306      2645.262          36.625    23983803.329    94117777.29207      2535.043          44.000  
G13  19902637.861   104589446.10107       646.370          46.938    19902633.651    81498301.69507       503.665          42.938                                                                  
G15  20072244.604   105480473.72808     -1413.605          47.688    20072242.196    82192861.77207     -1101.510          46.000                                                                  
G18  22433304.253   117887899.35006     -2911.290          40.938    22433307.878    91860722.40207     -2268.537          43.000    22433308.679    88033197.36907     -2174.015          45.062  
G20  20281241.895   106578870.46207       451.933          46.312    20281242.201    83048550.16107       352.155          44.000    20281245.171    79588201.18609       337.482          54.562  
G21  22652259.320   119038397.37007      2364.766          41.562    22652259.090    92757190.44906      1842.675          38.062    22652263.452    88892945.48707      1765.897          46.125  
G23  24161060.582   126967307.28006     -2643.283          36.438    24161065.188    98935570.29906     -2059.701          39.812    24161069.749    94813260.57807     -1973.880          43.125  
G24  24525281.260   128881320.05006     -3915.001          36.250    24525284.673   100427106.01205     -3050.650          34.750    24525287.899    96242785.58107     -2923.540          41.562  
G29  22270240.612   117030922.91107      2170.330          44.375    22270239.760    91192966.99206      1691.166          39.062                                                                  
G30  23832881.384   125242582.96405      1234.934          33.062    23832875.495    97591723.96805       962.286          30.188    23832879.617    93525400.06506       922.191          36.688  
R01  22021835.820   117719551.03207     -2881.264          43.125                                                                  
R07  21284618.118   113938745.35308      3051.255          47.688    21284618.784    88619143.64107      2373.198          46.188  
R08  19499384.420   104418416.83507       117.809          46.438    19499385.323    81214526.41008        91.629          49.188  
R09  23881090.138   127523675.32806     -2397.635          38.312    23881092.851    99185124.49306     -1864.827          38.500  
R22  20654876.996   110257253.06708      3277.574          51.188    20654873.790    85755674.82307      2549.224          44.688  
R23  19243325.175   102938859.10208       320.960          49.812                                                                  
R24  22481455.252   120218414.69205     -3860.859          30.875    22481465.441    93503248.17505     -3002.890          34.625  
> 2026 03 22 12 33 24.0000000  0 50                     
C01                                                                  38229321.485   199070116.69307        -5.207          43.188    38229321.180   161760802.72307        -4.231          41.750                                                                  
C02                                                                  37936746.826   197546670.20006       -98.938          39.438    37936746.703   160522900.00506       -80.395          40.812                                                                  
C03                                                                  37179266.196   193602193.83807       -15.622          43.750    37179263.788   157317703.76907       -12.694          43.000                                                                  
C04                                                                  38981265.894   202985692.03906         5.207          39.562    38981262.750   164942548.65306         4.231          40.500                                                                  
C05                                                                  40158137.932   209114009.73106       -67.695          35.562    40158141.883   169922329.78006       -55.007          39.062                                                                  
C07                                                                  38758287.048   201824532.22006      1671.531          36.938    38758283.852   163998990.69807      1358.256          41.500                                                                  
C08                                                                  36681858.655   191012156.33007       -46.866          41.688    36681854.845   155213037.45807       -38.082          45.000                                                                  
C10                                                                  38273744.017   199301421.09806      1609.044          38.188    38273738.795   161948728.29807      1307.480          41.312                                                                  
C13                                                                  37081260.364   193091939.45907      -135.389          45.375    37081258.959   156903033.80807      -110.015          45.125                                                                  
C14                                                                  22878808.132   119136237.87608      1848.578          47.812    22878799.944    96808310.76708      1502.121          50.188                                                                  
C24  26183228.520   137593852.10905     -2322.726          32.938    26183233.840   136342998.90206     -2301.610          37.938    26183233.339   110789863.91107     -1870.247          41.250                                                                  
C26                                                                  26337123.361   137138800.47703      -812.333          17.438                                                                                                                                  
C27  23465804.656   123313697.16907     -1865.538          42.375    23465804.829   122192662.60307     -1848.578          44.500    23465806.717    99291557.19907     -1502.121          45.812                                                                  
C28  21960650.334   115404135.02907       599.074          45.750    21960656.273   114355007.18508       593.628          48.812    21960654.946    92922832.99708       482.372          49.625                                                                  
C33  22026443.584   115749956.92508       625.349          48.000    22026446.468   114697686.10308       619.664          49.375    22026455.773    93201310.56608       503.528          50.250                                                                  
C38  36193622.520   190199206.82207        31.530          45.000    36193621.613   188470126.74007        31.244          46.750    36193620.068   153147504.53008        25.388          49.000                                                                  
C39  40273369.974   211638354.88806     -1849.773          35.250    40273376.819   209714282.53306     -1832.957          39.938    40273379.403   170410175.16907     -1489.427          42.312                                                                  
C40  39363472.168   206856430.33606      1902.323          38.938    39363467.940   204975885.76606      1885.029          37.625    39363472.489   166559691.96607      1531.741          43.500                                                                  
C41  23455466.499   123259542.90907     -1755.182          44.062    23455463.775   122139013.56507     -1739.226          45.250    23455468.601    99248005.05108     -1413.263          49.500                                                                  
C42  25058069.332   131681604.28307      2601.243          42.250    25058071.843   130484583.39307      2577.595          43.250    25058080.539   106029539.81307      2094.507          46.625                                                                  
C43  24384592.910   128141996.15706      3242.357          39.875    24384595.420   126977048.37907      3212.881          43.812    24384593.874   103179270.59107      2610.729          43.562                                                                  
C59                                                                  37781572.206   196738565.27907       -52.073          44.625    37781560.458   159866261.25907       -42.313          45.438    37781557.481   152130788.31707       -40.266          46.438  
C60                                                                  38407685.722   199998932.49307       -52.073          45.125    38407666.334   162515530.15607       -42.313          44.938    38407665.084   154651883.18107       -40.266          45.625  
C61                                                                                                                                                                                                  37385570.424   150536216.20808       -28.186          47.375  
C62                                                                  38333397.060   199612081.78507        15.622          46.125    38333395.159   162201193.34207        12.694          44.812    38333380.203   154352739.98309        12.080          53.938  
E03  25979142.619   136521679.63507      2406.806          43.375    25979144.243   101948121.16507      1797.290          45.438    25979142.825   110813133.46607      1953.576          46.375    25979140.071   104607625.44808      1844.176          47.625  
E07  25138118.421   132102104.41007     -2401.551          43.812    25138121.364    98647872.42107     -1793.366          44.750    25138118.216   107225811.91507     -1949.311          45.938    25138116.833   101221192.48508     -1840.150          47.188  
E08  23355011.169   122731872.96907        63.060          46.500    23355010.475    91650651.93508        47.091          48.750    23355010.035    99620225.59108        51.185          49.750    23355006.550    94041523.51808        48.319          51.188  
E13  23301965.168   122452814.82307      -399.382          45.812    23301969.629    91442055.60108      -298.240          48.500    23301967.866    99393537.10608      -324.174          49.375    23301965.449    93827498.33008      -306.020          51.250  
E15  25226685.252   132567300.39607      2017.934          42.250    25226691.884    98995198.10607      1506.899          44.812    25226692.301   107603455.64707      1637.933          46.000    25226687.953   101577590.25208      1546.209          47.000  
E26  25904688.320   136130100.88707     -2417.316          41.125    25904691.039   101655607.30207     -1805.139          43.750    25904691.226   110495207.28907     -1962.107          44.438    25904686.399   104307491.70707     -1852.229          45.688  
E32  24112349.458   126711445.94607      1287.484          44.750    24112354.375    94622236.64408       961.433          49.125    24112353.859   102850237.81108      1045.036          49.125    24112350.542    97090608.12408       986.514          51.438  
G05  20975686.551   110227990.56807      1297.994          44.625    20975689.498    85892355.83007      1011.424          46.000                                                                  
G11  23984444.156   126039043.15406      3394.753          40.188    23984439.236    98212486.40406      2645.262          36.625    23984449.082    94120310.94407      2535.043          43.750  
G13  19902761.236   104590094.80608       646.370          47.125    19902757.088    81498807.15307       503.665          43.188                                                                  
G15  20071975.942   105479061.22108     -1413.604          48.000    20071973.273    82191761.14607     -1101.510          46.125                                                                  
G18  22432750.268   117884989.29207     -2911.290          41.000    22432754.298    91858454.84807     -2268.537          43.125    22432754.939    88031024.30007     -2174.015          44.812  
G20  20281327.606   106579321.62807       451.933          46.312    20281328.070    83048901.69207       352.156          44.125    20281331.045    79588538.11709       337.482          54.375  
G21  22652708.955   119040761.29807      2364.766          41.750    22652709.081    92759032.41606      1842.675          38.188    22652713.320    88894710.78907      1765.897          45.875  
G23  24160558.065   126964664.25106     -2643.283          36.750    24160563.014    98933510.81706     -2059.701          40.312    24160566.798    94811286.91407     -1973.880          42.812  
G24  24524535.969   128877405.35306     -3915.001          36.438    24524541.097   100424055.64606     -3050.650          35.125    24524542.856    96239862.32507     -2923.540          41.375  
G29  22270654.363   117033096.55707      2175.584          44.438    22270653.332    91194660.78006      1695.261          39.250                                                                  
G30  23833116.625   125243820.46905      1234.934          33.250    23833111.911    97592688.29205       962.286          30.312    23833115.149    93526324.21706       922.191          36.375  
R01  22021296.988   117716670.53107     -2881.264          43.250                                                                  
R07  21285188.461   113941798.02308      3051.255          47.750    21285189.043    88621517.95807      2373.198          46.812  
R08  19499406.755   104418535.53307       117.809          46.500    19499407.087    81214618.74508        91.629          49.625  
R09  23880640.850   127521276.73906     -2397.635          38.750    23880643.498    99183258.94406     -1864.827          39.000  
R22  20655491.918   110260533.26708      3277.574          51.812    20655488.256    85758226.11207      2549.224          45.125  
R23  19243386.055   102939183.42408       326.309          49.875                                                                  
R24  22480732.494   120214552.43005     -3860.859          30.438    22480742.388    93500244.28005     -3002.890          34.875  
> 2026 03 22 12 33 25.0000000  0 50                     
C01                                                                  38229320.414   199070111.15107        -5.207          43.125    38229320.066   161760798.21007        -4.231          41.938                                                                  
C02                                                                  37936728.122   197546572.59706       -98.938          39.500    37936727.939   160522820.72207       -80.395          41.250                                                                  
C03                                                                  37179262.882   193602176.58607       -15.622          43.812    37179260.520   157317689.76307       -12.694          43.375                                                                  
C04                                                                  38981266.663   202985696.06406         5.207          39.625    38981263.563   164942551.92606         4.231          40.812                                                                  
C05                                                                  40158124.634   209113940.40606       -67.695          35.562    40158128.585   169922273.45606       -55.007          39.250                                                                  
C07                                                                  38758607.866   201826202.91706      1671.531          36.938    38758604.704   164000348.27207      1358.256          41.938                                                                  
C08                                                                  36681849.209   191012108.31007       -46.866          41.688    36681845.656   155212998.42407       -38.082          45.375                                                                  
C10                                                                  38274053.029   199303031.54406      1609.044          38.062    38274048.104   161950036.90707      1307.480          41.625                                                                  
C13                                                                  37081234.074   193091802.70307      -135.389          45.438    37081232.710   156902922.68007      -110.015          45.438                                                                  
C14                                                                  22879162.803   119138084.73408      1848.578          47.688    22879154.627    96809811.49708      1502.121          50.500                                                                  
C24  26182786.718   137591531.53505     -2322.726          33.188    26182792.057   136340699.39306     -2301.610          37.812    26182791.793   110787995.37307     -1870.247          41.562                                                                  
C26                                                                  26336967.452   137137275.96702      -817.540          16.938                                                                                                                                  
C27  23465449.575   123311831.60907     -1865.538          42.500    23465449.756   122190814.00107     -1848.578          44.500    23465451.716    99290055.03707     -1502.121          46.250                                                                  
C28  21960764.898   115404737.54107       604.329          45.938    21960770.858   114355604.24708       598.835          48.812    21960769.600    92923318.15908       486.602          50.000                                                                  
C33  22026562.588   115750580.91308       625.349          48.125    22026564.894   114698304.41608       619.664          49.250    22026574.528    93201812.98508       503.528          50.625                                                                  
C38  36193628.894   190199240.88707        31.530          45.062    36193628.041   188470160.48107        31.244          46.750    36193626.559   153147531.95508        25.388          49.312                                                                  
C39  40273018.012   211636503.71906     -1849.773          35.625    40273024.438   209712448.20606     -1832.957          39.812    40273027.221   170408684.60607     -1489.427          42.688                                                                  
C40  39363834.536   206858334.87206      1902.323          39.125    39363830.728   204977772.99306      1885.029          37.750    39363834.910   166561225.51207      1531.741          43.875                                                                  
C41  23455132.965   123257789.95407     -1755.182          44.250    23455130.170   122137276.55407     -1739.225          45.312    23455135.040    99246593.57408     -1413.263          49.812                                                                  
C42  25058565.068   131684208.12907      2601.243          42.438    25058567.099   130487163.55607      2577.595          43.188    25058576.033   106031636.40407      2094.507          46.938                                                                  
C43  24385210.263   128145239.95606      3242.357          39.938    24385212.847   126980262.68107      3212.881          43.938    24385211.146   103181882.45407      2610.729          44.000                                                                  
C59                                                                  37781561.889   196738511.52907       -52.073          44.688    37781550.118   159866217.58607       -42.313          45.750    37781547.140   152130746.75607       -40.266          46.438  
C60                                                                  38407675.880   199998881.07807       -52.073          45.125    38407656.443   162515488.37707       -42.313          45.250    38407655.279   154651843.41607       -40.266          45.562  
C61                                                                                                                                                                                                  37385563.955   150536190.18608       -28.186          47.375  
C62                                                                  38333400.043   199612097.34107        15.622          46.250    38333398.134   162201205.96507        12.694          45.188    38333383.183   154352752.00209        12.080          53.938  
E03  25979600.377   136524084.82007      2406.806          43.562    25979601.945   101949917.22207      1797.290          45.500    25979600.528   110815085.71407      1953.576          46.812    25979597.799   104609468.37208      1844.176          47.625  
E07  25137661.723   132099704.69007     -2401.551          44.062    25137664.743    98646080.42107     -1793.366          44.812    25137661.489   107223864.09107     -1949.311          46.438    25137660.163   101219353.72908     -1840.150          47.188  
E08  23355023.244   122731936.24007        63.060          46.625    23355022.493    91650699.18008        47.091          48.750    23355022.061    99620276.95508        51.185          50.188    23355018.608    94041571.99808        48.319          51.125  
E13  23301889.853   122452418.27507      -399.382          46.000    23301894.159    91441759.47908      -298.240          48.500    23301892.341    99393215.24408      -324.174          49.750    23301890.009    93827194.47808      -306.020          51.250  
E15  25227069.735   132569320.77307      2017.934          42.375    25227076.360    98996706.81407      1506.899          44.875    25227076.706   107605095.56707      1637.933          46.375    25227072.443   101579138.33208      1546.209          47.000  
E26  25904228.716   136127684.85907     -2417.316          41.250    25904231.332   101653803.11407     -1805.139          43.750    25904231.457   110493246.22507     -1962.107          44.875    25904226.657   104305640.44607     -1852.229          45.688  
E32  24112595.114   126712736.28207      1287.484          44.875    24112599.924    94623200.20508       961.433          49.188    24112599.412   102851285.15208      1045.036          49.562    24112596.053    97091596.82108       986.514          51.438  
G05  20975933.287   110229288.89407      1297.994          44.500    20975936.801    85893367.51807      1011.424          46.125                                                                  
G11  23985089.732   126042436.19806      3394.753          40.250    23985085.356    98215130.30806      2645.262          36.812    23985094.737    94122844.68907      2535.043          43.750  
G13  19902884.653   104590744.13108       651.624          47.062    19902880.693    81499313.13507       507.759          43.250                                                                  
G15  20071707.406   105477649.22508     -1413.604          48.188    20071704.507    82190660.90007     -1101.510          46.250                                                                  
G18  22432196.454   117882079.49107     -2911.290          41.062    22432200.899    91856187.46907     -2268.537          43.312    22432201.254    88028851.39207     -2174.015          44.812  
G20  20281413.426   106579773.28707       451.933          46.312    20281414.008    83049253.65507       352.156          44.188    20281416.993    79588875.40009       337.482          54.375  
G21  22653158.584   119043125.32907      2364.766          41.688    22653158.864    92760874.53606      1842.675          38.250    22653163.178    88896476.12407      1765.897          45.875  
G23  24160055.261   126962021.18206     -2643.283          36.750    24160060.387    98931451.32206     -2059.701          40.500    24160063.881    94809313.21207     -1973.880          42.875  
G24  24523790.843   128873490.53106     -3915.001          36.375    24523796.975   100421005.20806     -3050.650          35.375    24523797.922    96236938.96807     -2923.540          41.375  
G29  22271068.074   117035270.68807      2175.584          44.500    22271067.400    91196354.89106      1695.261          39.438                                                                  
G30  23833351.891   125245058.47505      1240.188          33.188    23833347.312    97593653.00405       966.380          30.375    23833350.730    93527248.67106       926.114          36.375  
R01  22020757.683   117713790.36207     -2881.264          43.250                                                                  
R07  21285758.970   113944850.81208      3051.255          47.812    21285759.509    88623892.34608      2373.198          47.188  
R08  19499429.000   104418654.71407       117.809          46.562    19499428.745    81214711.44108        91.629          49.500  
R09  23880191.820   127518878.56106     -2397.635          38.375    23880195.077    99181393.68706     -1864.827          39.938  
R22  20656106.832   110263814.00808      3282.912          51.875    20656102.880    85760777.79507      2553.376          45.188  
R23  19243446.859   102939508.58608       326.309          49.875                                                                  
R24  22480008.656   120210690.48005     -3860.859          30.125    22480019.013    93497240.50805     -3002.890          34.625  
> 2026 03 22 12 33 26.0000000  0 50                     
C01                                                                  38229319.395   199070105.63707        -5.207          43.000    38229319.022   161760793.74007        -4.231          41.812                                                                  
C02                                                                  37936709.373   197546475.06306       -98.938          39.375    37936709.226   160522741.44107       -80.395          41.062                                                                  
C03                                                                  37179259.580   193602159.38807       -15.622          43.688    37179257.224   157317675.77607       -12.694          43.375                                                                  
C04                                                                  38981267.457   202985700.14306         5.207          39.438    38981264.364   164942555.23606         4.231          40.812                                                                  
C05                                                                  40158111.338   209113871.08006       -72.901          35.375    40158115.292   169922217.11806       -59.238          39.250                                                                  
C07                                                                  38758928.968   201827873.64906      1671.531          36.938    38758925.520   164001705.86707      1358.256          41.812                                                                  
C08                                                                  36681839.776   191012060.22007       -46.866          41.500    36681836.430   155212959.36007       -38.082          45.188                                                                  
C10                                                                  38274362.154   199304642.10006      1609.044          38.000    38274357.357   161951345.60807      1307.480          41.500                                                                  
C13                                                                  37081207.794   193091665.94207      -135.389          45.250    37081206.452   156902811.54507      -110.015          45.375                                                                  
C14                                                                  22879517.458   119139931.81008      1848.578          47.562    22879509.341    96811312.38708      1502.121          50.438                                                                  
C24  26182345.046   137589211.13105     -2322.726          33.062    26182350.314   136338400.08106     -2301.610          37.562    26182350.386   110786126.97807     -1870.247          41.500                                                                  
C26                                                                  26336808.224   137137275.96702      -817.540          16.938                                                                                                                                  
C27  23465094.586   123309966.50507     -1865.538          42.375    23465094.736   122188965.86707     -1848.578          44.438    23465096.784    99288553.26807     -1502.121          46.125                                                                  
C28  21960879.634   115405340.67507       604.329          45.812    21960885.617   114356201.88308       598.835          48.750    21960884.356    92923803.77508       486.603          49.875                                                                  
C33  22026681.578   115751205.20608       625.349          47.938    22026683.343   114698923.03708       619.664          48.938    22026693.306    93202315.65708       503.528          50.562                                                                  
C38  36193635.261   190199274.93907        31.530          44.812    36193634.475   188470194.21707        31.244          46.562    36193633.042   153147559.36408        25.388          49.250                                                                  
C39  40272666.174   211634652.48706     -1849.773          35.500    40272672.057   209710613.82806     -1832.957          39.562    40272674.928   170407194.05507     -1489.427          42.625                                                                  
C40  39364196.994   206860239.46206      1902.323          38.875    39364193.499   204979660.28506      1885.029          37.688    39364197.333   166562759.09807      1531.741          43.812                                                                  
C41  23454799.431   123256037.28407     -1755.182          44.000    23454796.699   122135539.82507     -1739.225          45.250    23454801.527    99245182.34008     -1413.263          49.750                                                                  
C42  25059060.815   131686812.00407      2601.243          42.375    25059062.410   130489743.77107      2577.595          43.000    25059071.524   106033733.02807      2094.507          46.875                                                                  
C43  24385827.428   128148483.93506      3242.357          39.625    24385830.248   126983477.18107      3212.881          43.938    24385828.501   103184494.48907      2610.729          43.875                                                                  
C59                                                                  37781551.598   196738457.81107       -52.073          44.438    37781539.828   159866173.92507       -42.313          45.750    37781536.843   152130705.21207       -40.266          46.562  
C60                                                                  38407666.056   199998829.68807       -52.073          45.000    38407646.596   162515446.62007       -42.313          45.312    38407645.403   154651803.67907       -40.266          45.750  
C61                                                                                                                                                                                                  37385557.489   150536164.16408       -28.186          47.562  
C62                                                                  38333403.072   199612112.91707        15.622          46.000    38333401.132   162201218.63407        12.694          45.000    38333386.178   154352764.04309        12.080          54.125  
E03  25980058.160   136526490.18907      2406.806          43.438    25980059.728   101951713.44407      1797.290          45.688    25980058.299   110817038.12407      1953.576          46.812    25980055.553   104611311.44608      1844.176          47.812  
E07  25137205.116   132097305.26407     -2401.551          43.938    25137208.146    98644288.62707     -1793.366          45.000    25137204.974   107221916.50507     -1949.311          46.438    25137203.554   101217515.20508     -1840.150          47.312  
E08  23355035.417   122731999.97707        63.060          46.500    23355034.604    91650746.76008        47.091          48.875    23355034.171    99620328.67608        51.185          50.250    23355030.754    94041620.82508        48.319          51.250  
E13  23301814.617   122452022.08607      -399.382          45.938    23301818.772    91441463.61808      -298.240          48.688    23301816.924    99392893.64608      -324.174          49.812    23301814.595    93826890.90508      -306.020          51.375  
E15  25227454.264   132571341.44407      2017.934          42.188    25227460.904    98998215.75607      1506.899          45.000    25227461.239   107606735.71207      1637.933          46.438    25227456.958   101580686.62808      1546.209          47.188  
E26  25903769.062   136125268.91307     -2417.316          41.125    25903771.597   101651999.02007     -1805.139          44.000    25903771.854   110491285.25207     -1962.107          44.938    25903766.916   104303789.30007     -1852.229          45.875  
E32  24112840.875   126714026.98307      1287.484          44.750    24112845.524    94624164.03308       961.433          49.375    24112844.950   102852332.78608      1045.036          49.625    24112841.685    97092585.78908       986.514          51.562  
G05  20976180.185   110230587.54407      1297.994          44.375    20976183.984    85894379.42807      1011.424          46.250                                                                  
G11  23985735.606   126045829.47706      3394.753          40.438    23985731.636    98217774.41306      2645.262          37.062    23985740.395    94125378.59807      2535.043          43.750  
G13  19903008.249   104591394.13808       651.624          47.125    19903004.395    81499819.62607       507.759          43.062                                                                  
G15  20071438.999   105476237.81308     -1413.604          48.250    20071435.775    82189561.07607     -1101.510          46.250                                                                  
G18  22431642.650   117879169.98307     -2911.290          41.062    22431647.254    91853920.31207     -2268.537          43.312    22431647.546    88026678.70407     -2174.015          44.750  
G20  20281499.328   106580225.52607       451.933          46.312    20281500.079    83049606.02707       352.156          44.188    20281503.058    79589213.09309       337.482          54.312  
G21  22653608.340   119045489.49407      2364.766          41.625    22653608.854    92762716.74106      1842.675          38.250    22653613.053    88898241.57707      1765.897          45.875  
G23  24159552.416   126959378.23606     -2643.283          36.438    24159558.183    98929391.82106     -2059.701          40.812    24159560.957    94807339.54607     -1973.880          42.812  
G24  24523045.533   128869575.73406     -3915.001          36.250    24523052.036   100417954.71806     -3050.651          35.438    24523052.962    96234015.60907     -2923.540          41.312  
G29  22271482.002   117037445.30507      2175.585          44.562    22271481.446    91198049.38606      1695.261          39.500                                                                  
G30  23833587.321   125246297.07305      1240.188          33.312    23833581.632    97594618.12605       966.380          30.500    23833586.345    93528173.62006       926.115          36.438  
R01  22020218.544   117710910.58407     -2881.264          43.438                                                                  
R07  21286329.415   113947903.78508      3051.255          48.000    21286329.783    88626266.87008      2373.198          47.000  
R08  19499451.391   104418774.46007       117.809          46.625    19499450.650    81214804.57108        91.629          48.938  
R09  23879743.173   127516480.89106     -2397.635          38.625    23879746.333    99179528.85006     -1864.827          39.500  
R22  20656721.725   110267095.34408      3282.912          51.938    20656717.424    85763329.94107      2553.376          44.875  
R23  19243507.747   102939834.64208       326.309          49.750                                                                  
R24  22479284.742   120206828.87205     -3860.859          29.812    22479296.225    93494237.00505     -3002.890          34.562  
> 2026 03 22 12 33 27.0000000  0 50                     
C01                                                                  38229318.313   199070100.20707        -5.207          42.875    38229317.921   161760789.29607        -4.231          42.062                                                                  
C02                                                                  37936690.645   197546377.59406       -98.938          39.250    37936690.495   160522662.23007       -80.395          41.312                                                                  
C03                                                                  37179256.309   193602142.25407       -15.622          43.500    37179253.925   157317661.83607       -12.694          43.500                                                                  
C04                                                                  38981268.226   202985704.26706         5.207          39.312    38981265.191   164942558.60106         4.231          40.938                                                                  
C05                                                                  40158098.096   209113801.82506       -67.695          35.250    40158101.995   169922160.83506       -55.007          39.375                                                                  
C07                                                                  38759250.001   201829544.44406      1671.531          36.750    38759246.392   164003063.52107      1358.256          42.000                                                                  
C08                                                                  36681830.339   191012012.19107       -46.866          41.250    36681827.203   155212920.29407       -38.082          45.375                                                                  
C10                                                                  38274671.379   199306252.80606      1609.044          37.938    38274666.682   161952654.40607      1307.480          41.750                                                                  
C13                                                                  37081181.594   193091529.21507      -135.389          45.062    37081180.204   156902700.43107      -110.015          45.562                                                                  
C14                                                                  22879872.177   119141779.12608      1848.578          47.375    22879864.103    96812813.46108      1502.121          50.625                                                                  
C24  26181903.421   137586890.91405     -2322.725          32.750    26181908.672   136336100.95906     -2301.610          37.562    26181908.970   110784258.76907     -1870.246          41.750                                                                  
C26                                                                  26336650.573   137135751.45702      -817.540          16.938                                                                                                                                  
C27  23464739.732   123308101.93507     -1865.538          42.375    23464739.820   122187118.22207     -1848.578          44.188    23464741.973    99287051.90807     -1502.121          46.250                                                                  
C28  21960994.456   115405944.42107       604.329          45.750    21961000.433   114356800.14008       598.835          48.562    21960999.251    92924289.89508       486.603          50.062                                                                  
C33  22026800.654   115751829.86608       625.349          48.000    22026801.808   114699542.01708       619.664          48.625    22026812.159    93202818.61308       503.528          50.688                                                                  
C38  36193641.631   190199309.01307        31.530          44.875    36193640.869   188470227.99007        31.244          46.375    36193639.520   153147586.78208        25.388          49.438                                                                  
C39  40272314.564   211632801.39706     -1849.773          35.562    40272319.584   209708779.54806     -1832.957          39.250    40272322.695   170405703.52507     -1489.427          42.750                                                                  
C40  39364559.329   206862144.17206      1902.323          38.812    39364556.184   204981547.69406      1885.029          37.438    39364559.803   166564292.72407      1531.741          44.000                                                                  
C41  23454465.960   123254284.96807     -1755.182          43.875    23454463.361   122133803.41507     -1739.225          45.125    23454468.083    99243771.35108     -1413.263          49.938                                                                  
C42  25059556.555   131689415.98807      2601.243          42.500    25059557.693   130492324.08107      2577.595          42.812    25059567.040   106035829.73008      2094.507          47.000                                                                  
C43  24386444.664   128151728.18406      3242.357          39.688    24386447.647   126986691.91107      3212.881          43.750    24386445.812   103187106.72307      2610.729          44.000                                                                  
C59                                                                  37781541.283   196738404.18207       -52.073          44.250    37781529.530   159866130.33007       -42.313          45.875    37781526.540   152130663.72307       -40.266          46.438  
C60                                                                  38407656.290   199998778.37407       -52.073          44.938    38407636.736   162515404.92007       -42.313          45.438    38407635.511   154651764.00007       -40.266          45.500  
C61                                                                                                                                                                                                  37385551.010   150536138.22008       -28.186          47.312  
C62                                                                  38333406.070   199612128.57707        15.622          45.938    38333404.124   162201231.32807        12.694          45.250    38333389.203   154352776.13609        12.080          53.875  
E03  25980516.034   136528895.81607      2406.806          43.562    25980517.507   101953509.84207      1797.290          45.688    25980516.099   110818990.74408      1953.576          47.375    25980513.334   104613154.70508      1844.176          47.688  
E07  25136748.634   132094906.15007     -2401.551          43.938    25136751.602    98642497.08807     -1793.366          45.062    25136748.483   107219969.16008     -1949.311          47.000    25136747.004   101215676.93108     -1840.149          47.250  
E08  23355047.681   122732064.18007        63.060          46.500    23355046.799    91650794.70508        47.091          49.000    23355046.366    99620380.78808        51.185          50.750    23355042.959    94041670.00908        48.319          51.188  
E13  23301739.433   122451626.29307      -394.128          46.000    23301743.456    91441168.04808      -294.316          48.750    23301741.494    99392572.37108      -319.909          50.375    23301739.266    93826587.61008      -301.994          51.250  
E15  25227838.831   132573362.45007      2017.934          42.188    25227845.503    98999724.93107      1506.899          45.062    25227845.837   107608376.11507      1637.933          46.938    25227841.519   101582235.17908      1546.209          47.062  
E26  25903309.528   136122853.16007     -2417.316          41.188    25903311.874   101650195.03207     -1805.139          44.062    25903312.102   110489324.39407     -1962.107          45.438    25903307.218   104301938.24507     -1852.229          45.750  
E32  24113086.669   126715318.09307      1292.739          44.812    24113091.199    94625128.16308       965.357          49.438    24113090.621   102853380.76208      1049.301          50.188    24113087.376    97093575.07808       990.540          51.500  
G05  20976427.178   110231886.52307      1297.994          44.312    20976431.192    85895391.60307      1011.424          46.312                                                                  
G11  23986381.431   126049222.99606      3394.753          40.625    23986378.152    98220418.71106      2645.262          37.312    23986386.138    94127912.74207      2535.043          43.875  
G13  19903131.982   104592044.87008       651.624          47.000    19903128.200    81500326.68907       507.759          43.062                                                                  
G15  20071170.738   105474827.02108     -1413.604          48.312    20071166.916    82188461.76107     -1101.510          46.250                                                                  
G18  22431088.870   117876260.81706     -2911.289          40.875    22431093.388    91851653.42107     -2268.537          43.438    22431093.963    88024506.26207     -2174.015          44.812  
G20  20281585.363   106580678.36307       451.933          46.062    20281586.250    83049958.87607       352.156          43.938    20281589.226    79589551.23909       337.482          54.375  
G21  22654058.036   119047853.88907      2364.766          41.250    22654058.778    92764559.10806      1842.675          38.125    22654062.984    88900007.17907      1765.897          45.938  
G23  24159049.529   126956735.28906     -2643.283          36.500    24159056.273    98927332.45507     -2059.701          41.062    24159057.959    94805365.97707     -1973.880          42.812  
G24  24522300.124   128865660.98306     -3915.001          35.688    24522307.053   100414904.25606     -3050.651          35.500    24522308.006    96231092.26007     -2923.540          41.438  
G29  22271895.938   117039620.48407      2175.585          44.375    22271894.872    91199744.34306      1695.261          39.500                                                                  
G30  23833823.410   125247536.27505      1240.188          33.125    23833818.078    97595583.73405       966.380          30.688    23833822.306    93529098.94706       926.115          36.375  
R01  22019680.000   117708031.27907     -2881.264          43.750                                                                  
R07  21286899.955   113950956.97808      3051.255          48.125    21286900.255    88628641.55607      2373.198          46.938  
R08  19499473.935   104418894.84207       117.809          46.750    19499472.768    81214898.19208        91.629          48.875  
R09  23879294.199   127514083.72806     -2397.635          38.562    23879297.596    99177664.37706     -1864.827          39.312  
R22  20657336.741   110270377.31308      3282.912          51.688    20657331.933    85765882.57207      2553.376          44.688  
R23  19243568.941   102940161.65508       326.309          49.625                                                                  
R24  22478560.497   120202967.54305     -3860.859          29.375    22478574.150    93491233.79705     -3002.890          34.750  
> 2026 03 22 12 33 28.0000000  0 50                     
C01                                                                  38229317.178   199070094.63307        -5.207          42.500    38229316.838   161760784.79907        -4.231          42.000                                                                  
C02                                                                  37936671.894   197546279.97906       -98.938          38.938    37936671.724   160522582.92307       -80.395          41.250                                                                  
C03                                                                  37179253.025   193602124.98607       -15.622          43.250    37179250.596   157317647.81307       -12.694          43.500                                                                  
C04                                                                  38981269.081   202985708.30506         5.207          38.875    38981265.922   164942561.86506         4.231          40.938                                                                  
C05                                                                  40158084.706   209113732.47005       -67.695          34.875    40158088.636   169922104.46706       -55.007          39.312                                                                  
C07                                                                  38759571.011   201831215.16106      1671.531          36.812    38759567.202   164004421.09907      1358.256          41.938                                                                  
C08                                                                  36681820.985   191011963.96206       -46.866          40.875    36681817.926   155212881.13107       -38.082          45.375                                                                  
C10                                                                  38274980.686   199307863.40406      1609.044          37.562    38274976.002   161953963.13907      1307.480          41.688                                                                  
C13                                                                  37081155.310   193091392.29907      -135.389          44.812    37081153.903   156902589.18707      -110.015          45.562                                                                  
C14                                                                  22880226.812   119143626.45308      1848.578          47.000    22880218.864    96814314.58408      1502.121          50.625                                                                  
C24  26181461.928   137584570.75805     -2322.725          32.250    26181467.181   136333801.83306     -2301.610          37.438    26181467.578   110782390.56707     -1870.246          41.750                                                                  
C26                                                                  26336495.840   137134226.94703      -812.333          17.188                                                                                                                                  
C27  23464384.972   123306237.65507     -1865.538          42.062    23464384.970   122185270.88607     -1848.578          43.938    23464387.218    99285550.80307     -1502.121          46.250                                                                  
C28  21961109.367   115406548.57207       604.329          45.438    21961115.402   114357398.80108       598.835          48.250    21961114.232    92924776.36008       486.603          50.000                                                                  
C33  22026919.676   115752454.64708       625.349          47.625    22026920.277   114700161.12408       619.664          48.188    22026931.040    93203321.70108       503.528          50.688                                                                  
C38  36193647.930   190199342.90307        31.530          44.500    36193647.242   188470261.58007        31.244          46.125    36193645.963   153147614.08508        25.388          49.375                                                                  
C39  40271962.724   211630950.09806     -1849.773          35.375    40271967.112   209706945.04506     -1832.957          38.938    40271970.385   170404212.89407     -1489.427          42.812                                                                  
C40  39364921.610   206864048.75106      1902.323          38.500    39364918.899   204983434.92806      1885.029          37.250    39364922.213   166565826.30007      1531.741          43.938                                                                  
C41  23454132.519   123252532.73707     -1755.182          43.438    23454130.043   122132067.12107     -1739.225          44.938    23454134.636    99242360.48908     -1413.263          49.875                                                                  
C42  25060052.259   131692019.85807      2601.243          42.250    25060052.980   130494904.30007      2577.595          42.375    25060062.528   106037926.35508      2094.507          47.062                                                                  
C43  24387061.981   128154972.45406      3242.357          39.312    24387065.018   126989906.69307      3212.881          43.250    24387063.154   103189718.99107      2610.729          44.125                                                                  
C59                                                                  37781530.985   196738350.40607       -52.073          44.000    37781519.190   159866086.64507       -42.313          45.812    37781516.188   152130622.14407       -40.266          46.438  
C60                                                                  38407646.514   199998726.93507       -52.073          44.625    38407626.840   162515363.13107       -42.313          45.438    38407625.610   154651724.21507       -40.266          45.625  
C61                                                                                                                                                                                                  37385544.560   150536112.17308       -28.186          47.375  
C62                                                                  38333409.090   199612144.08707        15.622          45.750    38333407.126   162201243.93507        12.694          45.188    38333392.189   154352788.13609        12.080          53.938  
E03  25980973.904   136531301.51807      2406.806          43.438    25980975.299   101955306.30207      1797.290          45.750    25980973.919   110820943.41208      1953.576          47.500    25980971.136   104614998.03108      1844.176          47.688  
E07  25136292.198   132092507.18907     -2401.551          43.688    25136295.102    98640705.64807     -1793.366          45.062    25136291.959   107218021.96808     -1949.311          47.125    25136290.524   101213838.75808     -1840.149          47.250  
E08  23355060.049   122732128.67407        63.061          46.312    23355059.031    91650842.86908        47.091          49.000    23355058.646    99620433.13908        51.185          50.938    23355055.240    94041719.43608        48.319          51.188  
E13  23301664.372   122451230.68707      -394.128          45.812    23301668.176    91440872.61908      -294.316          48.812    23301666.146    99392251.25708      -319.909          50.500    23301663.990    93826284.47908      -301.994          51.250  
E15  25228223.392   132575383.57107      2017.934          41.938    25228230.120    99001234.21307      1506.899          45.062    25228230.523   107610016.63308      1637.933          47.062    25228226.128   101583783.83708      1546.209          47.000  
E26  25902849.972   136120437.36107     -2417.316          41.000    25902852.131   101648391.01407     -1805.139          44.062    25902852.405   110487363.50507     -1962.107          45.625    25902847.513   104300087.16807     -1852.229          45.750  
E32  24113332.532   126716609.41107      1292.739          44.625    24113336.961    94626092.45508       965.357          49.500    24113336.309   102854428.90608      1049.301          50.312    24113333.123    97094564.52308       990.540          51.500  
G05  20976674.340   110233185.64307      1297.994          44.188    20976678.465    85896403.90707      1011.424          46.125                                                                  
G11  23987027.148   126052616.61306      3394.753          40.500    23987024.468    98223063.08806      2645.262          37.250    23987031.858    94130446.91407      2535.043          43.938  
G13  19903255.857   104592696.12307       651.624          46.688    19903252.087    81500834.16707       507.759          42.875                                                                  
G15  20070902.578   105473416.63808     -1408.350          48.250    20070898.172    82187362.75707     -1097.415          46.000                                                                  
G18  22430535.101   117873351.76506     -2911.289          40.688    22430539.834    91849386.64007     -2268.537          43.188    22430540.396    88022333.93007     -2174.015          44.938  
G20  20281671.479   106581131.58307       451.933          45.812    20281672.527    83050312.04607       352.156          43.625    20281675.477    79589889.68609       337.483          54.438  
G21  22654507.709   119050218.24306      2364.766          40.875    22654508.704    92766401.47706      1842.675          38.125    22654512.878    88901772.78107      1765.897          46.000  
G23  24158546.881   126954092.35506     -2643.283          36.500    24158554.040    98925272.99307     -2059.701          41.000    24158554.958    94803392.31207     -1973.880          42.875  
G24  24521554.755   128861746.01606     -3915.001          35.375    24521561.474   100411853.67006     -3050.651          35.188    24521563.057    96228168.78207     -2923.540          41.438  
G29  22272309.813   117041796.00507      2175.585          44.062    22272308.572    91201439.53606      1695.261          39.250                                                                  
G30  23834059.400   125248775.88405      1240.188          33.062    23834053.537    97596549.64505       966.380          30.562    23834058.172    93530024.66906       926.115          36.438  
R01  22019141.714   117705152.17007     -2881.264          43.625                                                                  
R07  21287470.594   113954010.20708      3051.255          47.875    21287470.624    88631016.29308      2373.198          47.000  
R08  19499496.835   104419015.62307       117.809          46.500    19499495.128    81214992.13908        91.629          48.812  
R09  23878845.802   127511686.93506     -2397.635          38.375    23878848.672    99175800.19206     -1864.827          38.875  
R22  20657951.538   110273659.70008      3282.912          51.125    20657946.566    85768435.53607      2553.376          44.688  
R23  19243630.221   102940489.38808       326.309          49.375                                                                  
R24  22477837.796   120192105.10304     -3860.859          28.938    22477851.438    93488230.76805     -3002.890          34.875  
